company,location,total_laid_off,date,year,percentage_laid_off,severity_tier,severity_score_ln,industry,stage,funds_raised,country
Gopro,SF Bay Area,145,2026-04,2026,0.23,3 - High,1.15,Consumer,Post-IPO,288,United States
Pendo,Raleigh,90,2026-04,2026,0.1,2 - Medium,0.45,Product,Series F,469,United States
Bolt,SF Bay Area,,2026-04,2026,0.33,3 - High,,Finance,Series E,1300,United States
Neuropixel.Ai,"Bengaluru, Non-U.S.",,2026-04,2026,1,4 - Critical,,Retail,Seed,1,India
Vimeo,New York City,,2026-04,2026,,Unknown,,Consumer,Post-IPO,450,United States
Meta,SF Bay Area,200,2026-04,2026,,2 - Medium,,Consumer,Post-IPO,26000,United States
Sonos,Santa Barbara,,2026-04,2026,,Unknown,,Consumer,Post-IPO,455.2,United States
Oracle,SF Bay Area,30000,2026-03,2026,,4 - Critical,,Other,Post-IPO,,United States
Monzo,"London, Non-U.S.",50,2026-03,2026,,1 - Low,,Finance,Series F,324,United Kingdom
Covrzy,"Bengaluru, Non-U.S.",,2026-03,2026,1,4 - Critical,,Finance,Seed,,India
Rec Room,Seattle,,2026-03,2026,1,4 - Critical,,Consumer,Series F,294,United States
Yupp,SF Bay Area,,2026-03,2026,1,4 - Critical,,AI,Seed,33,United States
Enpal,"Berlin, Non-U.S.",100,2026-03,2026,,2 - Medium,,Energy,Series E,3500,Germany
Monte Carlo,SF Bay Area,,2026-03,2026,0.3,3 - High,,Data,Series D,236,United States
Epic Games,Raleigh,1000,2026-03,2026,,4 - Critical,,Consumer,Unknown,6400,United States
Zendesk,SF Bay Area,100,2026-03,2026,,2 - Medium,,Support,Acquired,85,United States
Opentext,"Waterloo, Non-U.S.",,2026-03,2026,,Unknown,,Data,Post-IPO,1100,Canada
Spotify,"Stockholm, Non-U.S.",15,2026-03,2026,,1 - Low,,Media,Post-IPO,2100,Sweden
Gemini,New York City,,2026-03,2026,0.3,3 - High,,Crypto,Unknown,423,United States
Crypto.Com,"Singapore, Non-U.S.",,2026-03,2026,0.12,2 - Medium,,Crypto,Unknown,,Singapore
Snowflake,SF Bay Area,,2026-03,2026,,Unknown,,Data,Post-IPO,2900,United States
Franshares,Chicago,,2026-03,2026,1,4 - Critical,,Finance,Seed,6,United States
Stone,"Sao Paulo, Non-U.S.",400,2026-03,2026,0.03,2 - Medium,0.18,Finance,Post-IPO,521,Brazil
Digg,New York City,,2026-03,2026,,Unknown,,Consumer,Acquired,49,United States
Atlassian,"Sydney, Non-U.S.",1600,2026-03,2026,0.1,4 - Critical,0.74,Other,Post-IPO,210,Australia
Investcloud,Los Angeles,150,2026-03,2026,,2 - Medium,,Finance,Private Equity,54,United States
Flipkart,"Bengaluru, Non-U.S.",500,2026-03,2026,,3 - High,,Retail,Acquired,12900,India
Ssense,"Montreal, Non-U.S.",215,2026-03,2026,,2 - Medium,,Retail,Series A,,Canada
Supernal,Los Angeles,296,2026-03,2026,0.8,4 - Critical,4.55,Transportation,Unknown,,United States
Envato,"Melbourne, Non-U.S.",200,2026-03,2026,0.3,3 - High,1.59,Marketing,Unknown,,Australia
Amazon,Seattle,100,2026-03,2026,,2 - Medium,,Retail,Post-IPO,8100,United States
At-Bay,"Tel Aviv, Non-U.S.",25,2026-03,2026,,1 - Low,,Security,Unknown,296,United States
Microvision,Seattle,49,2026-03,2026,,1 - Low,,Other,Post-IPO,415,United States
Verint Systems,New York City,,2026-03,2026,,Unknown,,Security,Acquired,213,United States
Zap Africa,"Lagos, Non-U.S.",,2026-02,2026,0.44,3 - High,,Finance,Seed,,Nigeria
Block,SF Bay Area,4000,2026-02,2026,0.4,4 - Critical,3.32,Finance,Post-IPO,150,United States
Ocado,"London, Non-U.S.",1000,2026-02,2026,0.05,4 - Critical,0.35,Food,Post-IPO,2000,United Kingdom
Ebay,SF Bay Area,800,2026-02,2026,0.06,3 - High,0.40,Retail,Post-IPO,1200,Israel
C3.Ai,SF Bay Area,280,2026-02,2026,0.26,3 - High,1.47,AI,Series F,228,United States
Deliveroo,"London, Non-U.S.",187,2026-02,2026,,2 - Medium,,Food,Post-IPO,1700,United Kingdom
Wisetech,"Sydney, Non-U.S.",2000,2026-02,2026,0.3,4 - Critical,2.28,Logistics,Post-IPO,3000,Australia
Truecar,Los Angeles,100,2026-02,2026,0.3,3 - High,1.38,Transportation,Post-IPO,340,United States
Draftkings,Boston,,2026-02,2026,,Unknown,,Consumer,Post-IPO,719,United States
Livspace,"Bengaluru, Non-U.S.",1000,2026-02,2026,0.12,4 - Critical,0.83,Consumer,Series F,482,India
Lucid Motors,SF Bay Area,,2026-02,2026,0.12,2 - Medium,,Transportation,Post-IPO,8300,United States
Codecademy,New York City,,2026-02,2026,,Unknown,,Education,Acquired,87,United States
Cyberark,Boston,500,2026-02,2026,0.12,3 - High,0.75,Security,Acquired,1700,United States
Huawei,"Tel Aviv, Non-U.S.",50,2026-02,2026,,1 - Low,,Hardware,Unknown,,Israel
Axonius,New York City,40,2026-02,2026,0.04,1 - Low,0.15,Security,Series E,865,United States
Firebolt,"Tel Aviv, Non-U.S.",,2026-02,2026,,Unknown,,Data,Series C,264,Israel
Clari,SF Bay Area,76,2026-02,2026,,1 - Low,,Sales,Acquired,496,United States
Glossier,New York City,50,2026-02,2026,0.33,3 - High,1.30,Retail,Series E,266,United States
Dayforce,"Toronto, Non-U.S.",,2026-02,2026,0.05,1 - Low,,HR,Post-IPO,40,Canada
Fi.Money,"Bengaluru, Non-U.S.",,2026-02,2026,0.4,3 - High,,Finance,Series C,,India
Salesforce,SF Bay Area,,2026-02,2026,,Unknown,,Sales,Post-IPO,65,United States
Workday,SF Bay Area,400,2026-02,2026,0.02,2 - Medium,0.12,HR,Post-IPO,230,United States
Rewire,"Tel Aviv, Non-U.S.",110,2026-02,2026,,2 - Medium,,Finance,Acquired,57,Israel
Smartsheet,Seattle,,2026-02,2026,,Unknown,,Other,Post-IPO,152,United States
Zillow,Seattle,200,2026-02,2026,,2 - Medium,,Real Estate,Post-IPO,97,United States
Zipcar,Boston,126,2026-02,2026,,2 - Medium,,Transportation,Acquired,107,United States
Expedia,Seattle,100,2026-02,2026,,2 - Medium,,Travel,Post-IPO,3300,United States
Zupee,"New Delhi, Non-U.S.",200,2026-01,2026,,2 - Medium,,Consumer,Series B,121,India
Peloton,New York City,,2026-01,2026,0.11,2 - Medium,,Fitness,Post-IPO,1900,United States
Kiwi.Com,"Brno, Non-U.S.",250,2026-01,2026,0.36,3 - High,1.99,Travel,Unknown,107,Czech Republic
Gloo,Boulder,,2026-01,2026,,Unknown,,Consumer,Post-IPO,152,United States
Amazon,Seattle,16000,2026-01,2026,,4 - Critical,,Retail,Post-IPO,8100,United States
Asml,"Veldhoven, Non-U.S.",1700,2026-01,2026,,4 - Critical,,Hardware,Post-IPO,,Netherlands
Pinterest,SF Bay Area,700,2026-01,2026,0.15,3 - High,0.98,Consumer,Post-IPO,1500,United States
Moon Active,"Tel Aviv, Non-U.S.",110,2026-01,2026,0.05,2 - Medium,0.24,Consumer,Unknown,425,Israel
Expedia,Seattle,,2026-01,2026,,Unknown,,Travel,Post-IPO,3300,United States
Entropy,New York City,,2026-01,2026,1,4 - Critical,,Crypto,Seed,27,United States
Autodesk,SF Bay Area,1000,2026-01,2026,0.07,4 - Critical,0.48,Other,Post-IPO,,United States
Shopify,"Ottawa, Non-U.S.",,2026-01,2026,,Unknown,,Retail,Post-IPO,122,Canada
Vimeo,New York City,,2026-01,2026,,Unknown,,Consumer,Post-IPO,450,United States
Vimeo,"Tel Aviv, Non-U.S.",,2026-01,2026,,Unknown,,Consumer,Post-IPO,450,United States
Polygon,"Cayman Islands, Non-U.S.",60,2026-01,2026,,1 - Low,,Crypto,Unknown,451,Cayman Islands
Ericsson,"Stockholm, Non-U.S.",1600,2026-01,2026,,4 - Critical,,Other,Post-IPO,663,Sweden
Tipalti,SF Bay Area,100,2026-01,2026,,2 - Medium,,Finance,Series F,565,United States
Playtika,"Tel Aviv, Non-U.S.",500,2026-01,2026,0.15,3 - High,0.93,Consumer,Post-IPO,,Israel
Aleph Alpha,"Frankfurt, Non-U.S.",50,2026-01,2026,0.16,2 - Medium,0.63,AI,Series B,534,Germany
Meta,SF Bay Area,1500,2026-01,2026,0.02,4 - Critical,0.15,Consumer,Post-IPO,26000,United States
Etoro,"Tel Aviv, Non-U.S.",105,2026-01,2026,0.07,2 - Medium,0.33,Finance,Unknown,322,Israel
Storedot,"Tel Aviv, Non-U.S.",,2026-01,2026,,Unknown,,Other,Series D,184,Israel
Mercadolibre,"Buenos Aires, Non-U.S.",116,2026-01,2026,,2 - Medium,,Retail,Post-IPO,5100,Brazil
Formfactor,SF Bay Area,220,2026-01,2026,0.11,2 - Medium,0.59,Manufacturing,Post-IPO,15,United States
Kaseya,Miami,250,2026-01,2026,0.05,2 - Medium,0.28,Security,Private Equity,547,United States
Hailo,"Tel Aviv, Non-U.S.",30,2026-01,2026,0.1,2 - Medium,0.34,Manufacturing,Series C,344,Israel
Foretellix,"Tel Aviv, Non-U.S.",29,2026-01,2026,0.18,2 - Medium,0.61,Transportation,Series C,132,Israel
Tailwind Labs,Oklahoma City,3,2026-01,2026,,1 - Low,,Product,Unknown,,United States
Angi,Indianapolis,350,2026-01,2026,,2 - Medium,,Consumer,Post-IPO,180,United States
Multiverse,"London, Non-U.S.",55,2026-01,2026,,1 - Low,,Education,Series D,414,United Kingdom
Sapiens,"Tel Aviv, Non-U.S.",700,2025-12,2025,0.15,3 - High,0.98,Finance,Acquired,88,Israel
Yellow.Ai,SF Bay Area,100,2025-12,2025,0.3,3 - High,1.38,Support,Series C,102,United States
The Trade Desk,Los Angeles,,2025-12,2025,,Unknown,,Marketing,Post-IPO,257,United States
Amazon,Seattle,84,2025-12,2025,,1 - Low,,Retail,Post-IPO,8100,United States
Powerschool,Sacramento,,2025-12,2025,,Unknown,,Education,Acquired,31,United States
Zebra Technologies,Chicago,,2025-12,2025,,Unknown,,Manufacturing,Post-IPO,2000,United States
Believer Meats,"Jerusalem, Non-U.S.",,2025-12,2025,,Unknown,,Food,Series B,389,Israel
Eyeem,"Berlin, Non-U.S.",,2025-12,2025,1,4 - Critical,,Other,Acquired,24,Germany
Lusha,Boston,24,2025-12,2025,0.08,1 - Low,0.26,Sales,Series B,245,United States
Tenstorrent,"Toronto, Non-U.S.",80,2025-12,2025,0.07,1 - Low,0.31,Hardware,Series D,1000,Canada
Whatfix,"Bengaluru, Non-U.S.",60,2025-12,2025,0.06,1 - Low,0.25,AI,Series E,265,India
Vsco,SF Bay Area,24,2025-12,2025,,1 - Low,,Consumer,Series B,90,United States
Genwise,"New Delhi, Non-U.S.",,2025-12,2025,1,4 - Critical,,Other,Seed,3,India
Mobileye,"Jerusalem, Non-U.S.",200,2025-12,2025,0.04,2 - Medium,0.21,Transportation,Post-IPO,2100,Israel
Payoneer,New York City,60,2025-12,2025,0.06,1 - Low,0.25,Finance,Post-IPO,,United States
Teads,New York City,180,2025-12,2025,0.1,2 - Medium,0.52,Marketing,Unknown,123,United States
Cellebrite,"Tel Aviv, Non-U.S.",20,2025-12,2025,0.01,1 - Low,0.03,Other,Post-IPO,410,Israel
Modern Hydrogen,Seattle,,2025-12,2025,,Unknown,,Energy,Series B,99,United States
Aqua Security,"Tel Aviv, Non-U.S.",20,2025-12,2025,,1 - Low,,Security,Series E,325,United States
Inbound Health,Minneapolis,,2025-12,2025,1,4 - Critical,,Healthcare,Series B,50,United States
Junglee Games,"New Delhi, Non-U.S.",350,2025-11,2025,,2 - Medium,,Consumer,Seed,3,India
Shopify,"Ottawa, Non-U.S.",,2025-11,2025,,Unknown,,Retail,Post-IPO,122,Canada
Hp,SF Bay Area,4000,2025-11,2025,,4 - Critical,,Hardware,Post-IPO,,United States
Ezcater,Boston,40,2025-11,2025,0.04,1 - Low,0.15,Food,Series D,319,United States
Monarch Tractor,SF Bay Area,102,2025-11,2025,,2 - Medium,,Other,Unknown,214,United States
Pleo,"Copenhagen, Non-U.S.",100,2025-11,2025,0.12,2 - Medium,0.55,Finance,Series C,428,Denmark
Ukg,"Montevideo, Non-U.S.",300,2025-11,2025,,2 - Medium,,HR,Unknown,,Uruguay
Culture Amp,"Melbourne, Non-U.S.",60,2025-11,2025,0.06,1 - Low,0.25,HR,Series F,257,Australia
Veson Nautical,Boston,,2025-11,2025,0.2,3 - High,,Other,Private Equity,,United States
Playtika,"Tel Aviv, Non-U.S.",700,2025-11,2025,0.2,3 - High,1.31,Consumer,Post-IPO,,Israel
Pipe,SF Bay Area,200,2025-11,2025,0.5,4 - Critical,2.65,Finance,Series D,453,United States
Flipkart,"Bengaluru, Non-U.S.",40,2025-11,2025,,1 - Low,,Retail,Acquired,12900,India
Bharatagri,"Mumbai, Non-U.S.",37,2025-11,2025,1,4 - Critical,3.64,Food,Series A,21,India
Ai Fleet,Austin,,2025-11,2025,,Unknown,,Transportation,Series B,56,United States
Synopsys,SF Bay Area,2000,2025-11,2025,0.1,4 - Critical,0.76,Other,Post-IPO,,United States
Deepwatch,Tampa Bay,80,2025-11,2025,0.32,3 - High,1.41,Security,Series C,256,United States
Gameskraft,"Bengaluru, Non-U.S.",280,2025-11,2025,,2 - Medium,,Consumer,Unknown,,India
Sonder,SF Bay Area,,2025-11,2025,1,4 - Critical,,Travel,Post-IPO,839,United States
Axonius,New York City,100,2025-11,2025,0.11,2 - Medium,0.51,Security,Series E,865,United States
Mybambu,Memphis,141,2025-11,2025,1,4 - Critical,4.96,Finance,Unknown,15,United States
Hewlett Packard Enterprise,SF Bay Area,52,2025-11,2025,,1 - Low,,Hardware,Post-IPO,1400,United States
Indeed,Austin,,2025-11,2025,,Unknown,,HR,Acquired,5,United States
Tripadvisor,Boston,,2025-11,2025,0.2,3 - High,,Travel,Post-IPO,3,United States
Porter,"Bengaluru, Non-U.S.",350,2025-11,2025,0.18,2 - Medium,1.05,Logistics,Series F,357,India
Personio,"Munich, Non-U.S.",165,2025-10,2025,0.1,2 - Medium,0.51,HR,Series E,724,Germany
Amazon,Seattle,14000,2025-10,2025,0.01,4 - Critical,0.10,Retail,Post-IPO,8100,United States
Chegg,SF Bay Area,388,2025-10,2025,0.45,3 - High,2.68,Education,Post-IPO,227,United States
Lightricks,"Jerusalem, Non-U.S.",85,2025-10,2025,0.15,2 - Medium,0.67,Consumer,Series D,335,Israel
Medtronic,"Jerusalem, Non-U.S.",60,2025-10,2025,,1 - Low,,Healthcare,Post-IPO,5900,United States
Hootsuite,"Vancouver, Non-U.S.",,2025-10,2025,0.2,3 - High,,Marketing,Series C,300,Canada
Robin Ai,"London, Non-U.S.",,2025-10,2025,0.33,3 - High,,Legal,Series B,68,United Kingdom
Applied Material,SF Bay Area,1400,2025-10,2025,0.04,4 - Critical,0.29,Manufacturing,Post-IPO,2100,United States
Rivian,Los Angeles,600,2025-10,2025,0.04,3 - High,0.26,Transportation,Post-IPO,10700,United States
Kaseya,Miami,200,2025-10,2025,,2 - Medium,,Security,Private Equity,547,United States
Altruist,SF Bay Area,50,2025-10,2025,0.15,2 - Medium,0.59,Finance,Series E,449,United States
Meta,SF Bay Area,600,2025-10,2025,,3 - High,,Consumer,Post-IPO,26000,United States
Ludeo,Los Angeles,25,2025-10,2025,0.5,4 - Critical,1.63,Consumer,Series A,42,United States
Zepto,"Mumbai, Non-U.S.",300,2025-10,2025,0.05,2 - Medium,0.29,Retail,Series H,2600,India
Broadcom,SF Bay Area,247,2025-10,2025,,2 - Medium,,Hardware,Post-IPO,,United States
Tia,New York City,,2025-10,2025,0.23,3 - High,,Healthcare,Series B,133,United States
Bill.Com,SF Bay Area,,2025-10,2025,0.06,1 - Low,,Finance,Post-IPO,280,United States
Offerup,Seattle,,2025-10,2025,,Unknown,,Retail,Unknown,381,United States
Handshake,SF Bay Area,100,2025-10,2025,0.15,2 - Medium,0.69,Recruiting,Series F,434,United States
Smartsheet,Seattle,120,2025-10,2025,,2 - Medium,,Other,Post-IPO,152,United States
Google,SF Bay Area,50,2025-10,2025,,1 - Low,,Consumer,Post-IPO,26,United States
Paycom,Oklahoma City,500,2025-10,2025,,3 - High,,HR,Post-IPO,,United States
Google,SF Bay Area,100,2025-10,2025,,2 - Medium,,Consumer,Post-IPO,26,United States
Simpl,"Bengaluru, Non-U.S.",80,2025-10,2025,,1 - Low,,Finance,Series B,72,India
Just Eat,"Amsterdam, Non-U.S.",450,2025-09,2025,0.05,2 - Medium,0.31,Food,Acquired,129,Netherlands
Gameskraft,"Bengaluru, Non-U.S.",120,2025-09,2025,,2 - Medium,,Consumer,Unknown,,India
Ziprecruiter,"Tel Aviv, Non-U.S.",80,2025-09,2025,,1 - Low,,Recruiting,Post-IPO,769,United States
Fiverr,"Tel Aviv, Non-U.S.",250,2025-09,2025,0.3,3 - High,1.66,Other,Post-IPO,111,Israel
Sorbet,"Tel Aviv, Non-U.S.",,2025-09,2025,,Unknown,,Finance,Series A,58,Israel
Hike,"New Delhi, Non-U.S.",,2025-09,2025,1,4 - Critical,,Consumer,Unknown,261,India
Xai,SF Bay Area,500,2025-09,2025,,3 - High,,AI,Unknown,22700,United States
Zupee,"New Delhi, Non-U.S.",170,2025-09,2025,0.3,3 - High,1.54,Consumer,Series B,121,India
Atlassian,"Sydney, Non-U.S.",200,2025-09,2025,,2 - Medium,,Other,Post-IPO,210,Australia
Verbit,New York City,22,2025-09,2025,,1 - Low,,Data,Series E,569,United States
Microsoft,Seattle,42,2025-09,2025,,1 - Low,,Other,Post-IPO,1,United States
Rivian,Los Angeles,200,2025-09,2025,0.01,2 - Medium,0.05,Transportation,Post-IPO,10700,United States
Scope3,New York City,,2025-09,2025,,Unknown,,Energy,Series B,45,United States
Head Digital Works,"Hyderabad, Non-U.S.",500,2025-09,2025,,3 - High,,Consumer,Private Equity,74,India
Salesforce,SF Bay Area,262,2025-09,2025,,2 - Medium,,Sales,Post-IPO,65,United States
Oracle,SF Bay Area,254,2025-09,2025,,2 - Medium,,Other,Post-IPO,,United States
Gupshup,SF Bay Area,100,2025-09,2025,,2 - Medium,,Other,Series F,484,India
Bobble Ai,"New Delhi, Non-U.S.",50,2025-09,2025,,1 - Low,,Consumer,Unknown,59,India
Oracle,Seattle,101,2025-09,2025,,2 - Medium,,Other,Post-IPO,,United States
Salesforce,Seattle,93,2025-09,2025,,1 - Low,,Sales,Post-IPO,65,United States
Salesforce,"Dublin, Non-U.S.",30,2025-09,2025,,1 - Low,,Sales,Post-IPO,65,United States
The Gist,"Tel Aviv, Non-U.S.",,2025-09,2025,1,4 - Critical,,Other,Seed,7,Israel
Thegist,"Tel Aviv, Non-U.S.",,2025-09,2025,1,4 - Critical,,Other,Seed,7,Israel
Vimeo,New York City,,2025-09,2025,0.1,2 - Medium,,Consumer,Post-IPO,450,United States
Oracle,Kansas City,,2025-09,2025,,Unknown,,Other,Post-IPO,,United States
Games 24X7,"Mumbai, Non-U.S.",400,2025-09,2025,,2 - Medium,,Consumer,Unknown,75,India
Mobile Premier League,"Bengaluru, Non-U.S.",300,2025-09,2025,,2 - Medium,,Consumer,Series E,375,India
Krutrim,"Bengaluru, Non-U.S.",50,2025-09,2025,,1 - Low,,AI,Unknown,304,India
Salesforce,SF Bay Area,4000,2025-08,2025,,4 - Critical,,Sales,Post-IPO,65,United States
Flip,SF Bay Area,,2025-08,2025,1,4 - Critical,,Consumer,Series C,294,United States
Rec Room,Seattle,141,2025-08,2025,,2 - Medium,,Consumer,Series F,294,United States
Verily,SF Bay Area,,2025-08,2025,,Unknown,,Healthcare,Subsidiary,3500,United States
Klaviyo,Boston,,2025-08,2025,,Unknown,,Marketing,Unknown,778,United States
Beepkart,"Bengaluru, Non-U.S.",150,2025-08,2025,1,4 - Critical,5.02,Retail,Series A,19,India
Tiktok,"London, Non-U.S.",,2025-08,2025,,Unknown,,Consumer,Acquired,,United Kingdom
Cisco,SF Bay Area,221,2025-08,2025,,2 - Medium,,Infrastructure,Post-IPO,2,United States
Oracle,SF Bay Area,101,2025-08,2025,,2 - Medium,,Other,Post-IPO,,United States
Kyte,SF Bay Area,,2025-08,2025,1,4 - Critical,,Transportation,Unknown,548,United States
Restaurant365,Los Angeles,100,2025-08,2025,0.09,2 - Medium,0.42,Food,Series C,127,United States
Oracle,SF Bay Area,289,2025-08,2025,,2 - Medium,,Other,Post-IPO,,United States
Oracle,SF Bay Area,188,2025-08,2025,,2 - Medium,,Other,Post-IPO,,United States
Oracle,Seattle,161,2025-08,2025,,2 - Medium,,Other,Post-IPO,,United States
F5,Seattle,106,2025-08,2025,0.02,2 - Medium,0.09,Security,Post-IPO,,United States
Micron,Boise,300,2025-08,2025,,2 - Medium,,Hardware,Post-IPO,50,United States
Benchsci,"Toronto, Non-U.S.",83,2025-08,2025,0.23,3 - High,1.02,Healthcare,Series D,164,Canada
Amdocs,St. Louis,,2025-08,2025,,Unknown,,Support,Post-IPO,,United States
Crunchyroll,"Tokyo, Non-U.S.",,2025-08,2025,,Unknown,,Media,Acquired,26,Japan
Kaltura,New York City,70,2025-08,2025,0.1,2 - Medium,0.43,Media,Post-IPO,166,United States
Nextdoor,SF Bay Area,67,2025-08,2025,0.12,2 - Medium,0.51,Consumer,Post-IPO,736,United States
Peloton,New York City,,2025-08,2025,0.06,1 - Low,,Fitness,Post-IPO,1900,United States
Yotpo,New York City,200,2025-08,2025,0.34,3 - High,1.80,Marketing,Unknown,436,United States
Windsurf,SF Bay Area,30,2025-08,2025,,1 - Low,,AI,Acquired,243,United States
Wondery,Los Angeles,100,2025-08,2025,,2 - Medium,,Media,Acquired,15,United States
Clear,"Bengaluru, Non-U.S.",145,2025-08,2025,0.16,2 - Medium,0.80,Finance,Series C,140,India
Atlassian,"Sydney, Non-U.S.",150,2025-07,2025,,2 - Medium,,Other,Post-IPO,210,Australia
Astra,"Bengaluru, Non-U.S.",106,2025-07,2025,1,4 - Critical,4.67,Sales,Unknown,,India
Krutrim,"Bengaluru, Non-U.S.",100,2025-07,2025,,2 - Medium,,AI,Unknown,304,India
Eyeo,"Cologne, Non-U.S.",,2025-07,2025,0.4,3 - High,,Unknown,Unknown,,Germany
Ohm Mobility,Bengaluru,,2025-07,2025,1,4 - Critical,,Transportation,Seed,,India
Tipalti,SF Bay Area,,2025-07,2025,,Unknown,,Finance,Series F,565,United States
Plaxidityx,"Tel Aviv, Non-U.S.",65,2025-07,2025,0.36,3 - High,1.51,Security,Acquired,25,Israel
Wisetech,"Sydney, Non-U.S.",,2025-07,2025,,Unknown,,Logistics,Post-IPO,3000,Australia
Consensys,New York City,47,2025-07,2025,0.07,1 - Low,0.27,Crypto,Series D,726,United States
Zeen,SF Bay Area,,2025-07,2025,1,4 - Critical,,Consumer,Unknown,9,United States
Rocket Companies,Detroit,,2025-07,2025,0.02,1 - Low,,Real Estate,Post-IPO,5200,United States
Tytocare,New York City,35,2025-07,2025,0.22,3 - High,0.79,Healthcare,Series E,206,United States
Amazon,Seattle,,2025-07,2025,,Unknown,,Retail,Post-IPO,8100,United States
Amicole,New York City,,2025-07,2025,1,4 - Critical,,Retail,Seed,5,United States
Codeparrot,"Bengaluru, Non-U.S.",,2025-07,2025,1,4 - Critical,,Product,Seed,,India
Scale Ai,SF Bay Area,200,2025-07,2025,0.14,2 - Medium,0.74,Data,Series E,602,United States
Lenovo,Raleigh,100,2025-07,2025,0.03,2 - Medium,0.14,Hardware,Post-IPO,850,United States
Jamf,Minneapolis,166,2025-07,2025,0.06,2 - Medium,0.31,Other,Post-IPO,332,United States
King.Com,"Stockholm, Non-U.S.",200,2025-07,2025,,2 - Medium,,Consumer,Acquired,84,Sweden
Blip,"Bengaluru, Non-U.S.",,2025-07,2025,1,4 - Critical,,Retail,Unknown,,India
Intel,Sacramento,5000,2025-07,2025,,4 - Critical,,Hardware,Post-IPO,12,United States
Triplelift,New York City,,2025-07,2025,,Unknown,,Marketing,Acquired,16,United States
Indeed + Glassdoor,Austin,1300,2025-07,2025,,4 - Critical,,HR,Acquired,5,United States
Augury,New York City,60,2025-07,2025,0.18,2 - Medium,0.74,Manufacturing,Series E,274,United States
Eigen Labs,Seattle,29,2025-07,2025,0.25,3 - High,0.85,Crypto,Unknown,234,United States
Nayax,"Tel Aviv, Non-U.S.",70,2025-07,2025,0.06,1 - Low,0.26,Finance,Post-IPO,245,Israel
Subtl Ai,"Hyderabad, Non-U.S.",,2025-07,2025,1,4 - Critical,,AI,Seed,,India
Microsoft,Seattle,9000,2025-07,2025,0.04,4 - Critical,0.36,Other,Post-IPO,1,United States
Retrain.Ai,New York City,20,2025-07,2025,1,4 - Critical,3.04,HR,Unknown,34,Israel
Okra,"Lagos, Non-U.S.",,2025-07,2025,1,4 - Critical,,Finance,Series A,12,Nigeria
Tiktok,"Dublin, Non-U.S.",,2025-07,2025,,Unknown,,Consumer,Acquired,,Ireland
Tomtom,"Amsterdam, Non-U.S.",300,2025-06,2025,0.1,2 - Medium,0.57,Other,Post-IPO,430,Netherlands
Rivian,Los Angeles,140,2025-06,2025,0.01,2 - Medium,0.05,Transportation,Post-IPO,10700,United States
Bumble,Austin,240,2025-06,2025,0.3,3 - High,1.65,Consumer,Post-IPO,313,United States
Klue,"Vancouver, Non-U.S.",85,2025-06,2025,0.4,3 - High,1.78,Sales,Series B,83,Canada
Google,SF Bay Area,75,2025-06,2025,,1 - Low,,Consumer,Post-IPO,26,United States
Intel,Sacramento,,2025-06,2025,,Unknown,,Hardware,Post-IPO,12,United States
Microsoft,Seattle,,2025-06,2025,,Unknown,,Other,Post-IPO,1,United States
Pluralsight,Salt Lake City,,2025-06,2025,0.17,2 - Medium,,Education,Acquired,192,United States
Khoros,Austin,116,2025-06,2025,,2 - Medium,,Sales,Private Equity,138,United States
Sabi,"Lagos, Non-U.S.",50,2025-06,2025,0.2,3 - High,0.79,Retail,Series B,66,Nigeria
Intel,"Tel Aviv, Non-U.S.",,2025-06,2025,,Unknown,,Hardware,Post-IPO,12,Israel
Salto,"Tel Aviv, Non-U.S.",30,2025-06,2025,0.5,4 - Critical,1.72,Other,Series B,69,Israel
Zoominfo,"Vancouver, Non-U.S.",150,2025-06,2025,0.04,2 - Medium,0.20,Sales,Post-IPO,7,Canada
Playtika,"Tel Aviv, Non-U.S.",90,2025-06,2025,,1 - Low,,Consumer,Post-IPO,,Israel
Airtime,New York City,25,2025-06,2025,0.43,3 - High,1.40,Consumer,Series B,33,United States
Microsoft,Seattle,305,2025-06,2025,0.03,2 - Medium,0.17,Other,Post-IPO,1,United States
Hims & Hers,SF Bay Area,68,2025-05,2025,0.04,1 - Low,0.17,Healthcare,Post-IPO,1200,United States
Business Insider,New York City,,2025-05,2025,0.2,3 - High,,Media,Acquired,56,United States
Ebay,"Tel Aviv, Non-U.S.",200,2025-05,2025,,2 - Medium,,Retail,Post-IPO,1200,Israel
Cars24,"Gurugram, Non-U.S.",120,2025-05,2025,,2 - Medium,,Transportation,Series G,1300,India
Ncino,Wilmington,,2025-05,2025,0.07,1 - Low,,Finance,Post-IPO,1100,United States
Otipy,"New Delhi, Non-U.S.",300,2025-05,2025,1,4 - Critical,5.71,Food,Series B,44,India
Leddartech,"Quebec, Non-U.S.",138,2025-05,2025,0.95,4 - Critical,4.69,Transportation,Post-IPO,402,Canada
Climeworks,"Zurich, Non-U.S.",106,2025-05,2025,0.22,3 - High,1.03,Energy,Private Equity,734,Switzerland
Builder.Ai,"London, Non-U.S.",,2025-05,2025,1,4 - Critical,,AI,Series D,445,United Kingdom
Luminar,Orlando,,2025-05,2025,,Unknown,,Transportation,Post-IPO,780,United States
Blink Charging,Baltimore,,2025-05,2025,0.2,3 - High,,Other,Post-IPO,110,United States
Verse Innovation Copy,"Bengaluru, Non-U.S.",350,2025-05,2025,,2 - Medium,,Media,Series J,1700,India
Groundgame Health,Tampa Bay,97,2025-05,2025,,1 - Low,,Healthcare,Series A,17,United States
Noogata,"Tel Aviv, Non-U.S.",10,2025-05,2025,1,4 - Critical,2.40,AI,Series A,28,Israel
Amazon,Seattle,100,2025-05,2025,,2 - Medium,,Retail,Post-IPO,8100,United States
Microsoft,Seattle,6000,2025-05,2025,0.03,4 - Critical,0.26,Other,Post-IPO,1,United States
Chegg,SF Bay Area,248,2025-05,2025,0.22,3 - High,1.21,Education,Post-IPO,227,United States
Match Group,New York City,325,2025-05,2025,0.13,2 - Medium,0.75,Consumer,Post-IPO,,United States
Crowdstrike,SF Bay Area,500,2025-05,2025,0.05,3 - High,0.31,Security,Post-IPO,1200,United States
Games 24X7,"Mumbai, Non-U.S.",180,2025-05,2025,,2 - Medium,,Consumer,Unknown,75,India
Opentext,"Waterloo, Non-U.S.",1600,2025-05,2025,,4 - Critical,,Data,Post-IPO,1100,Canada
Genwise,"New Delhi, Non-U.S.",15,2025-05,2025,0.2,3 - High,0.55,Other,Seed,3,India
General Fusion,"Vancouver, Non-U.S.",,2025-05,2025,0.25,3 - High,,Energy,Unknown,370,Canada
Deep Instinct,"Tel Aviv, Non-U.S.",20,2025-05,2025,0.1,2 - Medium,0.30,Security,Unknown,322,Israel
Log 9 Materials,"Bengaluru, Non-U.S.",,2025-05,2025,1,4 - Critical,,Manufacturing,Series B,32,India
Beam,"Bristol, Non-U.S.",200,2025-05,2025,1,4 - Critical,5.30,Other,Unknown,,United Kingdom
Bench,SF Bay Area,,2025-05,2025,,Unknown,,Finance,Acquired,109,United States
Netapp,SF Bay Area,700,2025-04,2025,0.06,3 - High,0.39,Data,Post-IPO,,United States
Electronic Arts,SF Bay Area,300,2025-04,2025,,2 - Medium,,Consumer,Post-IPO,2,United States
Stem,SF Bay Area,,2025-04,2025,0.27,3 - High,,Energy,Post-IPO,583,United States
Expedia,Seattle,,2025-04,2025,0.03,1 - Low,,Travel,Post-IPO,3300,United States
Spotter,Los Angeles,,2025-04,2025,,Unknown,,Other,Unknown,238,United States
Tomorrow,Seattle,,2025-04,2025,1,4 - Critical,,Hardware,Unknown,,United States
Cars24,"Gurugram, Non-U.S.",200,2025-04,2025,,2 - Medium,,Transportation,Series G,1300,India
Cars24,"Gurugram, Non-U.S.",200,2025-04,2025,,2 - Medium,,Transportation,Series G,1300,India
Sambanova,SF Bay Area,77,2025-04,2025,0.15,2 - Medium,0.65,AI,Series D,1100,United States
Meta,SF Bay Area,100,2025-04,2025,,2 - Medium,,Consumer,Post-IPO,26000,United States
Intel,Sacramento,22000,2025-04,2025,0.2,4 - Critical,2.00,Hardware,Post-IPO,12,United States
Zopper,"Noida, Non-U.S.",100,2025-04,2025,,2 - Medium,,Finance,Series D,125,India
Turo,SF Bay Area,150,2025-04,2025,0.17,2 - Medium,0.85,Transportation,Series E,467,United States
Applovin,SF Bay Area,97,2025-04,2025,,1 - Low,,Marketing,Post-IPO,1600,United States
Smashing,SF Bay Area,7,2025-04,2025,1,4 - Critical,2.08,Consumer,Seed,3,United States
Gupshup,SF Bay Area,200,2025-04,2025,,2 - Medium,,Other,Series F,484,India
Sonder,SF Bay Area,,2025-04,2025,,Unknown,,Travel,Post-IPO,839,United States
Forto,"Berlin, Non-U.S.",200,2025-04,2025,,2 - Medium,,Logistics,Series D,593,Germany
Google,SF Bay Area,,2025-04,2025,,Unknown,,Consumer,Post-IPO,26,United States
Marin Software,SF Bay Area,,2025-04,2025,1,4 - Critical,,Marketing,Post-IPO,99,United States
Wing Cloud,"Tel Aviv, Non-U.S.",,2025-04,2025,1,4 - Critical,,Infrastructure,Seed,,Israel
Coho Ai,"Tel Aviv, Non-U.S.",,2025-04,2025,1,4 - Critical,,Sales,Seed,8,Israel
Five9,SF Bay Area,123,2025-04,2025,0.04,2 - Medium,0.19,Support,Post-IPO,862,United States
Tract,"London, Non-U.S.",,2025-04,2025,,Unknown,,Real Estate,Unknown,,United Kingdom
Automattic,SF Bay Area,281,2025-04,2025,0.16,2 - Medium,0.90,Other,Series E,986,United States
Canva,"Sydney, Non-U.S.",10,2025-04,2025,,1 - Low,,Consumer,Unknown,2500,Australia
Whyhive,"Melbourne, Non-U.S.",,2025-04,2025,1,4 - Critical,,Data,Seed,,Australia
Zomato,"Gurugram, Non-U.S.",600,2025-04,2025,,3 - High,,Food,Series J,914,India
Northvolt,"Stockholm, Non-U.S.",2800,2025-03,2025,0.62,4 - Critical,4.92,Energy,Unknown,13800,Sweden
2U,Washington D.C.,,2025-03,2025,,Unknown,,Education,Post-IPO,426,United States
Palantir,Denver,120,2025-03,2025,,2 - Medium,,Data,Post-IPO,3000,United States
Block,SF Bay Area,931,2025-03,2025,0.08,3 - High,0.55,Finance,Post-IPO,150,United States
Niantic,SF Bay Area,68,2025-03,2025,,1 - Low,,Other,Series D,770,United States
Prefect,Washington D.C.,20,2025-03,2025,,1 - Low,,Data,Series B,47,United States
Brightcove,Boston,198,2025-03,2025,0.33,3 - High,1.75,Marketing,Acquired,145,United States
Acxiom,Little Rock,130,2025-03,2025,0.03,2 - Medium,0.15,Marketing,Post-IPO,,United States
Hellofresh,SF Bay Area,273,2025-03,2025,,2 - Medium,,Food,Post-IPO,367,United States
Otorio,"Tel Aviv, Non-U.S.",45,2025-03,2025,0.56,4 - Critical,2.14,Security,Acquired,,Israel
Activefence,New York City,22,2025-03,2025,0.07,1 - Low,0.22,Security,Series B,100,United States
D-Id,"Tel Aviv, Non-U.S.",22,2025-03,2025,0.25,3 - High,0.78,AI,Series B,48,Israel
Arrival,"London, Non-U.S.",,2025-03,2025,1,4 - Critical,,Transportation,Post-IPO,629,United Kingdom
Zonar Systems,Seattle,,2025-03,2025,,Unknown,,Logistics,Acquired,50,United States
Wayfair,Boston,340,2025-03,2025,,2 - Medium,,Retail,Post-IPO,1700,Germany
Hewlett Packard Enterprise,SF Bay Area,2500,2025-03,2025,0.05,4 - Critical,0.39,Hardware,Post-IPO,1400,United States
Tiktok,"Dublin, Non-U.S.",300,2025-03,2025,,2 - Medium,,Consumer,Acquired,,Ireland
Liveramp,SF Bay Area,65,2025-03,2025,0.05,1 - Low,0.21,Marketing,Post-IPO,16,United States
Ola Electric,"Bengaluru, Non-U.S.",1000,2025-03,2025,,4 - Critical,,Transportation,Post-IPO,1700,India
Rec Room,Seattle,,2025-03,2025,0.16,2 - Medium,,Consumer,Series F,294,United States
Ans Commerce,"Gurugram, Non-U.S.",,2025-03,2025,1,4 - Critical,,Retail,Acquired,2,India
Hp,SF Bay Area,4000,2025-02,2025,0.1,4 - Critical,0.83,Hardware,Post-IPO,,United States
Grubhub,SF Bay Area,500,2025-02,2025,0.23,3 - High,1.43,Food,Acquired,284,United States
Autodesk,SF Bay Area,1350,2025-02,2025,0.09,4 - Critical,0.65,Other,Post-IPO,,United States
Digimarc,Portland,90,2025-02,2025,0.4,3 - High,1.80,Other,Post-IPO,105,United States
Google,SF Bay Area,,2025-02,2025,,Unknown,,Consumer,Post-IPO,26,United States
Flywire,Boston,125,2025-02,2025,,2 - Medium,,Finance,Series E,263,United States
Ebay,"Tel Aviv, Non-U.S.",20,2025-02,2025,,1 - Low,,Retail,Post-IPO,1200,Israel
Commercetools,"Munich, Non-U.S.",,2025-02,2025,0.1,2 - Medium,,Retail,Series C,119,Germany
Dayforce,"Toronto, Non-U.S.",,2025-02,2025,0.05,1 - Low,,HR,Post-IPO,40,Canada
Expedia,Seattle,,2025-02,2025,,Unknown,,Travel,Post-IPO,3300,United States
Skybox Security,SF Bay Area,300,2025-02,2025,1,4 - Critical,5.71,Security,Private Equity,335,United States
Hermd,Cincinnati,,2025-02,2025,1,4 - Critical,,Healthcare,Series A,28,United States
Ibotta,Denver,70,2025-02,2025,0.08,1 - Low,0.34,Retail,Post-IPO,93,United States
Netease,"Tokyo, Non-U.S.",,2025-02,2025,,Unknown,,Consumer,Post-IPO,,Japan
Zendesk,SF Bay Area,51,2025-02,2025,,1 - Low,,Support,Acquired,85,United States
Electriq Global,"Tel Aviv, Non-U.S.",,2025-02,2025,1,4 - Critical,,Energy,Unknown,8,Israel
Seatgeek,New York City,150,2025-02,2025,0.15,2 - Medium,0.75,Consumer,Series E,400,United States
Vendease,"Lagos, Non-U.S.",120,2025-02,2025,0.44,3 - High,2.11,Food,Series A,43,Nigeria
Riskified,New York City,,2025-02,2025,,Unknown,,Retail,Post-IPO,229,United States
Logically,"Manchester, Non-U.S.",40,2025-02,2025,0.2,3 - High,0.74,AI,Series A,37,United Kingdom
Eviation Aircraft,"Tel Aviv, Non-U.S.",,2025-02,2025,,Unknown,,Aerospace,Acquired,140,Israel
Blue Origin,Seattle,1000,2025-02,2025,0.1,4 - Critical,0.69,Aerospace,Unknown,167,United States
Metro Africa Xpress,"Lagos, Non-U.S.",150,2025-02,2025,,2 - Medium,,Logistics,Unknown,64,Nigeria
Sophos,"Oxford, Non-U.S.",,2025-02,2025,0.06,1 - Low,,Security,Acquired,125,United Kingdom
Redfin,Seattle,450,2025-02,2025,,2 - Medium,,Real Estate,Post-IPO,320,United States
Zepz,"London, Non-U.S.",200,2025-02,2025,0.2,3 - High,1.06,Finance,Series E,700,United Kingdom
Getaround,SF Bay Area,,2025-02,2025,,Unknown,,Transportation,Series D,403,United States
Unity,SF Bay Area,,2025-02,2025,,Unknown,,Other,Post-IPO,1300,United States
Meta,SF Bay Area,3600,2025-02,2025,0.05,4 - Critical,0.41,Consumer,Post-IPO,26000,United States
Wise,Tampa Bay,300,2025-02,2025,,2 - Medium,,Finance,Post-IPO,300,United States
Justworks,New York City,200,2025-02,2025,,2 - Medium,,HR,Unknown,160,United States
Messagebird,"Amsterdam, Non-U.S.",120,2025-02,2025,0.33,3 - High,1.58,Other,Series C,1100,Netherlands
Sprinklr,New York City,500,2025-02,2025,0.15,3 - High,0.93,Support,Post-IPO,429,United States
Nanolock,"Tel Aviv, Non-U.S.",,2025-02,2025,1,4 - Critical,,Security,Series B,18,Israel
Workday,SF Bay Area,1750,2025-02,2025,0.08,4 - Critical,0.60,HR,Post-IPO,230,United States
Gemini,New York City,200,2025-02,2025,,2 - Medium,,Crypto,Unknown,423,United States
Outbrain,New York City,200,2025-02,2025,,2 - Medium,,Marketing,Post-IPO,394,United States
Sonos,Santa Barbara,200,2025-02,2025,0.12,2 - Medium,0.64,Consumer,Post-IPO,455.2,United States
Srtx,"Montreal, Non-U.S.",140,2025-02,2025,,2 - Medium,,Manufacturing,Unknown,151,Canada
Tabnine,"Tel Aviv, Non-U.S.",15,2025-02,2025,0.18,2 - Medium,0.50,AI,Series B,57,Israel
Hugging Face,New York City,10,2025-02,2025,0.04,1 - Low,0.10,AI,Series D,395,United States
Cruise,SF Bay Area,1000,2025-02,2025,0.5,4 - Critical,3.45,Transportation,Acquired,15000,United States
Okta,SF Bay Area,180,2025-02,2025,0.03,2 - Medium,0.16,Security,Post-IPO,1200,United States
Appsflyer,SF Bay Area,100,2025-02,2025,0.07,2 - Medium,0.32,Data,Unknown,293,United States
Asana,SF Bay Area,100,2025-02,2025,,2 - Medium,,Other,Post-IPO,453,United States
Tripadvisor,Boston,75,2025-02,2025,,1 - Low,,Travel,Post-IPO,3,United States
Intel,Sacramento,58,2025-02,2025,,1 - Low,,Hardware,Post-IPO,12,United States
Innoviz,"Tel Aviv, Non-U.S.",40,2025-02,2025,0.09,1 - Low,0.33,Transportation,Post-IPO,547,Israel
Salesforce,SF Bay Area,1000,2025-02,2025,0.01,4 - Critical,0.07,Sales,Post-IPO,65,United States
Sure,New York City,70,2025-02,2025,,1 - Low,,Finance,Series C,123,United States
Cushion,SF Bay Area,,2025-01,2025,1,4 - Critical,,Finance,Series A,20,United States
Placer.Ai,SF Bay Area,150,2025-01,2025,0.18,2 - Medium,0.90,Data,Unknown,267,United States
Amazon,Seattle,,2025-01,2025,,Unknown,,Retail,Post-IPO,8100,United States
Digital River,Minneapolis,122,2025-01,2025,,2 - Medium,,Retail,Private Equity,50,United States
Aurora Labs,"Tel Aviv, Non-U.S.",45,2025-01,2025,0.6,4 - Critical,2.30,Transportation,Series C,97,Israel
Moon Active,"Tel Aviv, Non-U.S.",,2025-01,2025,,Unknown,,Consumer,Unknown,425,Israel
Stripe,SF Bay Area,300,2025-01,2025,0.03,2 - Medium,0.17,Finance,Series I,8700,United States
Turso,"London, Non-U.S.",,2025-01,2025,,Unknown,,Product,Seed,7,Canada
Unbabel,"Lisbon, Non-U.S.",66,2025-01,2025,0.25,3 - High,1.05,Support,Series C,91,Portugal
Chrono24,"Karlsruhe, Non-U.S.",110,2025-01,2025,0.24,3 - High,1.13,Retail,Series C,205,Germany
Pocket Fm,"Bengaluru, Non-U.S.",75,2025-01,2025,,1 - Low,,Media,Series D,212,India
Aurora Solar,SF Bay Area,58,2025-01,2025,,1 - Low,,Energy,Series D,523,United States
Heyjobs,"Berlin, Non-U.S.",90,2025-01,2025,,1 - Low,,Recruiting,Series B,62,Germany
Applovin,SF Bay Area,89,2025-01,2025,,1 - Low,,Marketing,Post-IPO,1600,United States
Sharechat,"Bengaluru, Non-U.S.",27,2025-01,2025,0.05,1 - Low,0.17,Marketing,Series D,222,India
Textio,Seattle,15,2025-01,2025,,1 - Low,,Recruiting,Unknown,42,United States
Advisor Credit Exchange,Philadelphia,,2025-01,2025,1,4 - Critical,,Finance,Unknown,31,United States
Microsoft,Seattle,,2025-01,2025,,Unknown,,Other,Post-IPO,1,United States
Techcrunch,SF Bay Area,,2025-01,2025,,Unknown,,Media,Acquired,,United States
Alza,New York City,,2025-01,2025,1,4 - Critical,,Finance,Seed,7,United States
Boozt,"Malmo, Non-U.S.",,2025-01,2025,0.1,2 - Medium,,Retail,Post-IPO,56,Sweden
Wayfair,"Berlin, Non-U.S.",730,2025-01,2025,0.03,3 - High,0.20,Retail,Post-IPO,1700,Germany
Pandion,Seattle,63,2025-01,2025,1,4 - Critical,4.16,Logistics,Series B,76,United States
Zillow,Seattle,,2025-01,2025,,Unknown,,Real Estate,Post-IPO,97,United States
Icon,Austin,114,2025-01,2025,,2 - Medium,,Construction,Series B,451,United States
Redfin,Seattle,46,2025-01,2025,,1 - Low,,Real Estate,Post-IPO,320,United States
Altruist,SF Bay Area,37,2025-01,2025,0.1,2 - Medium,0.36,Finance,Series E,449,United States
Aqua Security,Boston,,2025-01,2025,,Unknown,,Security,Series E,325,United States
Cloud Software Group,SF Bay Area,,2025-01,2025,,Unknown,,Other,Unknown,,United States
Microsoft,Seattle,,2025-01,2025,,Unknown,,Other,Post-IPO,1,United States
Solaredge,"Tel Aviv, Non-U.S.",400,2025-01,2025,,2 - Medium,,Energy,Post-IPO,155,Israel
Level,New York City,,2025-01,2025,1,4 - Critical,,Finance,Series B,27,United States
Gupshup,SF Bay Area,300,2024-12,2024,,2 - Medium,,Other,Series F,484,India
Brave Care,Portland,,2024-12,2024,1,4 - Critical,,Healthcare,Series B,43,United States
Epicery,"Paris, Non-U.S.",,2024-12,2024,1,4 - Critical,,Food,Acquired,7,France
Bench,"Vancouver, Non-U.S.",450,2024-12,2024,1,4 - Critical,6.11,Finance,Series C,109,Canada
Lilium,"Munich, Non-U.S.",1000,2024-12,2024,1,4 - Critical,6.91,Aerospace,Post-IPO,1400,Germany
Bionichive,"Sderot, Non-U.S.",,2024-12,2024,1,4 - Critical,,Hardware,Unknown,,Israel
Realself,Seattle,,2024-12,2024,,Unknown,,Healthcare,Series B,42,United States
Refinery29,New York City,,2024-12,2024,,Unknown,,Media,Acquired,134,United States
Thrive,"Mumbai, Non-U.S.",,2024-12,2024,1,4 - Critical,,Food,Series A,,India
Cint,"Stockholm, Non-U.S.",,2024-12,2024,0.12,2 - Medium,,Data,Post-IPO,17,Sweden
Yahoo,SF Bay Area,,2024-12,2024,,Unknown,,Consumer,Acquired,6,United States
Foundry,Rochester,74,2024-12,2024,0.27,3 - High,1.17,Crypto,Subsidiary,,United States
Calendly,Atlanta,70,2024-12,2024,0.13,2 - Medium,0.55,Other,Series B,351,United States
Canoo,Los Angeles,20,2024-12,2024,,1 - Low,,Transportation,Post-IPO,300,United States
Offerup,Seattle,,2024-12,2024,0.22,3 - High,,Retail,Unknown,381,United States
Spotter,Los Angeles,,2024-12,2024,,Unknown,,Other,Unknown,238,United States
Bluevine,"Tel Aviv, Non-U.S.",100,2024-12,2024,0.18,2 - Medium,0.83,Finance,Unknown,769,Israel
Spectrm,"Berlin, Non-U.S.",,2024-12,2024,,Unknown,,Marketing,Series B,11,Germany
Easyknock,New York City,,2024-12,2024,1,4 - Critical,,Real Estate,Series D,440,United States
Carousell,"Singapore, Non-U.S.",76,2024-12,2024,0.07,1 - Low,0.30,Retail,Unknown,375,Singapore
Mixtroz,Birmingham,,2024-12,2024,1,4 - Critical,,Other,Seed,2,United States
Circle,Boston,50,2024-12,2024,0.06,1 - Low,0.24,Crypto,Private Equity,1100,United States
Vox Media,Washington D.C.,,2024-12,2024,,Unknown,,Media,Series F,307,United States
Stash,New York City,88,2024-12,2024,0.4,3 - High,1.80,Finance,Unknown,480,United States
Booking Holdings,Norwalk,60,2024-12,2024,,1 - Low,,Travel,Post-IPO,2800,United States
2U,Washington D.C.,,2024-12,2024,,Unknown,,Education,Post-IPO,426,United States
Skai,"Tel Aviv, Non-U.S.",80,2024-12,2024,0.14,2 - Medium,0.62,Marketing,Series E,60,Israel
Lightspeed Commerce,"Montreal, Non-U.S.",200,2024-12,2024,,2 - Medium,,Retail,Post-IPO,1200,Canada
Kobo360,"Lagos, Non-U.S.",30,2024-11,2024,,1 - Low,,Logistics,Series B,85,Nigeria
Klub,"Bengaluru, Non-U.S.",60,2024-11,2024,,1 - Low,,Finance,Unknown,35,India
Solaredge,"Tel Aviv, Non-U.S.",500,2024-11,2024,0.12,3 - High,0.75,Energy,Post-IPO,155,Israel
Alphasense,New York City,150,2024-11,2024,0.08,2 - Medium,0.40,Other,Series F,1400,United States
Sprout Social,Chicago,,2024-11,2024,,Unknown,,Marketing,Post-IPO,111,United States
Apple,SF Bay Area,,2024-11,2024,,Unknown,,Hardware,Post-IPO,1200,United States
Ola Electric,"Bengaluru, Non-U.S.",500,2024-11,2024,,3 - High,,Transportation,Post-IPO,1700,India
Adjust,"Berlin, Non-U.S.",304,2024-11,2024,,2 - Medium,,Marketing,Acquired,256,Germany
Hopper,"Montreal, Non-U.S.",,2024-11,2024,,Unknown,,Travel,Unknown,730,Canada
Linkedin,SF Bay Area,202,2024-11,2024,0.01,2 - Medium,0.05,Recruiting,Acquired,154,United States
Headspace,Los Angeles,,2024-11,2024,0.13,2 - Medium,,Healthcare,Unknown,216,United States
Own,New York City,,2024-11,2024,,Unknown,,Data,Acquired,507,United States
Truelayer,"London, Non-U.S.",71,2024-11,2024,0.25,3 - High,1.07,Finance,Series E,321,United Kingdom
Better Collective,"Copenhagen, Non-U.S.",300,2024-11,2024,,2 - Medium,,Other,Unknown,,Denmark
Kuku Fm,"Mumbai, Non-U.S.",80,2024-11,2024,,1 - Low,,Media,Series C,71,India
Amd,SF Bay Area,1000,2024-11,2024,0.04,4 - Critical,0.28,Hardware,Post-IPO,,United States
Applovin,SF Bay Area,120,2024-11,2024,,2 - Medium,,Marketing,Post-IPO,1600,United States
Chegg,SF Bay Area,319,2024-11,2024,0.21,3 - High,1.21,Education,Post-IPO,227,United States
Forward,SF Bay Area,200,2024-11,2024,1,4 - Critical,5.30,Healthcare,Series E,325,United States
Lyra Health,SF Bay Area,77,2024-11,2024,0.02,1 - Low,0.09,Healthcare,Series F,910,United States
New Relic,SF Bay Area,,2024-11,2024,,Unknown,,Infrastructure,Acquired,214,United States
Stoa,"Bengaluru, Non-U.S.",,2024-11,2024,1,4 - Critical,,Education,Seed,,India
Enphase Energy,SF Bay Area,500,2024-11,2024,0.17,3 - High,1.06,Energy,Post-IPO,116,United States
23Andme,SF Bay Area,200,2024-11,2024,0.4,3 - High,2.12,Healthcare,Post-IPO,1100,United States
Sword Health,New York City,13,2024-11,2024,,1 - Low,,Healthcare,Unknown,450,United States
Monarch Tractor,SF Bay Area,35,2024-11,2024,0.1,2 - Medium,0.36,Other,Unknown,214,United States
Bigcommerce,Austin,,2024-11,2024,,Unknown,,Retail,Post-IPO,224,United States
Booking.Com,Grand Rapids,,2024-11,2024,,Unknown,,Travel,Acquired,,United States
Exosonic,Los Angeles,,2024-11,2024,1,4 - Critical,,Aerospace,Seed,4,United States
Freshworks,SF Bay Area,660,2024-11,2024,0.13,3 - High,0.84,Support,Post-IPO,484,United States
Just Eat,"Amsterdam, Non-U.S.",300,2024-11,2024,0.02,2 - Medium,0.11,Food,Acquired,129,Netherlands
Opendoor,SF Bay Area,300,2024-11,2024,0.17,2 - Medium,0.97,Real Estate,Post-IPO,1900,United States
Akamai,Boston,250,2024-11,2024,0.02,2 - Medium,0.11,Security,Post-IPO,35,United States
Sharefile,Raleigh,199,2024-11,2024,,2 - Medium,,Other,Acquired,,United States
Personio,"Munich, Non-U.S.",115,2024-11,2024,0.06,2 - Medium,0.29,HR,Series E,724,Germany
Irobot,Boston,105,2024-11,2024,0.16,2 - Medium,0.75,Consumer,Post-IPO,30,United States
Outreach,Seattle,67,2024-11,2024,0.09,1 - Low,0.38,Sales,Series G,489,United States
Avaya,Durham,,2024-11,2024,,Unknown,,Other,Post-IPO,700,United States
Mozilla Foundation,SF Bay Area,,2024-11,2024,0.3,3 - High,,Consumer,Subsidiary,2.3,United States
Incredibuild,"Tel Aviv, Non-U.S.",18,2024-11,2024,0.11,2 - Medium,0.32,Product,Acquired,35,Israel
Atera,"Tel Aviv, Non-U.S.",20,2024-11,2024,0.06,1 - Low,0.18,Other,Series B,102,Israel
Maven Clinic,New York City,60,2024-11,2024,0.1,2 - Medium,0.41,Healthcare,Series F,417,United States
Bowery Farming,New York City,,2024-11,2024,1,4 - Critical,,Food,Unknown,626,United States
Tidal,New York City,,2024-10,2024,,Unknown,,Consumer,Acquired,,United States
Dropbox,SF Bay Area,527,2024-10,2024,0.2,3 - High,1.25,Other,Post-IPO,1700,United States
Kraken,SF Bay Area,400,2024-10,2024,0.15,2 - Medium,0.90,Crypto,Unknown,134,United States
Miro,SF Bay Area,275,2024-10,2024,0.18,2 - Medium,1.01,Other,Series C,476,United States
Consensys,New York City,163,2024-10,2024,0.2,3 - High,1.02,Crypto,Series D,726,United States
F5,Seattle,100,2024-10,2024,0.02,2 - Medium,0.09,Security,Post-IPO,,United States
Docker,SF Bay Area,,2024-10,2024,0.1,2 - Medium,,Infrastructure,Series C,436,United States
Dydx,SF Bay Area,,2024-10,2024,0.35,3 - High,,Crypto,Series C,87,United States
Coursera,SF Bay Area,150,2024-10,2024,0.1,2 - Medium,0.50,Education,Post-IPO,458,United States
Kyte,SF Bay Area,,2024-10,2024,0.4,3 - High,,Transportation,Unknown,548,United States
Twelve,SF Bay Area,,2024-10,2024,,Unknown,,Energy,Unknown,844,United States
Airthings,"Oslo, Non-U.S.",,2024-10,2024,,Unknown,,Hardware,Unknown,,Norway
Catena Media,"Sliema, Non-U.S.",29,2024-10,2024,,1 - Low,,Marketing,Unknown,,Malta
Upwork,SF Bay Area,,2024-10,2024,0.21,3 - High,,Other,Post-IPO,168,United States
Venminder,Louisville,100,2024-10,2024,,2 - Medium,,Security,Acquired,49,United States
Jellysmack,New York City,22,2024-10,2024,,1 - Low,,Media,Series C,22,France
Chief,New York City,,2024-10,2024,,Unknown,,HR,Series B,140,United States
Capway,Atlanta,,2024-10,2024,1,4 - Critical,,Finance,Unknown,,United States
Meta,SF Bay Area,,2024-10,2024,,Unknown,,Consumer,Post-IPO,26000,United States
Gigamon,SF Bay Area,69,2024-10,2024,,1 - Low,,Data,Acquired,23,United States
Applovin,SF Bay Area,58,2024-10,2024,,1 - Low,,Marketing,Post-IPO,1600,United States
Fable,New York City,,2024-10,2024,1,4 - Critical,,Product,Series A,19,United States
Bytedance,"Jakarta, Non-U.S.",500,2024-10,2024,,3 - High,,Consumer,Unknown,9400,Indonesia
Nikola,Phoenix,130,2024-10,2024,0.15,2 - Medium,0.73,Transportation,Post-IPO,3300,United States
Toplyne,"Bengaluru, Non-U.S.",,2024-10,2024,1,4 - Critical,,Sales,Series A,17,India
Careerbuilder + Monster,Chicago,200,2024-10,2024,0.15,2 - Medium,0.80,Recruiting,Acquired,,United States
Gowild,Louisville,,2024-10,2024,1,4 - Critical,,Retail,Seed,8,United States
Toptal,SF Bay Area,,2024-10,2024,,Unknown,,Recruiting,Unknown,,United States
Grabango,SF Bay Area,,2024-10,2024,1,4 - Critical,,Food,Unknown,94,United States
Beepkart,"Bengaluru, Non-U.S.",130,2024-10,2024,0.4,3 - High,1.95,Retail,Series A,19,India
Zapp,"London, Non-U.S.",,2024-10,2024,0.9,4 - Critical,,Food,Series B,300,United Kingdom
Eaze,SF Bay Area,500,2024-10,2024,1,4 - Critical,6.22,Consumer,Series D,202,United States
Pubmatic,SF Bay Area,12,2024-10,2024,0.01,1 - Low,0.03,Marketing,Post-IPO,63,United States
Zapata Computing,Boston,,2024-10,2024,1,4 - Critical,,Other,Post-IPO,82,United States
Applovin,SF Bay Area,65,2024-10,2024,,1 - Low,,Marketing,Post-IPO,1600,United States
Tome,SF Bay Area,12,2024-10,2024,0.31,3 - High,0.80,Sales,Series B,75,United States
Alma,New York City,,2024-10,2024,0.09,1 - Low,,Healthcare,Series D,220,United States
Flexport,SF Bay Area,,2024-10,2024,0.02,1 - Low,,Logistics,Series E,2400,United States
Abbyy,Nicosia,200,2024-10,2024,,2 - Medium,,Data,Unknown,6,Cyprus
Freshbooks,"Toronto, Non-U.S.",140,2024-10,2024,,2 - Medium,,Finance,Unknown,331,Canada
Vendease,"Lagos, Non-U.S.",68,2024-09,2024,0.2,3 - High,0.85,Food,Series A,43,Nigeria
Marin Software,SF Bay Area,27,2024-09,2024,0.26,3 - High,0.87,Marketing,Post-IPO,99,United States
Shein,"Singapore, Non-U.S.",17,2024-09,2024,,1 - Low,,Retail,Private Equity,4100,Singapore
Doublecloud,"Dubai, Non-U.S.",,2024-09,2024,1,4 - Critical,,Infrastructure,Unknown,,UAE
Greenikk,"Trivandrum, Non-U.S.",,2024-09,2024,1,4 - Critical,,Food,Seed,1,India
Drata,San Diego,40,2024-09,2024,0.09,1 - Low,0.33,Security,Series C,328,United States
Moov,Cedar Falls,50,2024-09,2024,,1 - Low,,Finance,Series B,77,United States
Freightwaves,Chattanooga,16,2024-09,2024,,1 - Low,,Logistics,Private Equity,92,United States
F5,Seattle,,2024-09,2024,,Unknown,,Security,Post-IPO,,United States
Northvolt,"Stockholm, Non-U.S.",1600,2024-09,2024,0.2,4 - Critical,1.48,Energy,Unknown,13800,Sweden
Olo,New York City,,2024-09,2024,0.09,1 - Low,,Food,Post-IPO,184,United States
Healthy.Io,"Tel Aviv, Non-U.S.",40,2024-09,2024,0.3,3 - High,1.11,Healthcare,Series D,185,Israel
Reverb,Chicago,40,2024-09,2024,,1 - Low,,Retail,Acquired,47,United States
Luminar,Orlando,,2024-09,2024,0.15,2 - Medium,,Transportation,Post-IPO,780,United States
Notable Labs,SF Bay Area,,2024-09,2024,0.65,4 - Critical,,Healthcare,Series B,,United States
Cartrawler,"Dublin, Non-U.S.",40,2024-09,2024,0.1,2 - Medium,0.37,Transportation,Acquired,,Ireland
Applyboard,"Waterloo, Non-U.S.",,2024-09,2024,0.04,1 - Low,,Education,Series D,483,Canada
Spendesk,"Paris, Non-U.S.",151,2024-09,2024,,2 - Medium,,Finance,Series C,,France
Aakash,"New Delhi, Non-U.S.",80,2024-09,2024,,1 - Low,,Education,Acquired,,India
Ibm,New York City,,2024-09,2024,,Unknown,,Hardware,Post-IPO,,United States
Runtastic,"Linz, Non-U.S.",170,2024-09,2024,,2 - Medium,,Fitness,Acquired,,Austria
Microsoft,Seattle,650,2024-09,2024,,3 - High,,Other,Post-IPO,1,United States
Amperity,Seattle,,2024-09,2024,0.13,2 - Medium,,Marketing,Series D,187,United States
Udemy,SF Bay Area,280,2024-09,2024,,2 - Medium,,Education,Post-IPO,311,United States
Mobileye,"Jerusalem, Non-U.S.",100,2024-09,2024,,2 - Medium,,Transportation,Post-IPO,2100,Israel
Insurstaq.Ai,"New Delhi, Non-U.S.",,2024-09,2024,1,4 - Critical,,AI,Seed,,India
Nori,Seattle,,2024-09,2024,1,4 - Critical,,Energy,Unknown,19,United States
Wetransfer,"Amsterdam, Non-U.S.",260,2024-09,2024,0.75,4 - Critical,4.17,Other,Acquired,64,Netherlands
Center,Seattle,8,2024-09,2024,0.04,1 - Low,0.09,Finance,Series C,102,United States
Goop,Los Angeles,39,2024-09,2024,0.18,2 - Medium,0.66,Retail,Unknown,75,United States
Motif Foodworks,Boston,,2024-09,2024,1,4 - Critical,,Food,Unknown,343,United States
Chargepoint,SF Bay Area,250,2024-09,2024,0.15,2 - Medium,0.83,Manufacturing,Unknown,1400,United States
Fly.Io,Chicago,40,2024-09,2024,,1 - Low,,Infrastructure,Series C,110,United States
Lyft,SF Bay Area,30,2024-09,2024,0.01,1 - Low,0.03,Transportation,Post-IPO,4900,United States
Abl,Los Angeles,,2024-09,2024,,Unknown,,Aerospace,Unknown,479,United States
Matter Labs,"Berlin, Non-U.S.",,2024-09,2024,0.16,2 - Medium,,Crypto,Unknown,380,Germany
Dozee,"Bengaluru, Non-U.S.",40,2024-09,2024,,1 - Low,,Healthcare,Series A,26,India
Dunzo,"Bengaluru, Non-U.S.",150,2024-08,2024,0.75,4 - Critical,3.76,Food,Unknown,458,India
Character.Ai,SF Bay Area,6,2024-08,2024,0.05,1 - Low,0.10,AI,Series A,150,United States
Brave,SF Bay Area,27,2024-08,2024,0.14,2 - Medium,0.47,Consumer,Series B,42,United States
Apple,SF Bay Area,100,2024-08,2024,,2 - Medium,,Hardware,Post-IPO,1200,United States
Ibm,"Beijing, Non-U.S.",1000,2024-08,2024,,4 - Critical,,Hardware,Post-IPO,,China
Tome Biosciences,Boston,131,2024-08,2024,1,4 - Critical,4.88,Healthcare,Series A,213,United States
Velo3D,SF Bay Area,42,2024-08,2024,,1 - Low,,Manufacturing,Post-IPO,305,United States
Kenko Health,"Mumbai, Non-U.S.",,2024-08,2024,1,4 - Critical,,Healthcare,Series A,14,India
Received,New York City,,2024-08,2024,1,4 - Critical,,Finance,Unknown,,United States
Sandvine,"Waterloo, Non-U.S.",,2024-08,2024,,Unknown,,Infrastructure,Acquired,63,Canada
Redfin,Seattle,82,2024-08,2024,0.02,1 - Low,0.09,Real Estate,Post-IPO,320,United States
Kaiyo,New York City,,2024-08,2024,1,4 - Critical,,Retail,Series B,43,United States
Skip The Dishes,"Winnipeg, Non-U.S.",800,2024-08,2024,,3 - High,,Food,Acquired,8,Canada
Five9,SF Bay Area,190,2024-08,2024,0.07,2 - Medium,0.37,Support,Post-IPO,862,United States
Reshamandi,"Bengaluru, Non-U.S.",,2024-08,2024,1,4 - Critical,,Food,Unknown,54,India
Gopro,SF Bay Area,139,2024-08,2024,0.15,2 - Medium,0.74,Consumer,Post-IPO,288,United States
Localize,New York City,,2024-08,2024,,Unknown,,Real Estate,Series A,40,United States
Paper,"Montreal, Non-U.S.",81,2024-08,2024,0.45,3 - High,1.98,Education,Series D,389,Canada
Retention.Com,Austin,15,2024-08,2024,,1 - Low,,Marketing,Unknown,,United States
Loop,Columbus,,2024-08,2024,,Unknown,,Retail,Series B,125,United States
Regrow Ag,Durham,,2024-08,2024,0.19,2 - Medium,,Food,Series B,64,United States
Applovin,SF Bay Area,61,2024-08,2024,,1 - Low,,Marketing,Post-IPO,1600,United States
Inuitive,"Ra'anana, Non-U.S.",16,2024-08,2024,0.2,3 - High,0.57,Manufacturing,Unknown,23,Israel
Formlabs,Boston,,2024-08,2024,,Unknown,,Hardware,Series E,254,United States
Mister Spex,"Berlin, Non-U.S.",,2024-08,2024,0.1,2 - Medium,,Retail,Post-IPO,158,Germany
Packetfabric,Los Angeles,,2024-08,2024,,Unknown,,Infrastructure,Unknown,110,United States
Sampler,"Toronto, Non-U.S.",,2024-08,2024,1,4 - Critical,,Retail,Series B,10,Canada
Sonos,Santa Barbara,100,2024-08,2024,0.06,2 - Medium,0.28,Consumer,Post-IPO,455.2,United States
Grail,SF Bay Area,350,2024-08,2024,,2 - Medium,,Healthcare,Post-IPO,,United States
Daytwo,SF Bay Area,,2024-08,2024,1,4 - Critical,,Healthcare,Series B,90,United States
Quizac,"Lagos, Non-U.S.",,2024-08,2024,1,4 - Critical,,Education,Acquired,,Nigeria
Tally,SF Bay Area,,2024-08,2024,1,4 - Critical,,Finance,Series C,172,United States
Cisco,SF Bay Area,5600,2024-08,2024,0.07,4 - Critical,0.60,Infrastructure,Post-IPO,2,United States
Branch.Io,SF Bay Area,100,2024-08,2024,,2 - Medium,,Marketing,Series F,667,United States
Icims,Holmdel,69,2024-08,2024,,1 - Low,,Recruiting,Acquired,93,United States
Ready Robotics,Columbus,,2024-08,2024,,Unknown,,Manufacturing,Unknown,41,United States
Submittable,Missoula,40,2024-08,2024,,1 - Low,,Other,Unknown,115,United States
Fastly,SF Bay Area,,2024-08,2024,0.11,2 - Medium,,Infrastructure,Post-IPO,219,United States
Eventbrite,SF Bay Area,100,2024-08,2024,0.11,2 - Medium,0.51,Consumer,Post-IPO,557,United States
Legalzoom,Los Angeles,,2024-08,2024,0.15,2 - Medium,,Legal,Post-IPO,952,United States
Axios Media,Washington D.C.,50,2024-08,2024,0.1,2 - Medium,0.39,Media,Acquired,57,United States
Mobius Motors,"Nairobi, Non-U.S.",,2024-08,2024,1,4 - Critical,,Transportation,Unknown,6,Kenya
Teradata,San Diego,,2024-08,2024,0.13,2 - Medium,,Data,Post-IPO,,United States
Infineon,"Munich, Non-U.S.",1400,2024-08,2024,,4 - Critical,,Manufacturing,Post-IPO,1500,Germany
Jam City,Los Angeles,85,2024-08,2024,0.1,2 - Medium,0.45,Consumer,Unknown,652,United States
Dell,Austin,,2024-08,2024,,Unknown,,Hardware,Post-IPO,,United States
Sharechat,"Bengaluru, Non-U.S.",30,2024-08,2024,0.05,1 - Low,0.17,Marketing,Series D,222,India
Intel,SF Bay Area,15000,2024-08,2024,0.15,4 - Critical,1.44,Hardware,Post-IPO,12,United States
Avaya,Durham,180,2024-08,2024,0.03,2 - Medium,0.16,Other,Post-IPO,700,United States
Rad Power Bikes,Seattle,,2024-08,2024,,Unknown,,Transportation,Series D,329,United States
Bungie,Seattle,220,2024-07,2024,0.17,2 - Medium,0.92,Consumer,Acquired,100,United States
Delivery Hero,"Berlin, Non-U.S.",200,2024-07,2024,,2 - Medium,,Food,Post-IPO,9900,Germany
Match Group,New York City,,2024-07,2024,0.06,1 - Low,,Consumer,Post-IPO,,United States
Nerdwallet,SF Bay Area,,2024-07,2024,0.15,2 - Medium,,Finance,Post-IPO,105,United States
Moxion Power,SF Bay Area,248,2024-07,2024,1,4 - Critical,5.52,Energy,Unknown,124,United States
Orcam,"Jerusalem, Non-U.S.",,2024-07,2024,,Unknown,,Healthcare,Unknown,86,Israel
Pocket Fm,"Bengaluru, Non-U.S.",200,2024-07,2024,,2 - Medium,,Media,Series D,212,India
Waycool,"Chennai, Non-U.S.",200,2024-07,2024,,2 - Medium,,Food,Unknown,363,India
Webflow,SF Bay Area,,2024-07,2024,0.08,1 - Low,,Marketing,Series C,335,United States
Humble Games,SF Bay Area,36,2024-07,2024,1,4 - Critical,3.61,Media,Acquired,4,United States
Cohere,"Toronto, Non-U.S.",20,2024-07,2024,0.05,1 - Low,0.15,AI,Series D,935,Canada
Bluelearn,"Bengaluru, Non-U.S.",,2024-07,2024,1,4 - Critical,,Education,Seed,4,India
Magic Leap,Miami,75,2024-07,2024,,1 - Low,,Consumer,Series E,4100,United States
Mercari U.S.,SF Bay Area,,2024-07,2024,0.5,4 - Critical,,Retail,Subsidiary,,United States
Aqua Security,Boston,50,2024-07,2024,0.1,2 - Medium,0.39,Security,Series E,325,United States
Everc,"Tel Aviv, Non-U.S.",16,2024-07,2024,0.1,2 - Medium,0.28,Security,Unknown,61,Israel
Lex,New York City,,2024-07,2024,,Unknown,,Consumer,Seed,7,United States
On,SF Bay Area,60,2024-07,2024,1,4 - Critical,4.11,Retail,Unknown,81,United States
Kaspersky,Boston,,2024-07,2024,,Unknown,,Security,Private Equity,,United States
Unbounce,"Vancouver, Non-U.S.",,2024-07,2024,,Unknown,,Marketing,Acquired,39,Canada
Solaredge,"Tel Aviv, Non-U.S.",400,2024-07,2024,,2 - Medium,,Energy,Post-IPO,155,Israel
Salesforce,SF Bay Area,300,2024-07,2024,,2 - Medium,,Sales,Post-IPO,65,United States
Spotify,"Stockholm, Non-U.S.",40,2024-07,2024,,1 - Low,,Media,Post-IPO,2100,Sweden
Sadapay,"Islamabad, Non-U.S.",,2024-07,2024,0.3,3 - High,,Finance,Acquired,20,Pakistan
Moxiworks,Seattle,,2024-07,2024,,Unknown,,Real Estate,Private Equity,,United States
Intuit,SF Bay Area,1800,2024-07,2024,0.1,4 - Critical,0.75,Finance,Post-IPO,18,United States
Redbox,Chicago,1000,2024-07,2024,1,4 - Critical,6.91,Media,Acquired,51,United States
Cyberproof,Los Angeles,,2024-07,2024,0.07,1 - Low,,Security,Subsidiary,,United States
Uipath,New York City,420,2024-07,2024,0.1,2 - Medium,0.60,Other,Post-IPO,2000,United States
Ukg,Boston,2200,2024-07,2024,0.14,4 - Critical,1.08,HR,Unknown,,United States
Opentext,"Waterloo, Non-U.S.",1200,2024-07,2024,0.02,4 - Critical,0.14,Data,Post-IPO,1100,Canada
Microsoft,Seattle,,2024-07,2024,,Unknown,,Other,Post-IPO,1,United States
Unacademy,"Bengaluru, Non-U.S.",250,2024-07,2024,,2 - Medium,,Education,Series H,838,India
Koo,"Bengaluru, Non-U.S.",,2024-07,2024,1,4 - Critical,,Consumer,Unknown,51,India
Lightricks,"Jerusalem, Non-U.S.",70,2024-07,2024,0.12,2 - Medium,0.51,Consumer,Series D,335,Israel
Upside Foods,SF Bay Area,26,2024-07,2024,,1 - Low,,Food,Unknown,598,United States
Sightful,"Tel Aviv, Non-U.S.",20,2024-07,2024,0.33,3 - High,1.00,Hardware,Unknown,61,Israel
Cint,"Stockholm, Non-U.S.",,2024-07,2024,,Unknown,,Data,Post-IPO,17,Sweden
Ninja Van,"Singapore, Non-U.S.",,2024-07,2024,0.05,1 - Low,,Transportation,Series E,974,Singapore
Priceline,Norwalk,103,2024-06,2024,0.07,2 - Medium,0.33,Travel,Acquired,77,United States
Realpage,Dallas,260,2024-06,2024,0.04,2 - Medium,0.22,Real Estate,Acquired,105,United States
Planet,SF Bay Area,180,2024-06,2024,0.17,2 - Medium,0.88,Aerospace,Post-IPO,574,United States
Moxion Power,SF Bay Area,101,2024-06,2024,,2 - Medium,,Energy,Unknown,124,United States
Ebay,"Tel Aviv, Non-U.S.",,2024-06,2024,,Unknown,,Retail,Post-IPO,1200,Israel
Perion,"Tel Aviv, Non-U.S.",35,2024-06,2024,0.05,1 - Low,0.18,Marketing,Post-IPO,76,Israel
Bereal,"Paris, Non-U.S.",,2024-06,2024,,Unknown,,Consumer,Acquired,,France
Flutterwave,"Lagos, Non-U.S.",30,2024-06,2024,0.03,1 - Low,0.10,Finance,Unknown,509,Nigeria
Ginkgo Bioworks,Boston,,2024-06,2024,,Unknown,,Healthcare,Post-IPO,1600,United States
Trade Republic,"Berlin, Non-U.S.",,2024-06,2024,,Unknown,,Finance,Unknown,1300,Germany
Ginkgo Bioworks,Boston,400,2024-06,2024,0.35,3 - High,2.10,Healthcare,Post-IPO,1600,United States
Bluevine,"Tel Aviv, Non-U.S.",,2024-06,2024,,Unknown,,Finance,Unknown,769,Israel
Reshamandi,"Bengaluru, Non-U.S.",,2024-06,2024,0.8,4 - Critical,,Food,Unknown,54,India
Emma Sleep,"Frankfurt, Non-U.S.",200,2024-06,2024,0.18,2 - Medium,0.95,Retail,Acquired,,Germany
Moovit,"Tel Aviv, Non-U.S.",20,2024-06,2024,0.1,2 - Medium,0.30,Transportation,Acquired,131,Israel
Wex,Portland,375,2024-06,2024,0.05,2 - Medium,0.30,Finance,Post-IPO,400,United States
Paypal,SF Bay Area,85,2024-06,2024,,1 - Low,,Finance,Post-IPO,216,Ireland
Rapyd,"Tel Aviv, Non-U.S.",30,2024-06,2024,,1 - Low,,Finance,Unknown,770,Israel
C2Fo,Kansas City,16,2024-06,2024,,1 - Low,,Finance,Series H,537,United States
Fisker,Los Angeles,,2024-06,2024,1,4 - Critical,,Transportation,Post-IPO,1700,United States
Chegg,SF Bay Area,441,2024-06,2024,0.23,3 - High,1.40,Education,Post-IPO,227,United States
Stackpath,Dallas,,2024-06,2024,1,4 - Critical,,Infrastructure,Series B,396,United States
Unit,New York City,,2024-06,2024,0.15,2 - Medium,,Finance,Series C,170,United States
Loop,Austin,23,2024-06,2024,0.77,4 - Critical,2.45,Finance,Series A,34,United States
Care/Of,New York City,143,2024-06,2024,1,4 - Critical,4.97,Healthcare,Acquired,83,United States
Running Tide,Portland,,2024-06,2024,1,4 - Critical,,Energy,Series B,54,United States
Satellogic,"Montevideo, Non-U.S.",70,2024-06,2024,0.3,3 - High,1.28,Aerospace,Post-IPO,424,Uruguay
Cypress.Io,Atlanta,11,2024-06,2024,,1 - Low,,Product,Series B,54,United States
Medtronic,SF Bay Area,,2024-06,2024,,Unknown,,Healthcare,Post-IPO,5900,United States
Bytedance,"Jakarta, Non-U.S.",450,2024-06,2024,,2 - Medium,,Consumer,Unknown,9400,Indonesia
Paxos,New York City,65,2024-06,2024,0.2,3 - High,0.84,Crypto,Unknown,543,United States
Scifi Foods,SF Bay Area,,2024-06,2024,1,4 - Critical,,Food,Series A,39,United States
Vrchat,SF Bay Area,,2024-06,2024,0.3,3 - High,,Consumer,Series D,95,United States
Ladenzeile,"Berlin, Non-U.S.",,2024-06,2024,1,4 - Critical,,Retail,Subsidiary,,Germany
Paytm,"Noida, Non-U.S.",3500,2024-06,2024,,4 - Critical,,Finance,Subsidiary,,India
Kissflow,"Chennai, Non-U.S.",45,2024-06,2024,0.11,2 - Medium,0.42,Other,Unknown,1,India
Copia,"Nairobi, Non-U.S.",1060,2024-06,2024,,4 - Critical,,Retail,Series C,103,Kenya
Revel,New York City,1000,2024-06,2024,,4 - Critical,,Transportation,Unknown,214,United States
Simpl,"Bengaluru, Non-U.S.",30,2024-06,2024,,1 - Low,,Finance,Series B,72,India
Oda,"Oslo, Non-U.S.",150,2024-06,2024,,2 - Medium,,Food,Unknown,691,Norway
Pagaya,"Tel Aviv, Non-U.S.",100,2024-06,2024,0.2,3 - High,0.92,Finance,Post-IPO,2000,Israel
Aleph Farms,"Tel Aviv, Non-U.S.",30,2024-06,2024,0.3,3 - High,1.03,Food,Unknown,119,Israel
Moonpay,Dover,30,2024-06,2024,0.1,2 - Medium,0.34,Crypto,Unknown,651,United States
Yext,New York City,,2024-06,2024,0.12,2 - Medium,,Marketing,Post-IPO,117,United States
Microsoft,Seattle,1000,2024-06,2024,,4 - Critical,,Other,Post-IPO,1,United States
Orcam,"Jerusalem, Non-U.S.",100,2024-06,2024,0.5,4 - Critical,2.31,Healthcare,Unknown,86,Israel
Google,SF Bay Area,100,2024-05,2024,,2 - Medium,,Consumer,Post-IPO,26,United States
Tropic,New York City,40,2024-05,2024,,1 - Low,,Finance,Series B,67,United States
Gro Intelligence,New York City,,2024-05,2024,0.1,2 - Medium,,Food,Series B,118,United States
Jasper Health,Boise,,2024-05,2024,,Unknown,,Healthcare,Series A,32,United States
Flightstats,Portland,73,2024-05,2024,,1 - Low,,Travel,Acquired,3,United States
Icann,Los Angeles,33,2024-05,2024,0.07,1 - Low,0.25,Infrastructure,Unknown,,United States
Walnut,New York City,15,2024-05,2024,0.2,3 - High,0.55,Sales,Series B,56,United States
Fisker,Los Angeles,,2024-05,2024,,Unknown,,Transportation,Post-IPO,1700,United States
Funding Circle,"London, Non-U.S.",,2024-05,2024,,Unknown,,Finance,Post-IPO,746,United Kingdom
Glovo,"Madrid, Non-U.S.",22,2024-05,2024,,1 - Low,,Food,Acquired,1200,Spain
Lucid Motors,SF Bay Area,400,2024-05,2024,0.06,2 - Medium,0.36,Transportation,Post-IPO,8300,United States
Satellogic,"Montevideo, Non-U.S.",34,2024-05,2024,0.13,2 - Medium,0.46,Aerospace,Post-IPO,424,Uruguay
Foursquare,New York City,105,2024-05,2024,0.25,3 - High,1.17,Marketing,Series G,390,United States
Guild,Denver,300,2024-05,2024,0.25,3 - High,1.43,Education,Series F,643,United States
Cue Health,San Diego,180,2024-05,2024,1,4 - Critical,5.20,Healthcare,Post-IPO,899,United States
Silo,SF Bay Area,,2024-05,2024,0.3,3 - High,,Food,Series C,272,United States
Tiktok,Los Angeles,1000,2024-05,2024,,4 - Critical,,Consumer,Acquired,,United States
Joonko,New York City,,2024-05,2024,1,4 - Critical,,HR,Series B,38,United States
Toshiba,"Tokyo, Non-U.S.",4000,2024-05,2024,,4 - Critical,,Manufacturing,Unknown,,Japan
Wefox,"Berlin, Non-U.S.",60,2024-05,2024,,1 - Low,,Finance,Series D,1300,Germany
Replit,SF Bay Area,30,2024-05,2024,0.2,3 - High,0.69,Product,Unknown,222,United States
Gopuff,Philadelphia,,2024-05,2024,0.06,1 - Low,,Food,Series H,3400,United States
Karhoo,"London, Non-U.S.",,2024-05,2024,1,4 - Critical,,Transportation,Acquired,39,United Kingdom
Seekout,Seattle,,2024-05,2024,0.3,3 - High,,Recruiting,Series C,,United States
Atmosphere,Austin,100,2024-05,2024,,2 - Medium,,Other,Series D,214,United States
Singularity 6,Los Angeles,36,2024-05,2024,,1 - Low,,Other,Series B,49,United States
Mainvest,Boston,,2024-05,2024,1,4 - Critical,,Finance,Unknown,3,United States
Indeed,Austin,1000,2024-05,2024,0.08,4 - Critical,0.55,HR,Acquired,5,United States
Motional,Pittsburgh,550,2024-05,2024,0.4,3 - High,2.52,Transportation,Unknown,,United States
Rivian,Los Angeles,120,2024-05,2024,,2 - Medium,,Transportation,Post-IPO,10700,United States
Google,SF Bay Area,57,2024-05,2024,,1 - Low,,Consumer,Post-IPO,26,United States
Symend,"Calgary, Non-U.S.",,2024-05,2024,,Unknown,,Other,Series C,148,Canada
Vacasa,Portland,800,2024-05,2024,0.13,3 - High,0.87,Travel,Post-IPO,834,United States
Sight Diagnostics,"Tel Aviv, Non-U.S.",40,2024-05,2024,0.3,3 - High,1.11,Healthcare,Series D,124,Israel
Prepladder,"New Delhi, Non-U.S.",145,2024-05,2024,0.25,3 - High,1.25,Education,Acquired,,India
Simpl,"Bengaluru, Non-U.S.",100,2024-05,2024,0.15,2 - Medium,0.69,Finance,Series B,72,India
Arkane Studios,Austin,96,2024-05,2024,1,4 - Critical,4.57,Consumer,Unknown,,United States
Brilliant,SF Bay Area,,2024-05,2024,1,4 - Critical,,Hardware,Series B,64,United States
Kinaxis,"Ottawa, Non-U.S.",,2024-05,2024,0.06,1 - Low,,Other,Post-IPO,79,Canada
Hopin,"London, Non-U.S.",,2024-05,2024,,Unknown,,Other,Series D,1000,United Kingdom
Enovix,SF Bay Area,170,2024-05,2024,0.33,3 - High,1.70,Energy,Post-IPO,516,United States
Cue Health,San Diego,230,2024-05,2024,0.49,3 - High,2.67,Healthcare,Post-IPO,899,United States
Rivian,Los Angeles,150,2024-05,2024,0.01,2 - Medium,0.05,Transportation,Post-IPO,10700,United States
Luminar,Orlando,140,2024-05,2024,0.2,3 - High,0.99,Transportation,Post-IPO,780,United States
Sprinklr,New York City,116,2024-05,2024,0.03,2 - Medium,0.14,Support,Post-IPO,429,United States
Bakkt,Atlanta,28,2024-05,2024,,1 - Low,,Crypto,Post-IPO,932,United States
Peloton,New York City,400,2024-05,2024,0.15,2 - Medium,0.90,Fitness,Post-IPO,1900,United States
Cabify,"Madrid, Non-U.S.",29,2024-05,2024,,1 - Low,,Transportation,Unknown,601,Spain
Google,SF Bay Area,200,2024-05,2024,,2 - Medium,,Consumer,Post-IPO,26,United States
Assurance,Seattle,112,2024-05,2024,1,4 - Critical,4.73,Finance,Acquired,,United States
Sproutt,Hartford,,2024-05,2024,1,4 - Critical,,Finance,Series B,38,United States
Tesla,Austin,500,2024-04,2024,,3 - High,,Transportation,Post-IPO,20200,United States
Riseup,"Tel Aviv, Non-U.S.",50,2024-04,2024,0.5,4 - Critical,1.97,Finance,Series B,30,Israel
Akili Interactive,Boston,,2024-04,2024,0.46,3 - High,,Healthcare,Post-IPO,271,United States
Google,SF Bay Area,,2024-04,2024,,Unknown,,Consumer,Post-IPO,26,United States
Getir,"London, Non-U.S.",3300,2024-04,2024,,4 - Critical,,Food,Series E,1800,United Kingdom
Ola,"Bengaluru, Non-U.S.",180,2024-04,2024,0.1,2 - Medium,0.52,Transportation,Series J,5000,India
Ninja Van,"Singapore, Non-U.S.",21,2024-04,2024,0.1,2 - Medium,0.31,Transportation,Series E,974,Singapore
Complyant,Los Angeles,,2024-04,2024,1,4 - Critical,,Finance,Seed,6,United States
Fisker,Los Angeles,,2024-04,2024,,Unknown,,Transportation,Post-IPO,1700,United States
Healthifyme,"Bengaluru, Non-U.S.",150,2024-04,2024,0.27,3 - High,1.35,Healthcare,Series D,130,India
True Anomaly,Denver,30,2024-04,2024,0.25,3 - High,0.86,Aerospace,Series B,158,United States
Grin,Sacramento,,2024-04,2024,,Unknown,,Marketing,Series B,145,United States
Expedia,Austin,,2024-04,2024,,Unknown,,Travel,Post-IPO,3300,United States
Freenome,SF Bay Area,100,2024-04,2024,0.2,3 - High,0.92,Healthcare,Series E,1400,United States
Heureka Group,"Prague, Non-U.S.",100,2024-04,2024,0.16,2 - Medium,0.74,Retail,Acquired,,Czech Republic
98Point6,Seattle,,2024-04,2024,,Unknown,,Healthcare,Acquired,299,United States
Outsystems,Boston,150,2024-04,2024,0.08,2 - Medium,0.40,Product,Series G,802,United States
Homie,Salt Lake City,,2024-04,2024,,Unknown,,Real Estate,Series B,35,United States
The Good Glamm Group,"New Delhi, Non-U.S.",150,2024-04,2024,0.15,2 - Medium,0.75,Retail,Unknown,180,India
Showpad,"Ghent, Non-U.S.",50,2024-04,2024,0.1,2 - Medium,0.39,Marketing,Series D,159,Belgium
Stability Ai,"London, Non-U.S.",20,2024-04,2024,,1 - Low,,AI,Unknown,174,United Kingdom
Pax8,Denver,,2024-04,2024,0.05,1 - Low,,Infrastructure,Unknown,400,United States
Connectwise,Tampa Bay,,2024-04,2024,,Unknown,,Other,Acquired,1,United States
Google,SF Bay Area,,2024-04,2024,,Unknown,,Consumer,Post-IPO,26,United States
Rivian,Detroit,,2024-04,2024,0.01,1 - Low,,Transportation,Post-IPO,10700,United States
Take-Two,New York City,579,2024-04,2024,0.05,3 - High,0.32,Consumer,Post-IPO,4100,United States
Tome,SF Bay Area,12,2024-04,2024,0.25,3 - High,0.64,AI,Series B,75,United States
Tesla,Austin,14000,2024-04,2024,0.1,4 - Critical,0.95,Transportation,Post-IPO,20200,United States
Criteo,"Paris, Non-U.S.",140,2024-04,2024,0.04,2 - Medium,0.20,Marketing,Post-IPO,61,France
Glovo,"Barcelona, Non-U.S.",25,2024-04,2024,,1 - Low,,Food,Acquired,1200,Spain
Tiktok,"Dublin, Non-U.S.",250,2024-04,2024,,2 - Medium,,Consumer,Acquired,,Ireland
Fabric,New York City,30,2024-04,2024,0.15,2 - Medium,0.52,Logistics,Series C,336,United States
Hinge Health,SF Bay Area,,2024-04,2024,0.1,2 - Medium,,Healthcare,Series E,826,United States
Zoe,"London, Non-U.S.",,2024-04,2024,0.2,3 - High,,Healthcare,Series B,89,United Kingdom
Cornershop,"Santiago, Non-U.S.",200,2024-04,2024,,2 - Medium,,Food,Acquired,32,Chile
Scaler,"Bengaluru, Non-U.S.",150,2024-04,2024,,2 - Medium,,Education,Series B,55,India
Checkr,SF Bay Area,382,2024-04,2024,0.32,3 - High,1.90,HR,Series D,679,United States
Intel,SF Bay Area,62,2024-04,2024,,1 - Low,,Hardware,Post-IPO,12,United States
Trendsales,"Copenhagen, Non-U.S.",79,2024-04,2024,1,4 - Critical,4.38,Retail,Acquired,,Denmark
Singularity 6,Los Angeles,49,2024-04,2024,0.35,3 - High,1.37,Other,Series B,49,United States
Fission,"Vancouver, Non-U.S.",,2024-04,2024,1,4 - Critical,,Other,Unknown,,Canada
Bolt.Earth,"Bengaluru, Non-U.S.",70,2024-04,2024,0.4,3 - High,1.71,Energy,Series B,24,India
Apple,SF Bay Area,614,2024-04,2024,,3 - High,,Hardware,Post-IPO,1200,United States
Agility Robotics,Portland,,2024-04,2024,,Unknown,,Other,Series B,179,United States
Lightspeed Commerce,"Montreal, Non-U.S.",280,2024-04,2024,,2 - Medium,,Retail,Post-IPO,1200,Canada
Ghost Autonomy,SF Bay Area,100,2024-04,2024,1,4 - Critical,4.62,Transportation,Series E,247,United States
Vivian Health,SF Bay Area,13,2024-04,2024,,1 - Low,,Healthcare,Acquired,60,United States
Amazon,Seattle,,2024-04,2024,,Unknown,,Retail,Post-IPO,108,United States
Corover,"Bengaluru, Non-U.S.",,2024-04,2024,,Unknown,,AI,Unknown,,India
Kaseya,Miami,,2024-04,2024,,Unknown,,Security,Unknown,547,United States
New Relic,SF Bay Area,,2024-04,2024,,Unknown,,Infrastructure,Acquired,214,United States
Yummly,SF Bay Area,,2024-04,2024,1,4 - Critical,,Food,Acquired,24,United States
Byju'S,"Bengaluru, Non-U.S.",500,2024-04,2024,0.03,3 - High,0.19,Education,Private Equity,5500,India
Lentra,"Pune, Non-U.S.",,2024-04,2024,,Unknown,,Finance,Series B,104,India
Thepeer,"Lagos, Non-U.S.",,2024-04,2024,1,4 - Critical,,Finance,Seed,2,Nigeria
Osso Vr,SF Bay Area,67,2024-04,2024,,1 - Low,,Healthcare,Series C,109,United States
Identiq,"Tel Aviv, Non-U.S.",20,2024-04,2024,0.44,3 - High,1.34,Security,Series A,52,Israel
Ranger Insurance,New York City,,2024-04,2024,1,4 - Critical,,Finance,Seed,5,United States
Rezi,New York City,,2024-04,2024,1,4 - Critical,,Real Estate,Series B,230,United States
Chownow,Los Angeles,60,2024-03,2024,0.2,3 - High,0.82,Food,Series C,64,United States
Synctera,SF Bay Area,17,2024-03,2024,0.15,2 - Medium,0.43,Finance,Series A,79,United States
Gopro,SF Bay Area,,2024-03,2024,0.04,1 - Low,,Consumer,Post-IPO,288,United States
Dell,Austin,6000,2024-03,2024,0.05,4 - Critical,0.43,Hardware,Post-IPO,,United States
Verily,SF Bay Area,,2024-03,2024,,Unknown,,Healthcare,Subsidiary,3500,United States
Cybereason,Boston,,2024-03,2024,,Unknown,,Security,Series F,750,United States
Shopback,"Singapore, Non-U.S.",195,2024-03,2024,0.24,3 - High,1.27,Retail,Series F,355,Singapore
Orbotech,"Yavne, Non-U.S.",100,2024-03,2024,,2 - Medium,,Manufacturing,Acquired,,Israel
Airmeet,"Bengaluru, Non-U.S.",,2024-03,2024,0.2,3 - High,,Marketing,Series B,50,India
Singular Genomics,San Diego,,2024-03,2024,0.2,3 - High,,Healthcare,Post-IPO,176,United States
Longi,"Xi'an, Non-U.S.",,2024-03,2024,0.05,1 - Low,,Energy,Unknown,,China
Flock Freight,San Diego,54,2024-03,2024,,1 - Low,,Logistics,Series D,399,United States
Chipper Cash,SF Bay Area,20,2024-03,2024,,1 - Low,,Finance,Series C,302,United States
Blueboard,SF Bay Area,,2024-03,2024,1,4 - Critical,,HR,Series A,16,United States
Ancestry,Lehi,81,2024-03,2024,0.06,1 - Low,0.26,Consumer,Post-IPO,33,United States
Textio,Seattle,14,2024-03,2024,0.16,2 - Medium,0.43,Recruiting,Unknown,42,United States
Stash,New York City,80,2024-03,2024,0.25,3 - High,1.10,Finance,Unknown,480,United States
Phantom Auto,SF Bay Area,100,2024-03,2024,1,4 - Critical,4.62,Transportation,Unknown,86,United States
Ibm,New York City,,2024-03,2024,,Unknown,,Hardware,Post-IPO,,United States
Deadspin,New York City,11,2024-03,2024,1,4 - Critical,2.48,Media,Acquired,,United States
Niche,Pittsburgh,24,2024-03,2024,0.07,1 - Low,0.23,Education,Series C,44,United States
Inscribe,SF Bay Area,,2024-03,2024,0.4,3 - High,,Finance,Series B,39,United States
Turnitin,SF Bay Area,15,2024-03,2024,0.02,1 - Low,0.06,Education,Acquired,,United States
Totango,SF Bay Area,,2024-03,2024,,Unknown,,Support,Acquired,147,United States
Sorare,New York City,22,2024-03,2024,0.13,2 - Medium,0.41,Crypto,Series B,739,United States
Meta,SF Bay Area,,2024-03,2024,,Unknown,,Consumer,Post-IPO,26000,United States
Planetscale,SF Bay Area,,2024-03,2024,,Unknown,,Data,Series C,105,United States
Messagebird,"Amsterdam, Non-U.S.",90,2024-03,2024,0.2,3 - High,0.90,Other,Series C,1100,Netherlands
Form Energy,Boston,,2024-03,2024,,Unknown,,Energy,Unknown,966,United States
Verbit,New York City,,2024-03,2024,,Unknown,,Data,Series E,569,United States
Edgio,Phoenix,80,2024-03,2024,0.1,2 - Medium,0.44,Infrastructure,Post-IPO,462,United States
Melio,New York City,40,2024-03,2024,0.07,1 - Low,0.26,Finance,Series D,504,United States
Our Next Energy,Detroit,40,2024-03,2024,0.13,2 - Medium,0.48,Transportation,Series B,390,United States
Project Ronin,SF Bay Area,150,2024-03,2024,1,4 - Critical,5.02,Healthcare,Unknown,,United States
Pristyn Care,"Gurugram, Non-U.S.",120,2024-03,2024,0.07,2 - Medium,0.34,Healthcare,Series E,177,India
Gro Intelligence,New York City,90,2024-03,2024,0.6,4 - Critical,2.71,Food,Series B,118,United States
Tonik,"Singapore, Non-U.S.",,2024-03,2024,,Unknown,,Finance,Series B,175,Singapore
Fisker,Los Angeles,,2024-02,2024,0.15,2 - Medium,,Transportation,Post-IPO,1700,United States
Kevin,"Vilnius, Non-U.S.",,2024-02,2024,0.14,2 - Medium,,Finance,Series A,79,Lithuania
Electronic Arts,SF Bay Area,670,2024-02,2024,0.05,3 - High,0.33,Consumer,Post-IPO,2,United States
Vacasa,Portland,320,2024-02,2024,0.05,2 - Medium,0.29,Travel,Post-IPO,834,United States
Orcam,"Jerusalem, Non-U.S.",50,2024-02,2024,0.19,2 - Medium,0.75,Healthcare,Unknown,86,Israel
Treasury Prime,SF Bay Area,40,2024-02,2024,0.4,3 - High,1.49,Finance,Series C,71,United States
Motional,Boston,,2024-02,2024,0.05,1 - Low,,Transportation,Unknown,,United States
Sony Interactive,SF Bay Area,900,2024-02,2024,0.08,3 - High,0.54,Consumer,Subsidiary,,United States
Bumble,Austin,350,2024-02,2024,0.3,3 - High,1.76,Consumer,Post-IPO,313,United States
Propertyguru,"Singapore, Non-U.S.",79,2024-02,2024,,1 - Low,,Real Estate,Post-IPO,676,Singapore
Apple,SF Bay Area,,2024-02,2024,,Unknown,,Transportation,Post-IPO,1200,United States
Expedia,Seattle,1500,2024-02,2024,0.08,4 - Critical,0.59,Travel,Post-IPO,3300,United States
Waycool,"Chennai, Non-U.S.",70,2024-02,2024,,1 - Low,,Food,Unknown,363,India
Daraz,"Singapore, Non-U.S.",,2024-02,2024,,Unknown,,Retail,Unknown,,Singapore
Redesign Health,New York City,77,2024-02,2024,,1 - Low,,Healthcare,Series C,315,United States
Carbon Health,SF Bay Area,56,2024-02,2024,,1 - Low,,Healthcare,Series D,522,United States
Vice Media,New York City,,2024-02,2024,,Unknown,,Media,Unknown,1600,United States
Affirm,Pittsburgh,60,2024-02,2024,,1 - Low,,Finance,Post-IPO,1500,United States
Finder,"Sydney, Non-U.S.",60,2024-02,2024,0.17,2 - Medium,0.70,Retail,Unknown,30,Australia
Buzzfeed,New York City,,2024-02,2024,0.16,2 - Medium,,Media,Post-IPO,696,United States
Rivian,Detroit,,2024-02,2024,0.1,2 - Medium,,Transportation,Post-IPO,10700,United States
Aptiv,"Krakow, Non-U.S.",250,2024-02,2024,,2 - Medium,,Transportation,Post-IPO,8,Poland
Tails.Com,"London, Non-U.S.",55,2024-02,2024,0.25,3 - High,1.01,Retail,Series A,5,United Kingdom
Auctane,Austin,,2024-02,2024,,Unknown,,Retail,Unknown,,United States
Knownorigin,"Manchester, Non-U.S.",,2024-02,2024,0.3,3 - High,,Crypto,Acquired,3,United Kingdom
Meati,Boulder,,2024-02,2024,0.3,3 - High,,Food,Series C,274,United States
Farfetch,"London, Non-U.S.",2000,2024-02,2024,0.25,4 - Critical,1.90,Retail,Acquired,1700,United Kingdom
Voi,"Stockholm, Non-U.S.",120,2024-02,2024,0.12,2 - Medium,0.58,Transportation,Series D,515,Sweden
Toast,Boston,550,2024-02,2024,0.1,3 - High,0.63,Food,Post-IPO,962,United States
Sonder,SF Bay Area,106,2024-02,2024,0.17,2 - Medium,0.79,Travel,Post-IPO,839,United States
Linksquares,Boston,90,2024-02,2024,,1 - Low,,Legal,Series C,161,United States
Storytel,"Stockholm, Non-U.S.",80,2024-02,2024,0.13,2 - Medium,0.57,Consumer,Post-IPO,312,Sweden
Gro Intelligence,New York City,20,2024-02,2024,0.1,2 - Medium,0.30,Food,Series B,118,United States
Codesee,SF Bay Area,,2024-02,2024,1,4 - Critical,,Data,Seed,10,United States
May Mobility,Ann Arbor,,2024-02,2024,0.13,2 - Medium,,Transportation,Series D,303,United States
Cisco,SF Bay Area,4250,2024-02,2024,0.05,4 - Critical,0.42,Infrastructure,Post-IPO,2,United States
Wint Wealth,"Nashik, Non-U.S.",19,2024-02,2024,0.2,3 - High,0.60,Finance,Series A,16,India
Away,New York City,,2024-02,2024,0.25,3 - High,,Retail,Series D,181,United States
Instacart,SF Bay Area,250,2024-02,2024,0.07,2 - Medium,0.39,Food,Post-IPO,2900,United States
Redesign Health,New York City,77,2024-02,2024,,1 - Low,,Healthcare,Unknown,315,United States
Mozilla,SF Bay Area,60,2024-02,2024,0.05,1 - Low,0.21,Consumer,Unknown,2.3,United States
Impinj,Seattle,50,2024-02,2024,0.1,2 - Medium,0.39,Other,Post-IPO,137,United States
Riskified,New York City,40,2024-02,2024,0.06,1 - Low,0.22,Retail,Post-IPO,229,United States
Everybuddy,"Tel Aviv, Non-U.S.",,2024-02,2024,1,4 - Critical,,Consumer,Series A,15,Israel
Popcore,"Berlin, Non-U.S.",,2024-02,2024,,Unknown,,Consumer,Acquired,,Germany
Wisense,"Tel Aviv, Non-U.S.",,2024-02,2024,1,4 - Critical,,Transportation,Unknown,37,Israel
Siriusxm,New York City,160,2024-02,2024,0.03,2 - Medium,0.15,Media,Post-IPO,525,United States
Licious,"Bengaluru, Non-U.S.",80,2024-02,2024,0.03,1 - Low,0.13,Food,Series F,490,India
Blissclub,"Bengaluru, Non-U.S.",21,2024-02,2024,0.18,2 - Medium,0.56,Retail,Series A,20,India
Kandji,San Diego,,2024-02,2024,,Unknown,,Other,Series C,188,United States
Pure Storage,SF Bay Area,275,2024-02,2024,,2 - Medium,,Data,Post-IPO,529,United States
Otovo,"Oslo, Non-U.S.",65,2024-02,2024,0.15,2 - Medium,0.63,Energy,Post-IPO,247,Norway
Getaround,SF Bay Area,,2024-02,2024,0.3,3 - High,,Transportation,Post-IPO,948,United States
Journera,Chicago,,2024-02,2024,1,4 - Critical,,Travel,Series B,31,United States
Grammarly,SF Bay Area,230,2024-02,2024,,2 - Medium,,Consumer,Unknown,400,United States
Fireblocks,New York City,20,2024-02,2024,0.03,1 - Low,0.09,Crypto,Series E,1000,United States
Tenable,Baltimore,,2024-02,2024,0.05,1 - Low,,Security,Post-IPO,565,United States
Workfellow,"Espoo, Non-U.S.",,2024-02,2024,1,4 - Critical,,HR,Seed,3,Finland
Docusign,SF Bay Area,440,2024-02,2024,0.06,2 - Medium,0.37,Sales,Post-IPO,536,United States
Amazon,Seattle,400,2024-02,2024,,2 - Medium,,Retail,Post-IPO,108,United States
Glowforge,Seattle,,2024-02,2024,,Unknown,,Manufacturing,Series E,133,United States
Snap,Los Angeles,500,2024-02,2024,0.1,3 - High,0.62,Consumer,Post-IPO,4900,United States
Drizly,Boston,168,2024-02,2024,1,4 - Critical,5.13,Retail,Acquired,119,United States
Billgo,Fort Collins,80,2024-02,2024,,1 - Low,,Finance,Series B,119,United States
Impact.Com,Los Angeles,40,2024-02,2024,0.03,1 - Low,0.11,Sales,Private Equity,361,United States
Astrate Medical,Philadelphia,,2024-02,2024,1,4 - Critical,,Healthcare,Series A,13,United States
Meetup,New York City,,2024-02,2024,,Unknown,,Consumer,Acquired,18,United States
Muvin,"Bengaluru, Non-U.S.",,2024-02,2024,1,4 - Critical,,Finance,Seed,4,India
Nomad Health,New York City,,2024-02,2024,,Unknown,,Healthcare,Unknown,218,United States
Zwift,Los Angeles,,2024-02,2024,,Unknown,,Fitness,Series C,619,United States
Cue Health,San Diego,245,2024-02,2024,0.3,3 - High,1.65,Healthcare,Post-IPO,899,United States
Top Hat,"Toronto, Non-U.S.",35,2024-02,2024,0.07,1 - Low,0.25,Education,Series E,234,Canada
Cake Bikes,"Stockholm, Non-U.S.",,2024-02,2024,1,4 - Critical,,Transportation,Unknown,74,Sweden
Small Robot Company,"Salisbury, Non-U.S.",,2024-02,2024,1,4 - Critical,,Food,Unknown,10,United Kingdom
Twig,"London, Non-U.S.",,2024-02,2024,1,4 - Critical,,Finance,Unknown,41,United Kingdom
Okta,SF Bay Area,400,2024-02,2024,0.07,2 - Medium,0.42,Security,Post-IPO,1200,United States
Zoom,SF Bay Area,150,2024-02,2024,0.02,2 - Medium,0.10,Other,Post-IPO,276,United States
Illumina,San Diego,111,2024-02,2024,,2 - Medium,,Healthcare,Post-IPO,28,United States
Polygon,"Cayman Islands, Non-U.S.",60,2024-02,2024,0.19,2 - Medium,0.78,Crypto,Unknown,451,Cayman Islands
Indigo,Boston,,2024-02,2024,,Unknown,,Other,Series F,1200,United States
Proofpoint,SF Bay Area,280,2024-01,2024,0.06,2 - Medium,0.34,Security,Acquired,885,United States
Trove Recommerce,SF Bay Area,130,2024-01,2024,,2 - Medium,,Retail,Series E,152,United States
Circleci,SF Bay Area,100,2024-01,2024,,2 - Medium,,Product,Series F,315,United States
Thinx,New York City,95,2024-01,2024,,1 - Low,,Retail,Acquired,26,United States
Innoviz,"Tel Aviv, Non-U.S.",60,2024-01,2024,0.13,2 - Medium,0.53,Transportation,Post-IPO,547,Israel
The Messenger,Miami,,2024-01,2024,1,4 - Critical,,Media,Unknown,,United States
Zuora,SF Bay Area,,2024-01,2024,0.08,1 - Low,,Finance,Post-IPO,647,United States
Paypal,SF Bay Area,2500,2024-01,2024,0.09,4 - Critical,0.70,Finance,Post-IPO,216,United States
Block,SF Bay Area,1000,2024-01,2024,0.1,4 - Critical,0.69,Finance,Post-IPO,150,United States
Kiwi.Com,"Brno, Non-U.S.",216,2024-01,2024,0.18,2 - Medium,0.97,Travel,Unknown,107,Czech Republic
Aurora Solar,SF Bay Area,111,2024-01,2024,0.2,3 - High,0.94,Energy,Series D,523,United States
Wattpad,"Toronto, Non-U.S.",20,2024-01,2024,0.1,2 - Medium,0.30,Media,Acquired,117,Canada
Techcrunch,SF Bay Area,7,2024-01,2024,,1 - Low,,Media,Acquired,,United States
Noom,New York City,,2024-01,2024,,Unknown,,Fitness,Series F,657,United States
Procore,Santa Barbara,,2024-01,2024,0.04,1 - Low,,Construction,Post-IPO,654,United States
Vipps,"Vilnius, Non-U.S.",,2024-01,2024,,Unknown,,Finance,Unknown,,Lithuania
Irobot,Boston,350,2024-01,2024,0.31,3 - High,1.82,Consumer,Post-IPO,30,United States
Dispatchhealth,Denver,88,2024-01,2024,,1 - Low,,Healthcare,Series E,733,United States
Loopio,"Toronto, Non-U.S.",,2024-01,2024,0.06,1 - Low,,Sales,Private Equity,263,Canada
Salesforce,SF Bay Area,700,2024-01,2024,0.01,3 - High,0.07,Sales,Post-IPO,65,United States
Flexport,SF Bay Area,,2024-01,2024,0.2,3 - High,,Logistics,Series E,2400,United States
Productboard,SF Bay Area,,2024-01,2024,,Unknown,,Product,Series D,,United States
Microsoft,Seattle,1900,2024-01,2024,,4 - Critical,,Other,Post-IPO,1,United States
Swiggy,"Bengaluru, Non-U.S.",400,2024-01,2024,0.07,2 - Medium,0.42,Food,Unknown,3600,India
Veho,Boulder,65,2024-01,2024,0.19,2 - Medium,0.80,Logistics,Series B,299,United States
Amperity,Seattle,20,2024-01,2024,,1 - Low,,Marketing,Series D,187,United States
Mvpindex,Austin,12,2024-01,2024,0.3,3 - High,0.77,Marketing,Series B,27,United States
Business Insider,New York City,,2024-01,2024,0.08,1 - Low,,Media,Acquired,56,United States
Cova,"Lagos, Non-U.S.",,2024-01,2024,1,4 - Critical,,Finance,Unknown,,Nigeria
Jamf,Minneapolis,,2024-01,2024,0.06,1 - Low,,Other,Post-IPO,332,United States
Cult.Fit,"Bengaluru, Non-U.S.",100,2024-01,2024,,2 - Medium,,Fitness,Series F,635,India
Personio,"Munich, Non-U.S.",100,2024-01,2024,,2 - Medium,,HR,Series E,724,Germany
Storytel,"Stockholm, Non-U.S.",80,2024-01,2024,0.13,2 - Medium,0.57,Media,Post-IPO,275,Sweden
Aurora,Pittsburgh,,2024-01,2024,0.03,1 - Low,,Transportation,Post-IPO,3700,United States
Desktop Metal,Boston,,2024-01,2024,0.2,3 - High,,Other,Post-IPO,811,United States
Hubspot,Boston,,2024-01,2024,,Unknown,,Marketing,Post-IPO,100,United States
Sap,"Walldorf, Non-U.S.",8000,2024-01,2024,0.07,4 - Critical,0.63,Other,Post-IPO,1300,Germany
Ebay,SF Bay Area,1000,2024-01,2024,0.09,4 - Critical,0.62,Retail,Post-IPO,1200,United States
Vroom,New York City,800,2024-01,2024,0.9,4 - Critical,6.02,Transportation,Post-IPO,1300,United States
Brex,SF Bay Area,282,2024-01,2024,0.2,3 - High,1.13,Finance,Series D,1500,United States
Cure.Fit,"Bengaluru, Non-U.S.",120,2024-01,2024,,2 - Medium,,Fitness,Series F,625,India
Gostudent,"Vienna, Non-U.S.",100,2024-01,2024,,2 - Medium,,Education,Series D,686,Austria
Jellysmack,"Paris, Non-U.S.",30,2024-01,2024,,1 - Low,,Media,Series C,22,France
Goto,Boston,29,2024-01,2024,,1 - Low,,Other,Acquired,2,United States
Seedr,"London, Non-U.S.",15,2024-01,2024,,1 - Low,,Finance,Acquired,28,United Kingdom
Riot Games,Los Angeles,530,2024-01,2024,0.11,3 - High,0.69,Consumer,Acquired,21,United States
Xendit,"Jakarta, Non-U.S.",200,2024-01,2024,,2 - Medium,,Finance,Series D,534,Indonesia
Tiktok,Los Angeles,60,2024-01,2024,,1 - Low,,Consumer,Acquired,,United States
2U,Washington D.C.,,2024-01,2024,,Unknown,,Education,Post-IPO,426,United States
Google,SF Bay Area,,2024-01,2024,,Unknown,,Consumer,Post-IPO,26,United States
Xendit,"Jakarta, Non-U.S.",,2024-01,2024,,Unknown,,Finance,Series D,534,Indonesia
Solaredge,"Tel Aviv, Non-U.S.",900,2024-01,2024,0.16,3 - High,1.09,Energy,Post-IPO,155,Israel
Wayfair,Boston,1650,2024-01,2024,0.13,4 - Critical,0.96,Retail,Post-IPO,1700,United States
Amazon,Seattle,30,2024-01,2024,,1 - Low,,Retail,Post-IPO,108,United States
Fashinza,New York City,,2024-01,2024,,Unknown,,Retail,Unknown,153,United States
Stitch Fix,Dallas,,2024-01,2024,,Unknown,,Retail,Post-IPO,79,United States
Youtube,SF Bay Area,100,2024-01,2024,,2 - Medium,,Media,Acquired,11,United States
Sirplus,"Berlin, Non-U.S.",60,2024-01,2024,,1 - Low,,Food,Seed,,Germany
Sondermind,Denver,49,2024-01,2024,0.17,2 - Medium,0.67,Healthcare,Series C,183,United States
First Mode,Seattle,48,2024-01,2024,0.2,3 - High,0.78,Transportation,Acquired,9,United States
Ali Technologies,"Tokyo, Non-U.S.",,2024-01,2024,1,4 - Critical,,Transportation,Unknown,,Japan
Google,SF Bay Area,,2024-01,2024,,Unknown,,Consumer,Post-IPO,26,United States
Thursday,"London, Non-U.S.",,2024-01,2024,0.7,4 - Critical,,Consumer,Seed,3,United Kingdom
Veeam,Columbus,300,2024-01,2024,,2 - Medium,,Data,Acquired,500,United States
Grabcad,"Tallinn, Non-U.S.",13,2024-01,2024,,1 - Low,,Other,Acquired,28,Estonia
Artifact,SF Bay Area,,2024-01,2024,1,4 - Critical,,Media,Unknown,,United States
Dastgyr,"Karachi, Non-U.S.",,2024-01,2024,0.8,4 - Critical,,Retail,Series A,41,Pakistan
Hologram,Chicago,,2024-01,2024,,Unknown,,Infrastructure,Unknown,82,United States
Vendr,Boston,,2024-01,2024,,Unknown,,Other,Series B,216,United States
New Work Se,"Hamburg, Non-U.S.",400,2024-01,2024,,2 - Medium,,Consumer,Post-IPO,,Germany
Playtika,"Tel Aviv, Non-U.S.",300,2024-01,2024,0.1,2 - Medium,0.57,Consumer,Post-IPO,,Israel
Discord,SF Bay Area,170,2024-01,2024,0.17,2 - Medium,0.87,Consumer,Series H,995,United States
Inmobi,"Bengaluru, Non-U.S.",125,2024-01,2024,0.05,2 - Medium,0.24,Marketing,Unknown,320,India
Audible,New York City,100,2024-01,2024,0.05,2 - Medium,0.23,Media,Acquired,14,United States
7Shifts,"Saskatoon, Non-U.S.",68,2024-01,2024,0.19,2 - Medium,0.80,Food,Series C,131,Canada
Sisense,New York City,60,2024-01,2024,0.13,2 - Medium,0.53,Data,Series F,274,United States
Cloudflare,SF Bay Area,40,2024-01,2024,,1 - Low,,Security,Post-IPO,332,United States
888,"Tel Aviv, Non-U.S.",,2024-01,2024,,Unknown,,Consumer,Post-IPO,,Israel
Certinia,SF Bay Area,,2024-01,2024,,Unknown,,Other,Unknown,194,United States
Chief,New York City,,2024-01,2024,,Unknown,,HR,Series B,140,United States
Dextrous Robotics,Memphis,,2024-01,2024,1,4 - Critical,,Logistics,Unknown,,United States
Citrix,Miami,1000,2024-01,2024,0.12,4 - Critical,0.83,Infrastructure,Acquired,20,United States
Google,SF Bay Area,1000,2024-01,2024,,4 - Critical,,Consumer,Post-IPO,26,United States
Iac,New York City,330,2024-01,2024,,2 - Medium,,Consumer,Post-IPO,,United States
Freshdirect,New York City,100,2024-01,2024,0.03,2 - Medium,0.14,Food,Acquired,280,United States
Beam Benefits,Columbus,74,2024-01,2024,,1 - Low,,Healthcare,Series E,168,United States
Instagram,SF Bay Area,60,2024-01,2024,,1 - Low,,Consumer,Acquired,57,United States
Amazon,Seattle,,2024-01,2024,,Unknown,,Retail,Post-IPO,108,United States
Chargepoint,SF Bay Area,,2024-01,2024,0.12,2 - Medium,,Manufacturing,Unknown,1400,United States
Sofi,SF Bay Area,,2024-01,2024,0.04,1 - Low,,Finance,Post-IPO,3000,United States
Twitch,SF Bay Area,500,2024-01,2024,0.35,3 - High,2.18,Consumer,Acquired,35,United States
Branch,Columbus,85,2024-01,2024,,1 - Low,,Finance,Series C,229,United States
Nevro,SF Bay Area,63,2024-01,2024,0.05,1 - Low,0.21,Healthcare,Post-IPO,556,United States
Fullstory,Atlanta,50,2024-01,2024,0.1,2 - Medium,0.39,Marketing,Unknown,197,United States
Uber Freight,SF Bay Area,40,2024-01,2024,,1 - Low,,Logistics,Subsidiary,2700,United States
Rent The Runway,New York City,37,2024-01,2024,0.1,2 - Medium,0.36,Retail,Post-IPO,526,United States
Treasure Financial,SF Bay Area,14,2024-01,2024,0.6,4 - Critical,1.62,Finance,Series A,14,United States
Humane,SF Bay Area,10,2024-01,2024,0.04,1 - Low,0.10,Hardware,Series C,230,United States
Evbox,"Amsterdam, Non-U.S.",,2024-01,2024,,Unknown,,Energy,Post-IPO,,Netherlands
Morning Consult,Washington D.C.,,2024-01,2024,,Unknown,,Data,Series B,91,United States
Trend Micro,"Tokyo, Non-U.S.",,2024-01,2024,0.02,1 - Low,,Security,Unknown,,Japan
Unity,SF Bay Area,1800,2024-01,2024,0.25,4 - Critical,1.87,Other,Post-IPO,1300,United States
Flipkart,"Bengaluru, Non-U.S.",1100,2024-01,2024,0.05,4 - Critical,0.35,Retail,Acquired,12900,India
Nuscale Power,Corvallis,154,2024-01,2024,0.28,3 - High,1.41,Energy,Post-IPO,470,United States
Flexe,Seattle,99,2024-01,2024,0.38,3 - High,1.75,Logistics,Series D,263,United States
Pitch,"Berlin, Non-U.S.",80,2024-01,2024,0.67,4 - Critical,2.94,Other,Series B,138,Germany
Benchsci,"Toronto, Non-U.S.",70,2024-01,2024,0.17,2 - Medium,0.72,Healthcare,Series D,164,Canada
Here,Miami,,2024-01,2024,1,4 - Critical,,Real Estate,Seed,5,United States
Ledger Investing,New York City,,2024-01,2024,0.25,3 - High,,Finance,Series B,91,United States
Lendio,Lehi,,2024-01,2024,,Unknown,,Finance,Series E,108,United States
Meridianlink,Los Angeles,,2024-01,2024,0.09,1 - Low,,Finance,Post-IPO,485,United States
Livevox,SF Bay Area,,2024-01,2024,,Unknown,,Support,Acquired,12,United States
Nanostring Technologies,Seattle,50,2024-01,2024,0.09,1 - Low,0.35,Healthcare,Post-IPO,826,United States
Cue Health,San Diego,94,2024-01,2024,0.13,2 - Medium,0.59,Healthcare,Post-IPO,899,United States
Lever,SF Bay Area,,2024-01,2024,,Unknown,,Recruiting,Acquired,123,United States
Trigo,"Tel Aviv, Non-U.S.",30,2024-01,2024,0.15,2 - Medium,0.52,Retail,Series C,199,Israel
Invision,New York City,,2024-01,2024,1,4 - Critical,,Product,Series F,356,United States
Videoamp,Los Angeles,,2024-01,2024,0.2,3 - High,,Marketing,Series F,456,United States
Xerox,Norwalk,3000,2024-01,2024,0.15,4 - Critical,1.20,Hardware,Post-IPO,27200,United States
Lazada Group,"Singapore, Non-U.S.",100,2024-01,2024,0.3,3 - High,1.38,Retail,Acquired,7200,Singapore
Orca Security,"Tel Aviv, Non-U.S.",60,2024-01,2024,0.15,2 - Medium,0.62,Security,Series C,632,Israel
Frontdesk,Milwaukee,200,2024-01,2024,1,4 - Critical,5.30,Travel,Unknown,26,United States
The Messenger,New York City,24,2024-01,2024,,1 - Low,,Media,Unknown,,United States
Ocado,"London, Non-U.S.",1000,2023-12,2023,,4 - Critical,,Food,Post-IPO,2000,United Kingdom
Bolt.Earth,"Bengaluru, Non-U.S.",,2023-12,2023,0.2,3 - High,,Energy,Series B,24,India
Strake,Boulder,,2023-12,2023,1,4 - Critical,,Infrastructure,Unknown,,United States
Paytm,"Noida, Non-U.S.",1000,2023-12,2023,,4 - Critical,,Finance,Unknown,,India
Intel,Sacramento,311,2023-12,2023,,2 - Medium,,Hardware,Post-IPO,12,United States
Hyperloop One,Los Angeles,,2023-12,2023,1,4 - Critical,,Transportation,Unknown,368,United States
Palmetto Clean Technology,Charleston,,2023-12,2023,,Unknown,,Energy,Private Equity,628,United States
Sharechat,"Bengaluru, Non-U.S.",200,2023-12,2023,0.15,2 - Medium,0.80,Consumer,Series H,1700,India
Insightec,"Haifa, Non-U.S.",100,2023-12,2023,0.2,3 - High,0.92,Healthcare,Unknown,733,Israel
Kaspien,Seattle,,2023-12,2023,1,4 - Critical,,Retail,Post-IPO,52,United States
Enphase Energy,SF Bay Area,350,2023-12,2023,0.1,2 - Medium,0.59,Energy,Post-IPO,116,United States
Udaan,"Bengaluru, Non-U.S.",100,2023-12,2023,0.1,2 - Medium,0.46,Retail,Unknown,1500,India
Checkout.Com,"London, Non-U.S.",80,2023-12,2023,,1 - Low,,Finance,Series D,1800,United Kingdom
Arm Holdings,"Shanghai, Non-U.S.",70,2023-12,2023,,1 - Low,,Hardware,Post-IPO,,China
Delivery Hero,"Berlin, Non-U.S.",,2023-12,2023,,Unknown,,Food,Post-IPO,9900,Germany
Ebay,"Tel Aviv, Non-U.S.",20,2023-12,2023,,1 - Low,,Retail,Post-IPO,1200,Israel
Glowforge,Seattle,30,2023-12,2023,,1 - Low,,Manufacturing,Series E,133,United States
Jellysmack,"Paris, Non-U.S.",,2023-12,2023,,Unknown,,Media,Series C,22,France
Superpedestrian,Boston,,2023-12,2023,,Unknown,,Transportation,Series C,262,United States
Cruise,SF Bay Area,900,2023-12,2023,0.24,3 - High,1.63,Transportation,Acquired,15000,United States
Solarisbank,"Berlin, Non-U.S.",20,2023-12,2023,,1 - Low,,Finance,Unknown,385,Germany
Bolt,SF Bay Area,,2023-12,2023,0.29,3 - High,,Finance,Series E,1300,United States
Curalie,"Berlin, Non-U.S.",,2023-12,2023,1,4 - Critical,,Healthcare,Unknown,,Germany
Curbio,Washington D.C.,,2023-12,2023,,Unknown,,Real Estate,Series B,76,United States
Flyhomes,Seattle,,2023-12,2023,,Unknown,,Real Estate,Series C,310,United States
Stellar Pizza,Los Angeles,,2023-12,2023,0.5,4 - Critical,,Food,Series A,25,United States
Invitae,SF Bay Area,235,2023-12,2023,0.15,2 - Medium,0.82,Healthcare,Post-IPO,2500,United States
Etsy,New York City,225,2023-12,2023,0.11,2 - Medium,0.60,Retail,Post-IPO,97,United States
Analog Devices,SF Bay Area,111,2023-12,2023,,2 - Medium,,Manufacturing,Post-IPO,,United States
Forgerock,SF Bay Area,109,2023-12,2023,,2 - Medium,,Other,Acquired,234,United States
Flex,SF Bay Area,31,2023-12,2023,,1 - Low,,Manufacturing,Unknown,,United States
Fourkites,Chicago,,2023-12,2023,0.15,2 - Medium,,Logistics,Unknown,241,United States
Sojern,SF Bay Area,,2023-12,2023,0.2,3 - High,,Marketing,Unknown,172,United States
Tomtom,"Lodz, Non-U.S.",45,2023-12,2023,,1 - Low,,Transportation,Post-IPO,,Poland
Chipper Cash,SF Bay Area,15,2023-12,2023,0.33,3 - High,0.91,Finance,Series C,302,United States
Jungle Scout,Austin,,2023-12,2023,,Unknown,,Retail,Private Equity,110,United States
Smiledirectclub,Nashville,,2023-12,2023,1,4 - Critical,,Healthcare,Post-IPO,694,United States
Sunfolding,SF Bay Area,,2023-12,2023,1,4 - Critical,,Energy,Series B,32,United States
Zulily,Seattle,839,2023-12,2023,1,4 - Critical,6.73,Retail,Acquired,194,United States
D2Iq,SF Bay Area,,2023-12,2023,1,4 - Critical,,Infrastructure,Series D,247,United States
Simplilearn,"Bengaluru, Non-U.S.",200,2023-12,2023,,2 - Medium,,Education,Acquired,76,India
Rivian,Detroit,20,2023-12,2023,,1 - Low,,Transportation,Post-IPO,10700,United States
Atmosphere,Austin,,2023-12,2023,,Unknown,,Other,Series D,214,United States
Navan,SF Bay Area,145,2023-12,2023,,2 - Medium,,Travel,Unknown,2200,United States
Tidal,New York City,40,2023-12,2023,0.1,2 - Medium,0.37,Consumer,Acquired,,United States
Zestmoney,"Bengaluru, Non-U.S.",150,2023-12,2023,1,4 - Critical,5.02,Finance,Series C,120,India
Navan,SF Bay Area,145,2023-12,2023,0.05,2 - Medium,0.25,Finance,Unknown,2200,United States
Incredibuild,"Tel Aviv, Non-U.S.",40,2023-12,2023,0.2,3 - High,0.74,Product,Series B,35,Israel
Bill.Com,SF Bay Area,,2023-12,2023,0.15,2 - Medium,,Finance,Post-IPO,280,United States
Contentful,"Berlin, Non-U.S.",,2023-12,2023,,Unknown,,Marketing,Series F,350,Germany
Course Hero,SF Bay Area,,2023-12,2023,0.25,3 - High,,Education,Series C,477,United States
Pivo,"Abuja, Non-U.S.",,2023-12,2023,1,4 - Critical,,Finance,Seed,3,Nigeria
Yahoo,SF Bay Area,,2023-12,2023,,Unknown,,Consumer,Acquired,6,United States
Spotify,"Stockholm, Non-U.S.",1500,2023-12,2023,0.17,4 - Critical,1.24,Media,Post-IPO,2100,Sweden
Tusimple,San Diego,150,2023-12,2023,,2 - Medium,,Transportation,Post-IPO,648,United States
Meow Wolf,Santa Fe,8,2023-12,2023,,1 - Low,,Media,Unknown,185,United States
Dwellwell,Los Angeles,,2023-12,2023,1,4 - Critical,,Real Estate,Seed,6,United States
Twilio,SF Bay Area,,2023-12,2023,0.05,1 - Low,,Other,Post-IPO,614,United States
Filmic,Seattle,,2023-12,2023,1,4 - Critical,,Other,Acquired,,United States
Loco,"Mumbai, Non-U.S.",40,2023-11,2023,0.36,3 - High,1.34,Consumer,Acquired,52,India
Zepz,"London, Non-U.S.",30,2023-11,2023,0.02,1 - Low,0.07,Finance,Series E,700,United Kingdom
Domo,Salt Lake City,,2023-11,2023,0.07,1 - Low,,Data,Post-IPO,689,United States
Mojo,New York City,,2023-11,2023,,Unknown,,Consumer,Unknown,100,United States
Pipedrive,"Tallinn, Non-U.S.",,2023-11,2023,,Unknown,,Sales,Private Equity,90,Estonia
Vox Media,Washington D.C.,,2023-11,2023,0.04,1 - Low,,Media,Series F,307,United States
Unity,SF Bay Area,265,2023-11,2023,0.04,2 - Medium,0.22,Other,Post-IPO,1300,United States
Dataminr,New York City,150,2023-11,2023,0.2,3 - High,1.00,AI,Series F,1100,United States
Multiverse,"London, Non-U.S.",,2023-11,2023,0.05,1 - Low,,Education,Series D,414,United Kingdom
Tier Mobility,"Berlin, Non-U.S.",,2023-11,2023,0.22,3 - High,,Transportation,Series D,646,Germany
Vmware,SF Bay Area,2837,2023-11,2023,,4 - Critical,,Infrastructure,Acquired,393,United States
Bytedance,"Shanghai, Non-U.S.",1000,2023-11,2023,,4 - Critical,,Consumer,Unknown,9400,China
Our Next Energy,Detroit,128,2023-11,2023,0.25,3 - High,1.21,Transportation,Series B,390,United States
Veev,SF Bay Area,,2023-11,2023,1,4 - Critical,,Construction,Series D,597,United States
Anar,"Mumbai, Non-U.S.",,2023-11,2023,1,4 - Critical,,Marketing,Seed,6,India
Alerzo,"Ibadan, Non-U.S.",100,2023-11,2023,,2 - Medium,,Retail,Series B,16,Nigeria
Mcmakler,"Berlin, Non-U.S.",60,2023-11,2023,,1 - Low,,Real Estate,Unknown,214,Germany
Tulip Retail,"Toronto, Non-U.S.",25,2023-11,2023,,1 - Low,,Retail,Series C,79,Canada
Jodo,"Bengaluru, Non-U.S.",100,2023-11,2023,,2 - Medium,,Finance,Series A,19,India
C3.Ai,SF Bay Area,,2023-11,2023,,Unknown,,AI,Series F,228,United States
Presto,SF Bay Area,,2023-11,2023,0.17,2 - Medium,,Food,Post-IPO,167,United States
Physics Wallah,"Noida, Non-U.S.",120,2023-11,2023,0.01,2 - Medium,0.05,Education,Series A,100,India
Nextgen Healthcare,St. Louis,84,2023-11,2023,,1 - Low,,Healthcare,Acquired,,United States
Amazon,Seattle,,2023-11,2023,,Unknown,,Retail,Post-IPO,108,United States
Buildertrend,Omaha,,2023-11,2023,0.16,2 - Medium,,Construction,Unknown,,United States
Jane,Lehi,,2023-11,2023,1,4 - Critical,,Retail,Series A,40,United States
Zazuu,London,,2023-11,2023,,Unknown,,Finance,Unknown,,United Kingdom
Sierra Space,Boulder,115,2023-11,2023,,2 - Medium,,Aerospace,Series B,1700,United States
Paystack,"Lagos, Non-U.S.",33,2023-11,2023,,1 - Low,,Finance,Acquired,10,Nigeria
Beamery,"London, Non-U.S.",,2023-11,2023,0.25,3 - High,,HR,Series D,223,United Kingdom
Sonos,New York City,,2023-11,2023,,Unknown,,Consumer,Post-IPO,455.2,United States
Fintechos,"Bucharest, Non-U.S.",,2023-11,2023,,Unknown,,Finance,Series B,91,Romania
Freshbooks,"Toronto, Non-U.S.",,2023-11,2023,0.06,1 - Low,,Finance,Unknown,331,Canada
Landing,Birmingham,,2023-11,2023,,Unknown,,Real Estate,Series C,347,United States
Singular Genomics,San Diego,,2023-11,2023,0.1,2 - Medium,,Healthcare,Post-IPO,176,United States
Uleet,Columbus,,2023-11,2023,1,4 - Critical,,Healthcare,Unknown,,United States
Chewy,Miami,200,2023-11,2023,,2 - Medium,,Retail,Post-IPO,451,United States
Sarcos,Pittsburgh,150,2023-11,2023,,2 - Medium,,Aerospace,Post-IPO,316,United States
Cake Group,"Singapore, Non-U.S.",50,2023-11,2023,0.3,3 - High,1.18,Crypto,Unknown,,Singapore
Halodoc,"Jakarta, Non-U.S.",,2023-11,2023,,Unknown,,Healthcare,Series D,245,India
Markforged,Boston,,2023-11,2023,,Unknown,,Manufacturing,Post-IPO,347,United States
Ping Identity,Denver,,2023-11,2023,,Unknown,,Security,Acquired,128,United States
Amazon,Seattle,180,2023-11,2023,,2 - Medium,,Retail,Post-IPO,108,United States
Tripadvisor,Boston,125,2023-11,2023,0.04,2 - Medium,0.19,Travel,Post-IPO,3,United States
Bowery Farming,New York City,,2023-11,2023,,Unknown,,Food,Unknown,626,United States
Carta,SF Bay Area,,2023-11,2023,,Unknown,,HR,Series G,1100,United States
Commure,SF Bay Area,,2023-11,2023,,Unknown,,Healthcare,Unknown,1900,United States
Oslash,"Bengaluru, Non-U.S.",,2023-11,2023,1,4 - Critical,,Other,Seed,7,India
Snap,Los Angeles,20,2023-11,2023,,1 - Low,,Consumer,Post-IPO,4900,United States
Amazon,Seattle,,2023-11,2023,,Unknown,,Retail,Post-IPO,108,United States
Bigcommerce,Austin,,2023-11,2023,0.07,1 - Low,,Retail,Post-IPO,224,United States
Cloudkitchens,Los Angeles,,2023-11,2023,,Unknown,,Real Estate,Unknown,1300,United States
Google,SF Bay Area,,2023-11,2023,,Unknown,,Consumer,Post-IPO,26,United States
Oportun,SF Bay Area,185,2023-11,2023,0.07,2 - Medium,0.37,Finance,Post-IPO,766,United States
Zillow,Seattle,23,2023-11,2023,,1 - Low,,Real Estate,Post-IPO,97,United States
Nextdoor,SF Bay Area,,2023-11,2023,0.25,3 - High,,Consumer,Post-IPO,736,United States
Zeus Living,SF Bay Area,,2023-11,2023,1,4 - Critical,,Real Estate,Series C,151,United States
Ava Labs,New York City,,2023-11,2023,0.12,2 - Medium,,Crypto,Unknown,640,United States
Homie,Salt Lake City,,2023-11,2023,,Unknown,,Real Estate,Series B,35,United States
Moore Threads,"Beijing, Non-U.S.",,2023-11,2023,,Unknown,,Hardware,Series B,,China
Pico Interactive,SF Bay Area,,2023-11,2023,,Unknown,,Other,Acquired,62,United States
F5,Seattle,120,2023-11,2023,0.02,2 - Medium,0.10,Security,Post-IPO,,United States
Nio,"Shanghai, Non-U.S.",,2023-11,2023,0.1,2 - Medium,,Transportation,Post-IPO,7200,China
Opensea,New York City,,2023-11,2023,0.5,4 - Critical,,Crypto,Series C,427,United States
Viasat,San Diego,800,2023-11,2023,0.1,3 - High,0.67,Other,Post-IPO,366,United States
Beyond Meat,Los Angeles,65,2023-11,2023,0.08,1 - Low,0.34,Food,Post-IPO,122,United States
Openspace,SF Bay Area,,2023-11,2023,,Unknown,,Construction,Series D,200,United States
Orchard,New York City,,2023-11,2023,,Unknown,,Real Estate,Series D,472,United States
Sportradar,"St. Gallen, Non-U.S.",,2023-11,2023,0.1,2 - Medium,,Data,Post-IPO,84,Switzerland
Informatica,SF Bay Area,545,2023-11,2023,0.1,3 - High,0.63,Data,Post-IPO,,United States
Splunk,SF Bay Area,500,2023-11,2023,0.07,3 - High,0.44,Data,Post-IPO,2400,United States
Faire,SF Bay Area,250,2023-11,2023,0.2,3 - High,1.11,Retail,Series G,1700,United States
Sana Benefits,Austin,73,2023-11,2023,0.5,4 - Critical,2.15,HR,Series B,106,United States
Olive,Columbus,,2023-10,2023,1,4 - Critical,,Healthcare,Series H,856,United States
Stepstone,"Berlin, Non-U.S.",215,2023-10,2023,0.05,2 - Medium,0.27,Recruiting,Acquired,,Germany
Hubilo,SF Bay Area,50,2023-10,2023,,1 - Low,,Other,Series B,153,United States
Karat Financial,Los Angeles,,2023-10,2023,,Unknown,,Finance,Series B,116,United States
Hippo Insurance,SF Bay Area,120,2023-10,2023,0.2,3 - High,0.96,Finance,Post-IPO,1300,United States
Graphy,"Bengaluru, Non-U.S.",50,2023-10,2023,0.2,3 - High,0.79,Education,Subsidiary,,India
Salsify,Boston,110,2023-10,2023,,2 - Medium,,Retail,Unknown,453,United States
F-Secure,"Helsinki, Non-U.S.",70,2023-10,2023,,1 - Low,,Security,Post-IPO,,Finland
Virgio,"Bengaluru, Non-U.S.",20,2023-10,2023,0.33,3 - High,1.00,Retail,Series A,,India
Exabeam,SF Bay Area,,2023-10,2023,0.2,3 - High,,Security,Series F,391,United States
Multiverse,"London, Non-U.S.",,2023-10,2023,,Unknown,,Education,Series D,414,United Kingdom
Slync,Dallas,,2023-10,2023,1,4 - Critical,,Logistics,Series B,76,United States
Sifive,SF Bay Area,130,2023-10,2023,0.2,3 - High,0.98,Hardware,Series F,365,United States
Pebble,SF Bay Area,,2023-10,2023,1,4 - Critical,,Consumer,Seed,1,United States
Shipt,Birmingham,,2023-10,2023,0.03,1 - Low,,Retail,Acquired,65,United States
Parity Technologies,"London, Non-U.S.",100,2023-10,2023,0.3,3 - High,1.38,Crypto,Unknown,,United Kingdom
Roblox China,"Shenzen, Non-U.S.",15,2023-10,2023,,1 - Low,,Consumer,Subsidiary,,China
Nomad Health,New York City,119,2023-10,2023,0.17,2 - Medium,0.81,Healthcare,Unknown,218,United States
Tropic,New York City,26,2023-10,2023,,1 - Low,,Finance,Series B,67,United States
Nomad Health,New York City,,2023-10,2023,0.25,3 - High,,Healthcare,Unknown,218,United States
Convoy,Seattle,500,2023-10,2023,1,4 - Critical,6.22,Logistics,Series E,1100,United States
Bullhorn,Boston,140,2023-10,2023,0.09,2 - Medium,0.45,Sales,Acquired,32,United States
Legalzoom,Austin,100,2023-10,2023,,2 - Medium,,Legal,Post-IPO,951,United States
Stellaralgo,"Calgary, Non-U.S.",21,2023-10,2023,0.28,3 - High,0.87,Data,Series A,16,Canada
Manomano,"Paris, Non-U.S.",230,2023-10,2023,0.25,3 - High,1.36,Retail,Series F,705,France
Google,SF Bay Area,40,2023-10,2023,,1 - Low,,Consumer,Post-IPO,26,United States
Wetransfer,"Amsterdam, Non-U.S.",35,2023-10,2023,0.1,2 - Medium,0.36,Other,Series A,64,Netherlands
Plume,Denver,24,2023-10,2023,,1 - Low,,Healthcare,Series B,38,United States
Belora Paris,"Gurugram, Non-U.S.",,2023-10,2023,1,4 - Critical,,Retail,Seed,,India
Made Renovation,SF Bay Area,,2023-10,2023,1,4 - Critical,,Construction,Seed,9,United States
Volta Trucks,"Stockholm, Non-U.S.",,2023-10,2023,1,4 - Critical,,Transportation,Series C,391,Sweden
Expedia,Seattle,100,2023-10,2023,,2 - Medium,,Travel,Post-IPO,3300,United States
Waymo,SF Bay Area,,2023-10,2023,,Unknown,,Transportation,Subsidiary,5500,United States
Linkedin,SF Bay Area,660,2023-10,2023,0.03,3 - High,0.19,Recruiting,Acquired,154,United States
Citymall,"Gurugram, Non-U.S.",90,2023-10,2023,,1 - Low,,Retail,Series C,112,India
C2Fo,Kansas City,80,2023-10,2023,0.03,1 - Low,0.13,Finance,Series H,537,United States
Kayak / Opentable,Stamford,80,2023-10,2023,,1 - Low,,Travel,Acquired,229,United States
Bandcamp,SF Bay Area,58,2023-10,2023,0.5,4 - Critical,2.04,Other,Acquired,,United States
Stack Overflow,New York City,,2023-10,2023,0.28,3 - High,,Recruiting,Acquired,153,United States
Pokerstars,"Leeds, Non-U.S.",,2023-10,2023,,Unknown,,Consumer,Acquired,,United Kingdom
Adda247,"Gurugram, Non-U.S.",300,2023-10,2023,,2 - Medium,,Education,Series B,61,India
Flexport,SF Bay Area,,2023-10,2023,0.2,3 - High,,Logistics,Series E,2400,United States
Uno Health,New York City,,2023-10,2023,,Unknown,,Healthcare,Unknown,,United States
Qualcomm,San Diego,1258,2023-10,2023,0.02,4 - Critical,0.14,Hardware,Post-IPO,,United States
Lending Club,SF Bay Area,172,2023-10,2023,0.14,2 - Medium,0.72,Finance,Post-IPO,392,United States
Mariadb,SF Bay Area,84,2023-10,2023,0.28,3 - High,1.24,Data,Post-IPO,272,United States
Deepgram,SF Bay Area,20,2023-10,2023,0.2,3 - High,0.61,AI,Series B,86,United States
Acronis,"Zurich, Non-U.S.",,2023-10,2023,,Unknown,,Security,Private Equity,658,Switzerland
Neon,"Sao Paulo, Non-U.S.",180,2023-10,2023,,2 - Medium,,Finance,Series D,727,Brazil
Stitch Fix,Dallas,558,2023-10,2023,,3 - High,,Retail,Post-IPO,79,United States
Carbon Health,SF Bay Area,114,2023-10,2023,0.05,2 - Medium,0.24,Healthcare,Series D,522,United States
Blue Origin,Seattle,40,2023-10,2023,,1 - Low,,Aerospace,Unknown,167,United States
Braid,SF Bay Area,,2023-10,2023,1,4 - Critical,,Finance,Unknown,,United States
Product Hunt,Unknown,,2023-10,2023,0.6,4 - Critical,,Consumer,Acquired,,United States
Vtrips,Jacksonville,75,2023-10,2023,0.09,1 - Low,0.39,Travel,Private Equity,,United States
Juniper Networks,SF Bay Area,440,2023-10,2023,0.04,2 - Medium,0.24,Hardware,Post-IPO,39,United States
Investcloud,Los Angeles,80,2023-10,2023,0.05,1 - Low,0.22,Finance,Private Equity,54,United States
Brave,SF Bay Area,,2023-10,2023,0.09,1 - Low,,Consumer,Series B,42,United States
Dash,New York City,,2023-10,2023,1,4 - Critical,,Finance,Unknown,86,United States
Shift,SF Bay Area,,2023-10,2023,1,4 - Critical,,Transportation,Post-IPO,504,United States
Yuga Labs,Miami,,2023-10,2023,,Unknown,,Crypto,Unknown,450,United States
Enovix,SF Bay Area,185,2023-10,2023,,2 - Medium,,Energy,Post-IPO,516,United States
Bizongo,"Mumbai, Non-U.S.",50,2023-10,2023,,1 - Low,,Retail,Series E,315,India
Schoolmint,SF Bay Area,29,2023-10,2023,0.14,2 - Medium,0.48,Education,Acquired,8,United States
Seekout,Seattle,16,2023-10,2023,0.07,1 - Low,0.20,Recruiting,Series C,,United States
Arrival,"London, Non-U.S.",,2023-10,2023,0.25,3 - High,,Transportation,Post-IPO,629,United Kingdom
Ledger,"Paris, Non-U.S.",,2023-10,2023,0.12,2 - Medium,,Crypto,Series C,577,France
Qualtrics,Salt Lake City,780,2023-10,2023,0.14,3 - High,0.93,Other,Acquired,400,United States
Hopper,"Montreal, Non-U.S.",250,2023-10,2023,0.3,3 - High,1.66,Travel,Unknown,730,Canada
Bird,Los Angeles,,2023-10,2023,,Unknown,,Transportation,Post-IPO,916,United States
Block,SF Bay Area,,2023-10,2023,,Unknown,,Finance,Post-IPO,150,United States
Meta,SF Bay Area,,2023-10,2023,,Unknown,,Consumer,Post-IPO,26000,United States
Dare,"London, Non-U.S.",,2023-10,2023,,Unknown,,Energy,Unknown,,United Kingdom
Sendoso,SF Bay Area,,2023-10,2023,,Unknown,,Marketing,Series C,152,United States
Twitch,SF Bay Area,,2023-10,2023,,Unknown,,Consumer,Acquired,35,United States
Chainalysis,New York City,150,2023-10,2023,0.15,2 - Medium,0.75,Crypto,Series F,536,United States
Synapse,SF Bay Area,86,2023-10,2023,0.4,3 - High,1.79,Finance,Series B,50,United States
Chia Network,SF Bay Area,26,2023-10,2023,0.37,3 - High,1.22,Crypto,Series D,70,United States
Ironnet,Washington D.C.,,2023-10,2023,1,4 - Critical,,Security,Post-IPO,428,United States
Sono Motors,"Munich, Non-U.S.",,2023-10,2023,,Unknown,,Transportation,Post-IPO,127,Germany
Cowbell,SF Bay Area,28,2023-09,2023,0.12,2 - Medium,0.40,Finance,Series B,123,United States
N26,"Berlin, Non-U.S.",14,2023-09,2023,,1 - Low,,Finance,Series E,1700,Germany
Andgo,"Saskatoon, Non-U.S.",9,2023-09,2023,,1 - Low,,HR,Series A,5,Canada
Vendasta,"Saskatoon, Non-U.S.",,2023-09,2023,,Unknown,,Marketing,Series D,178,Canada
Epic Games,Raleigh,870,2023-09,2023,0.16,3 - High,1.08,Consumer,Unknown,6400,United States
Lululemon Studio,New York City,120,2023-09,2023,,2 - Medium,,Fitness,Acquired,75,United States
2U,Washington D.C.,,2023-09,2023,,Unknown,,Education,Post-IPO,426,United States
Fit Analytics,"Berlin, Non-U.S.",,2023-09,2023,1,4 - Critical,,Retail,Acquired,,Unknown
Snap,Los Angeles,170,2023-09,2023,,2 - Medium,,Consumer,Post-IPO,4900,United States
Fi.Money,"Bengaluru, Non-U.S.",30,2023-09,2023,0.1,2 - Medium,0.34,Finance,Series C,137,India
Dunzo,"Bengaluru, Non-U.S.",150,2023-09,2023,0.3,3 - High,1.51,Food,Unknown,458,India
Flexe,Seattle,131,2023-09,2023,0.33,3 - High,1.61,Logistics,Series D,263,United States
Talkdesk,SF Bay Area,,2023-09,2023,,Unknown,,Support,Series D,497,United States
Lucid Software,Salt Lake City,75,2023-09,2023,0.07,1 - Low,0.30,Other,Series E,170,United States
Eat Just,SF Bay Area,40,2023-09,2023,,1 - Low,,Food,Unknown,465,United States
Appsmith,SF Bay Area,35,2023-09,2023,0.25,3 - High,0.90,Unknown,Series B,51,United States
Roblox,New York City,30,2023-09,2023,,1 - Low,,Consumer,Post-IPO,857,United States
Foodpanda,"Singapore, Non-U.S.",,2023-09,2023,,Unknown,,Food,Acquired,749,Singapore
Recast,"Edinburgh, Non-U.S.",,2023-09,2023,1,4 - Critical,,Media,Series A,14,United Kingdom
Dealshare,"Bengaluru, Non-U.S.",130,2023-09,2023,,2 - Medium,,Retail,Series E,390,India
Merative,"Dublin, Non-U.S.",100,2023-09,2023,,2 - Medium,,Healthcare,Acquired,,Ireland
Robinhood,SF Bay Area,,2023-09,2023,,Unknown,,Finance,Post-IPO,5600,United States
Akudo,"Bengaluru, Non-U.S.",,2023-09,2023,1,4 - Critical,,Finance,Seed,4,India
Outreach,Seattle,,2023-09,2023,0.12,2 - Medium,,Sales,Series G,489,United States
Truss Works,SF Bay Area,,2023-09,2023,,Unknown,,Real Estate,Unknown,,United States
Nowadays,SF Bay Area,,2023-09,2023,1,4 - Critical,,Food,Seed,10,United States
Cisco,SF Bay Area,350,2023-09,2023,,2 - Medium,,Infrastructure,Post-IPO,2,United States
Hooray Foods,SF Bay Area,,2023-09,2023,1,4 - Critical,,Food,Seed,7,United States
Sage Therapeutics Copy,Boston,290,2023-09,2023,,2 - Medium,,Healthcare,Post-IPO,438,United States
7Shifts,"Saskatoon, Non-U.S.",30,2023-09,2023,0.07,1 - Low,0.24,Food,Series C,131,Canada
Velocity,"Bengaluru, Non-U.S.",,2023-09,2023,0.14,2 - Medium,,Finance,Series A,30,India
Airtable,SF Bay Area,237,2023-09,2023,0.27,3 - High,1.48,Product,Series F,1400,United States
Project44,Chicago,116,2023-09,2023,,2 - Medium,,Logistics,Unknown,817,United States
Videoamp,Los Angeles,40,2023-09,2023,0.1,2 - Medium,0.37,Marketing,Series F,456,United States
R3,New York City,,2023-09,2023,0.2,3 - High,,Crypto,Series A,112,United States
Google,SF Bay Area,75,2023-09,2023,,1 - Low,,Consumer,Post-IPO,26,United States
Akili Labs,Boston,,2023-09,2023,0.4,3 - High,,Healthcare,Post-IPO,301,United States
Evolve,Denver,175,2023-09,2023,0.2,3 - High,1.03,Travel,Series F,224,United States
Binance.Us,SF Bay Area,100,2023-09,2023,0.33,3 - High,1.52,Crypto,Subsidiary,,United States
Paper,"Montreal, Non-U.S.",87,2023-09,2023,0.03,1 - Low,0.13,Education,Series D,389,Canada
Homeday,"Berlin, Non-U.S.",40,2023-09,2023,0.2,3 - High,0.74,Real Estate,Unknown,71,Germany
At-Bay,SF Bay Area,27,2023-09,2023,0.09,1 - Low,0.30,Security,Unknown,296,United States
Eurora,"Tallinn, Non-U.S.",111,2023-09,2023,,2 - Medium,,Other,Series A,42,Estonia
Chargebee,SF Bay Area,100,2023-09,2023,0.1,2 - Medium,0.46,Finance,Series H,468,United States
Divvy Homes,SF Bay Area,94,2023-09,2023,,1 - Low,,Real Estate,Series B,180,United States
Grabango,SF Bay Area,34,2023-09,2023,0.4,3 - High,1.42,Food,Unknown,94,United States
Bonterra,Austin,,2023-09,2023,,Unknown,,Other,Unknown,,United States
Mollie,"Amsterdam, Non-U.S.",,2023-09,2023,,Unknown,,Finance,Series C,928,Netherlands
Oyster,Charlotte,,2023-09,2023,,Unknown,,HR,Series C,224,United States
Chargepoint,SF Bay Area,,2023-09,2023,0.1,2 - Medium,,Manufacturing,Unknown,1400,United States
Sensor Tower,SF Bay Area,,2023-09,2023,,Unknown,,Marketing,Private Equity,46,United States
Drift,Boston,100,2023-09,2023,0.25,3 - High,1.15,Marketing,Acquired,107,United States
Hijra,"Jakarta, Non-U.S.",,2023-09,2023,,Unknown,,Finance,Unknown,67,Indonesia
Roku,SF Bay Area,360,2023-09,2023,0.1,2 - Medium,0.59,Media,Post-IPO,208,United States
Forescout,"Tel Aviv, Non-U.S.",40,2023-09,2023,,1 - Low,,Security,Acquired,125,Israel
Better.Com,New York City,,2023-09,2023,,Unknown,,Real Estate,Unknown,905,United States
Blue Origin,Seattle,,2023-09,2023,,Unknown,,Aerospace,Unknown,167,United States
Ispecimen,Boston,,2023-09,2023,0.2,3 - High,,Healthcare,Post-IPO,31,United States
Maxmilhas,"Belo Horizonte, Non-U.S.",82,2023-09,2023,0.18,2 - Medium,0.80,Travel,Unknown,,Brazil
Absci,Portland,30,2023-09,2023,0.15,2 - Medium,0.52,Healthcare,Post-IPO,238,United States
Hodinkee,New York City,24,2023-09,2023,0.2,3 - High,0.64,Retail,Seed,40,United States
Talent.Com,"Montreal, Non-U.S.",,2023-09,2023,,Unknown,,Recruiting,Series B,150,Canada
Mpharma,"Accra, Non-U.S.",150,2023-09,2023,,2 - Medium,,Healthcare,Series D,90,Ghana
Xolo,"Tallinn, Non-U.S.",24,2023-09,2023,,1 - Low,,Finance,Series A,11,Estonia
Nexar,New York City,17,2023-09,2023,0.14,2 - Medium,0.40,Transportation,Series D,149,United States
Khatabook,"Bengaluru, Non-U.S.",42,2023-09,2023,,1 - Low,,Finance,Series C,187,India
Clearcover,Chicago,,2023-09,2023,0.28,3 - High,,Finance,Series D,304,United States
Gated,SF Bay Area,,2023-09,2023,1,4 - Critical,,Other,Seed,3,United States
Lunchtime,"Brno, Non-U.S.",,2023-09,2023,1,4 - Critical,,Food,Acquired,,Czech Republic
Pegasystems,Boston,240,2023-08,2023,0.04,2 - Medium,0.22,HR,Post-IPO,,United States
Biofourmis,Boston,120,2023-08,2023,,2 - Medium,,Healthcare,Series D,464,United States
Malwarebytes,SF Bay Area,100,2023-08,2023,,2 - Medium,,Security,Series B,80,United States
Expedia,Seattle,,2023-08,2023,,Unknown,,Travel,Post-IPO,3300,United States
Productboard,SF Bay Area,,2023-08,2023,0.1,2 - Medium,,Product,Series D,,United States
Skykick,Seattle,140,2023-08,2023,,2 - Medium,,Other,Unknown,198,United States
Omuni,"Bengaluru, Non-U.S.",60,2023-08,2023,0.35,3 - High,1.44,Retail,Acquired,10,India
Kenko Health,"Mumbai, Non-U.S.",50,2023-08,2023,0.2,3 - High,0.79,Healthcare,Series A,14,India
Huma,"London, Non-U.S.",45,2023-08,2023,0.1,2 - Medium,0.38,Healthcare,Unknown,217,United Kingdom
Zeplin,SF Bay Area,37,2023-08,2023,0.35,3 - High,1.27,Product,Seed,1,United States
Kenko Health,"Mumbai, Non-U.S.",50,2023-08,2023,0.2,3 - High,0.79,Healthcare,Unknown,14,India
123Milhas,"Belo Horizonte, Non-U.S.",,2023-08,2023,,Unknown,,Travel,Unknown,,Brazil
Zebra Technologies,Chicago,700,2023-08,2023,0.07,3 - High,0.46,Manufacturing,Post-IPO,2000,United States
Coinswitch,"Bengaluru, Non-U.S.",44,2023-08,2023,,1 - Low,,Crypto,Series C,301,India
Clockwork,Dallas,,2023-08,2023,1,4 - Critical,,Crypto,Seed,4,United States
Sensetime,"Hong Kong, Non-U.S.",,2023-08,2023,,Unknown,,AI,Post-IPO,2600,Hong Kong
Hackerrank,SF Bay Area,53,2023-08,2023,,1 - Low,,Recruiting,Series D,103,United States
Cuemath,"Bengaluru, Non-U.S.",100,2023-08,2023,,2 - Medium,,Education,Unknown,121,India
Fortinet,SF Bay Area,,2023-08,2023,,Unknown,,Security,Post-IPO,89,United States
Captiv8,SF Bay Area,8,2023-08,2023,0.03,1 - Low,0.07,Marketing,Unknown,4,United States
Chingari,"Bengaluru, Non-U.S.",,2023-08,2023,0.5,4 - Critical,,Media,Unknown,88,India
Atlas,Chicago,150,2023-08,2023,0.3,3 - High,1.51,HR,Series B,220,United States
Veriff,"Tallinn, Non-U.S.",101,2023-08,2023,0.21,3 - High,0.97,Security,Series C,192,Estonia
Blackline,Los Angeles,95,2023-08,2023,0.05,1 - Low,0.23,Finance,Post-IPO,220,United States
Rivos,SF Bay Area,24,2023-08,2023,0.06,1 - Low,0.19,Hardware,Unknown,,United States
Cellulant,"Nairobi, Non-U.S.",,2023-08,2023,0.2,3 - High,,Finance,Series C,54,Kenya
Join,"Berlin, Non-U.S.",,2023-08,2023,,Unknown,,Recruiting,Unknown,,Germany
Getir,"London, Non-U.S.",2500,2023-08,2023,0.11,4 - Critical,0.86,Food,Series E,1800,United Kingdom
Coindcx,"Mumbai, Non-U.S.",,2023-08,2023,0.12,2 - Medium,,Crypto,Series D,247,India
Datagen,"Tel Aviv, Non-U.S.",,2023-08,2023,,Unknown,,AI,Series B,72,Israel
Hypefast,"Jakarta, Non-U.S.",,2023-08,2023,0.3,3 - High,,Retail,Series A,33,Indonesia
Tempo Automation,SF Bay Area,,2023-08,2023,,Unknown,,Other,Post-IPO,154,United States
Recur,Miami,,2023-08,2023,,Unknown,,Crypto,Series A,55,United States
Unite Us,New York City,,2023-08,2023,,Unknown,,Healthcare,Series C,196,United States
Twiga,"Nairobi, Non-U.S.",283,2023-08,2023,0.33,3 - High,1.86,Food,Series C,157,Kenya
Spartan Poker,"Kolkata, Non-U.S.",125,2023-08,2023,0.4,3 - High,1.93,Consumer,Unknown,,India
Times Internet,"Gurugram, Non-U.S.",100,2023-08,2023,0.05,2 - Medium,0.23,Media,Subsidiary,,India
Detectify,"Stockholm, Non-U.S.",30,2023-08,2023,,1 - Low,,Security,Unknown,42,Sweden
Embrace,SF Bay Area,,2023-08,2023,,Unknown,,Product,Unknown,77,United States
Zylo,Indianapolis,,2023-08,2023,0.1,2 - Medium,,Other,Series C,72,United States
Illumina,San Diego,151,2023-08,2023,,2 - Medium,,Healthcare,Post-IPO,28,United States
Appfolio,Santa Barbara,149,2023-08,2023,0.09,2 - Medium,0.45,Real Estate,Post-IPO,30,United States
Intel,SF Bay Area,140,2023-08,2023,,2 - Medium,,Hardware,Post-IPO,12,United States
Streamelements,"Tel Aviv, Non-U.S.",60,2023-08,2023,0.35,3 - High,1.44,Media,Series B,111,Israel
Circleci,SF Bay Area,,2023-08,2023,,Unknown,,Product,Series F,315,United States
Flexcar,Boston,20,2023-08,2023,,1 - Low,,Transportation,Unknown,297,United States
Xendit,"Jakarta, Non-U.S.",,2023-08,2023,,Unknown,,Finance,Series D,534,Indonesia
Noice,"Helsinki, Non-U.S.",,2023-08,2023,,Unknown,,Consumer,Seed,5,Finland
Secureworks,Atlanta,300,2023-08,2023,0.15,2 - Medium,0.86,Security,Post-IPO,83,United States
Easee,"Sandnes, Non-U.S.",200,2023-08,2023,0.57,4 - Critical,3.02,Energy,Unknown,,Norway
Coindesk,New York City,,2023-08,2023,,Unknown,,Crypto,Acquired,,United States
Iqiyi Smart,"Beijing, Non-U.S.",,2023-08,2023,,Unknown,,Other,Series C,,China
Lingoace,"Singapore, Non-U.S.",,2023-08,2023,,Unknown,,Education,Series C,180,Singapore
Shutterfly,Minneapolis,246,2023-08,2023,,2 - Medium,,Manufacturing,Post-IPO,50,United States
Shine Technologies,Milwaukee,59,2023-08,2023,,1 - Low,,Other,Series C,672,United States
Hike,"New Delhi, Non-U.S.",55,2023-08,2023,,1 - Low,,Consumer,Unknown,261,India
Ncc Group,"Manchester, Non-U.S.",,2023-08,2023,,Unknown,,Security,Post-IPO,,United Kingdom
Blend,SF Bay Area,150,2023-08,2023,0.19,2 - Medium,0.95,Finance,Post-IPO,665,United States
Niantic,Los Angeles,100,2023-08,2023,,2 - Medium,,Other,Series D,770,United States
Babylon Health,"London, Non-U.S.",94,2023-08,2023,,1 - Low,,Healthcare,Post-IPO,1200,United Kingdom
Dealtale,"Tel Aviv, Non-U.S.",70,2023-08,2023,1,4 - Critical,4.26,Sales,Acquired,2,Israel
Bukalapak,"Jakarta, Non-U.S.",,2023-08,2023,,Unknown,,Retail,Post-IPO,925,Indonesia
Podium,Lehi,,2023-08,2023,,Unknown,,Support,Series D,419,United States
Quizy,"Gurugram, Non-U.S.",,2023-08,2023,1,4 - Critical,,Consumer,Seed,,India
Styleseat,SF Bay Area,,2023-08,2023,0.17,2 - Medium,,Consumer,Series C,40,United States
Thoughtworks,Chicago,579,2023-08,2023,0.05,3 - High,0.32,Other,Post-IPO,748,United States
Rapid7,Boston,470,2023-08,2023,0.18,2 - Medium,1.11,Security,Post-IPO,89,United States
Mpl,"Bengaluru, Non-U.S.",350,2023-08,2023,,2 - Medium,,Consumer,Unknown,375,India
Doximity,SF Bay Area,100,2023-08,2023,0.1,2 - Medium,0.46,Healthcare,Post-IPO,82,United States
23Andme,SF Bay Area,71,2023-08,2023,0.11,2 - Medium,0.47,Healthcare,Post-IPO,1100,United States
Caliva,SF Bay Area,54,2023-08,2023,,1 - Low,,Retail,Series B,75,United States
Sendy,"Nairobi, Non-U.S.",,2023-08,2023,1,4 - Critical,,Logistics,Series B,26,Kenya
Dell,Austin,,2023-08,2023,,Unknown,,Hardware,Post-IPO,,United States
Verse,"Barcelona, Non-U.S.",,2023-08,2023,1,4 - Critical,,Finance,Acquired,38,Spain
Qomplx,Washington D.C.,60,2023-08,2023,,1 - Low,,AI,Series A,107,United States
Codeclan,"Edinburgh, Non-U.S.",57,2023-08,2023,1,4 - Critical,4.06,Education,Seed,,United Kingdom
Top Hat,"Toronto, Non-U.S.",42,2023-08,2023,0.07,1 - Low,0.26,Education,Series E,234,Canada
Astra,SF Bay Area,,2023-08,2023,0.25,3 - High,,Aerospace,Post-IPO,300,United States
Big Cabal Media,"Lagos, Non-U.S.",,2023-08,2023,0.19,2 - Medium,,Media,Seed,3,Nigeria
Discord,SF Bay Area,37,2023-08,2023,0.04,1 - Low,0.15,Consumer,Series H,995,United States
Bardee,"Melbourne, Non-U.S.",30,2023-08,2023,,1 - Low,,Food,Seed,5,Australia
Aware,Columbus,,2023-08,2023,,Unknown,,Security,Series C,88,United States
Ayoconnect,"Jakarta, Non-U.S.",,2023-08,2023,0.1,2 - Medium,,Finance,Series B,43,Indonesia
Finastra,"Tel Aviv, Non-U.S.",,2023-08,2023,,Unknown,,Finance,Unknown,,Israel
Spinny,"Gurugram, Non-U.S.",300,2023-08,2023,0.05,2 - Medium,0.29,Transportation,Series E,513,India
Tekion,"Bengaluru, Non-U.S.",300,2023-08,2023,0.1,2 - Medium,0.57,Other,Series D,435,India
Betterup,SF Bay Area,100,2023-08,2023,0.16,2 - Medium,0.74,HR,Series E,567,United States
Augury,New York City,70,2023-08,2023,0.18,2 - Medium,0.77,Manufacturing,Series E,274,United States
Gem,SF Bay Area,70,2023-08,2023,,1 - Low,,Recruiting,Series C,148,United States
Gupy,"Sao Paulo, Non-U.S.",58,2023-08,2023,0.08,1 - Low,0.33,HR,Series B,105,Brazil
Salesforce,"Dublin, Non-U.S.",50,2023-08,2023,,1 - Low,,Sales,Post-IPO,65,Ireland
Fampay,"Bengaluru, Non-U.S.",18,2023-08,2023,,1 - Low,,Finance,Series A,42,India
Actyv.Ai,"Bengaluru, Non-U.S.",,2023-08,2023,0.6,4 - Critical,,Finance,Seed,12,India
Connectedh,"Gurugram, Non-U.S.",,2023-08,2023,1,4 - Critical,,Healthcare,Seed,2,India
Dice,"London, Non-U.S.",,2023-08,2023,,Unknown,,Consumer,Series C,135,United Kingdom
Hackerone,SF Bay Area,,2023-08,2023,0.12,2 - Medium,,Security,Series E,159,United States
Silofit,"Montreal, Non-U.S.",,2023-08,2023,1,4 - Critical,,Fitness,Series A,19,Canada
Tripadvisor,Boston,,2023-08,2023,,Unknown,,Travel,Post-IPO,3,United States
Vesttoo,"Tel Aviv, Non-U.S.",150,2023-08,2023,0.75,4 - Critical,3.76,Finance,Series C,110,Israel
Planet,SF Bay Area,117,2023-08,2023,0.1,2 - Medium,0.48,Aerospace,Post-IPO,574,United States
Paper,"Montreal, Non-U.S.",106,2023-08,2023,0.04,2 - Medium,0.19,Education,Series D,389,Canada
Archipelago,SF Bay Area,40,2023-08,2023,0.3,3 - High,1.11,Real Estate,Series B,57,United States
Increff,"Bengaluru, Non-U.S.",,2023-08,2023,0.2,3 - High,,Retail,Series B,17,India
Indigo,Boston,,2023-08,2023,,Unknown,,Other,Series F,1200,United States
Indrive,SF Bay Area,,2023-08,2023,0.1,2 - Medium,,Transportation,Unknown,387,United States
Outreach,Seattle,,2023-08,2023,0.05,1 - Low,,Sales,Series G,489,United States
Qoala,"Jakarta, Non-U.S.",80,2023-07,2023,,1 - Low,,Finance,Series B,89,Indonesia
Fable,"Toronto, Non-U.S.",13,2023-07,2023,0.09,1 - Low,0.24,Other,Series A,12,Canada
Nexar,New York City,12,2023-07,2023,,1 - Low,,Transportation,Series D,149,United States
Cambricon,"Beijing, Non-U.S.",,2023-07,2023,,Unknown,,Hardware,Series B,200,China
Kape Technologies,"London, Non-U.S.",200,2023-07,2023,0.3,3 - High,1.59,Security,Post-IPO,188,United Kingdom
Eroad,"Auckland, Non-U.S.",200,2023-07,2023,0.31,3 - High,1.64,Transportation,Unknown,46,New Zealand
Kape,"London, Non-U.S.",180,2023-07,2023,,2 - Medium,,Security,Post-IPO,188,United Kingdom
Homology,Boston,,2023-07,2023,,Unknown,,Healthcare,Post-IPO,187,United States
Milkbasket,"Gurugram, Non-U.S.",400,2023-07,2023,0.67,4 - Critical,4.02,Food,Acquired,39,India
Wish,SF Bay Area,255,2023-07,2023,0.34,3 - High,1.89,Retail,Post-IPO,1600,United States
Point,SF Bay Area,61,2023-07,2023,0.28,3 - High,1.16,Real Estate,Series C,149,United States
Akseleran,"Jakarta, Non-U.S.",60,2023-07,2023,,1 - Low,,Finance,Series A,9,Indonesia
Verbit,New York City,60,2023-07,2023,0.06,1 - Low,0.25,Data,Series E,569,United States
Datree,SF Bay Area,,2023-07,2023,1,4 - Critical,,Other,Seed,11,United States
Degreed,SF Bay Area,,2023-07,2023,,Unknown,,Education,Unknown,463,United States
Copia,"Nairobi, Non-U.S.",350,2023-07,2023,0.25,3 - High,1.47,Retail,Series C,103,Kenya
Figure,SF Bay Area,90,2023-07,2023,0.2,3 - High,0.90,Crypto,Unknown,1500,United States
Calendly,Atlanta,60,2023-07,2023,0.1,2 - Medium,0.41,Other,Series B,351,United States
Myntra,"Bengaluru, Non-U.S.",50,2023-07,2023,,1 - Low,,Retail,Acquired,516,India
Kleos Space,"Luxembourg, Raleigh",,2023-07,2023,1,4 - Critical,,Aerospace,Post-IPO,17,Luxembourg
Ripl,Seattle,,2023-07,2023,,Unknown,,Marketing,Unknown,9,United States
Deep Instict,New York City,46,2023-07,2023,0.15,2 - Medium,0.58,Security,Unknown,322,United States
Pluralsight,Salt Lake City,,2023-07,2023,,Unknown,,Education,Acquired,192,United States
Appharvest,Lexington,,2023-07,2023,1,4 - Critical,,Food,Post-IPO,692,United States
Arive,"Munich, Non-U.S.",,2023-07,2023,,Unknown,,Retail,Unknown,37,Germany
Onfido,"London, Non-U.S.",,2023-07,2023,,Unknown,,Finance,Series D,182,United Kingdom
Pathai,Boston,87,2023-07,2023,,1 - Low,,Healthcare,Series C,255,United States
Bundle Africa,"Lagos, Non-U.S.",,2023-07,2023,1,4 - Critical,,Crypto,Seed,1,Nigeria
Viaplay,"Stockholm, Non-U.S.",450,2023-07,2023,0.25,3 - High,1.53,Media,Unknown,,Sweden
Stoa,Phoenix,80,2023-07,2023,0.8,4 - Critical,3.52,Real Estate,Unknown,,United States
Dunzo,"Bengaluru, Non-U.S.",,2023-07,2023,,Unknown,,Food,Unknown,382,India
Miq,"London, Non-U.S.",,2023-07,2023,,Unknown,,Marketing,Private Equity,,United Kingdom
Phunware,Austin,,2023-07,2023,,Unknown,,Other,Post-IPO,87,United States
Saarthi.Ai,"Bengaluru, Non-U.S.",,2023-07,2023,,Unknown,,Support,Unknown,,India
Agentsync,Denver,67,2023-07,2023,0.24,3 - High,1.01,Finance,Series B,111,United States
Inspirato,Denver,50,2023-07,2023,0.06,1 - Low,0.24,Travel,Post-IPO,179,United States
Tilia,SF Bay Area,28,2023-07,2023,0.32,3 - High,1.08,Finance,Unknown,32,United States
Blue Apron,New York City,,2023-07,2023,0.2,3 - High,,Food,Post-IPO,422,United States
Microsoft,Seattle,1000,2023-07,2023,,4 - Critical,,Other,Post-IPO,1,United States
Cameo,Chicago,80,2023-07,2023,,1 - Low,,Consumer,Unknown,165,United States
Square Roots,New York City,,2023-07,2023,,Unknown,,Food,Unknown,91,United States
Sarcos,Salt Lake City,75,2023-07,2023,0.25,3 - High,1.08,Aerospace,Post-IPO,316,United States
Code42,Minneapolis,,2023-07,2023,,Unknown,,Security,Unknown,137,United States
Ezoic,San Diego,,2023-07,2023,0.28,3 - High,,Infrastructure,Series A,39,United States
Ibm,"Tel Aviv, Non-U.S.",,2023-07,2023,,Unknown,,Hardware,Post-IPO,,Israel
Lamudi Indonesia,"Jakarta, Non-U.S.",,2023-07,2023,,Unknown,,Real Estate,Acquired,56,Indonesia
Binance,Cayman Islands,1000,2023-07,2023,,4 - Critical,,Crypto,Unknown,,Cayman Islands
Payscale,Seattle,14,2023-07,2023,0.02,1 - Low,0.05,HR,Acquired,33,United States
Navi Technologies,"Bengaluru, Non-U.S.",200,2023-07,2023,,2 - Medium,,Finance,Unknown,659,India
Skill Lync,"Chennai, Non-U.S.",200,2023-07,2023,,2 - Medium,,Education,Series A,17,India
Amazon,Seattle,80,2023-07,2023,,1 - Low,,Retail,Post-IPO,108,United States
Audiocodes,"Tel Aviv, Non-U.S.",80,2023-07,2023,0.06,1 - Low,0.26,Other,Post-IPO,91,Israel
Tempo Automation,SF Bay Area,62,2023-07,2023,,1 - Low,,Other,Post-IPO,154,United States
Uber Freight,SF Bay Area,40,2023-07,2023,,1 - Low,,Logistics,Subsidiary,2700,United States
Deepwatch,Tampa Bay,30,2023-07,2023,0.07,1 - Low,0.24,Security,Series C,256,United States
Centr,"Sydney, Non-U.S.",22,2023-07,2023,,1 - Low,,Fitness,Unknown,,Australia
Factorial,"Barcelona, Non-U.S.",20,2023-07,2023,,1 - Low,,HR,Series C,220,Spain
Peloton,New York City,11,2023-07,2023,,1 - Low,,Fitness,Post-IPO,1900,United States
Bark,New York City,,2023-07,2023,0.08,1 - Low,,Retail,Post-IPO,282,United States
Khoros,Austin,,2023-07,2023,0.05,1 - Low,,Sales,Private Equity,138,United States
Netlify,SF Bay Area,,2023-07,2023,,Unknown,,Other,Series D,212,United States
Sas,Raleigh,,2023-07,2023,,Unknown,,Data,Unknown,,United States
Stitch Fix,Philadelphia,400,2023-07,2023,,2 - Medium,,Retail,Post-IPO,79,United States
Dapper Labs,Vancouver,51,2023-07,2023,,1 - Low,,Crypto,Unknown,,Canada
Deepverge,"Dublin, Non-U.S.",50,2023-07,2023,1,4 - Critical,3.93,Healthcare,Post-IPO,20,Ireland
Freightos,Miami,50,2023-07,2023,0.13,2 - Medium,0.51,Logistics,Post-IPO,118,United States
Circle,Boston,,2023-07,2023,,Unknown,,Crypto,Private Equity,1100,United States
Cybergrx,Denver,,2023-07,2023,,Unknown,,Security,Acquired,99,United States
Duck Creek Technologies,Boston,,2023-07,2023,0.09,1 - Low,,Finance,Acquired,357,United States
Expedia,Seattle,,2023-07,2023,,Unknown,,Travel,Post-IPO,3300,United States
Waycool,"Chennai, Non-U.S.",300,2023-07,2023,0.12,2 - Medium,0.68,Food,Unknown,363,India
Matterport,SF Bay Area,170,2023-07,2023,0.3,3 - High,1.54,Data,Post-IPO,409,United States
Everquote,Evansville,100,2023-07,2023,,2 - Medium,,Finance,Post-IPO,53,United States
Sisense,New York City,100,2023-07,2023,0.15,2 - Medium,0.69,Data,Series F,274,United States
Built Technologies,Nashville,,2023-07,2023,,Unknown,,Construction,Unknown,313,United States
Butterfly Network Copy,Boston,,2023-07,2023,0.25,3 - High,,Healthcare,Post-IPO,530,United States
Dukaan,"Bengaluru, Non-U.S.",,2023-07,2023,,Unknown,,Retail,Series A,17,India
Jasper,"Montreal, Non-U.S.",,2023-07,2023,,Unknown,,AI,Series A,131,Canada
Shift,SF Bay Area,,2023-07,2023,0.34,3 - High,,Transportation,Post-IPO,504,United States
Rad Power Bikes,Seattle,40,2023-07,2023,,1 - Low,,Transportation,Series D,329,United States
Frontrow,"Bengaluru, Non-U.S.",,2023-07,2023,1,4 - Critical,,Education,Series A,17,India
Intelycare,Boston,,2023-07,2023,,Unknown,,Healthcare,Series C,171,United States
Latch,New York City,,2023-07,2023,0.59,4 - Critical,,Security,Post-IPO,342,United States
Motive,SF Bay Area,,2023-07,2023,0.05,1 - Low,,Transportation,Series F,567,United States
Medsaf,"Lagos, Non-U.S.",30,2023-07,2023,1,4 - Critical,3.43,Healthcare,Unknown,,Nigeria
Evernote,SF Bay Area,,2023-07,2023,,Unknown,,Consumer,Acquired,290,United States
Paulcamper,"Berlin, Non-U.S.",,2023-07,2023,,Unknown,,Travel,Acquired,12,Germany
Trellix,SF Bay Area,,2023-07,2023,,Unknown,,Security,Unknown,35,United States
Amdocs,St. Louis,2000,2023-07,2023,0.06,4 - Critical,0.46,Support,Post-IPO,,United States
Fnz,"London, Non-U.S.",1000,2023-07,2023,0.15,4 - Critical,1.04,Finance,Private Equity,1400,United Kingdom
Perfect Day,SF Bay Area,134,2023-07,2023,0.15,2 - Medium,0.74,Food,Series D,711,United States
Solidigm,Sacramento,98,2023-07,2023,,1 - Low,,Hardware,Unknown,,United States
Tytocare,New York City,20,2023-07,2023,0.1,2 - Medium,0.30,Healthcare,Series D,156,United States
Circles.Life,"Singapore, Non-U.S.",,2023-07,2023,,Unknown,,Marketing,Unknown,50,Singapore
Connectrn,Boston,,2023-07,2023,,Unknown,,Healthcare,Unknown,160,United States
Crunchbase,SF Bay Area,,2023-07,2023,,Unknown,,Sales,Series D,106,United States
Daytwo,SF Bay Area,,2023-07,2023,,Unknown,,Healthcare,Series B,90,United States
Athennian,"Calgary, Non-U.S.",30,2023-07,2023,,1 - Low,,Legal,Series B,47,Canada
Vista Group,"Auckland, Non-U.S.",,2023-07,2023,0.06,1 - Low,,Data,Post-IPO,,New Zealand
Highsnobiety,"Berlin, Non-U.S.",24,2023-07,2023,0.1,2 - Medium,0.32,Media,Acquired,8,Germany
Zip,"Sydney, Non-U.S.",300,2023-07,2023,0.2,3 - High,1.14,Finance,Post-IPO,896,Australia
Buzzer,New York City,,2023-06,2023,1,4 - Critical,,Consumer,Series A,24,United States
Lunya,Los Angeles,,2023-06,2023,1,4 - Critical,,Retail,Unknown,,United States
Mediamath,New York City,,2023-06,2023,1,4 - Critical,,Marketing,Private Equity,607,United States
Petal,New York City,,2023-06,2023,0.2,3 - High,,Finance,Series D,704,United States
Niantic,SF Bay Area,230,2023-06,2023,,2 - Medium,,Other,Series D,770,United States
Headspace,Los Angeles,181,2023-06,2023,0.15,2 - Medium,0.78,Healthcare,Unknown,216,United States
Artsy,New York City,35,2023-06,2023,0.15,2 - Medium,0.54,Retail,Series D,100,United States
Candy Digital,New York City,30,2023-06,2023,,1 - Low,,Crypto,Series A,138,United States
Xiaomi India,"Bengaluru, Non-U.S.",30,2023-06,2023,,1 - Low,,Other,Subsidiary,,India
Torii,"Ra'anana, Non-U.S.",28,2023-06,2023,0.3,3 - High,1.01,Other,Series B,65,Israel
Insider Intelligence,New York City,20,2023-06,2023,,1 - Low,,Media,Subsidiary,,United States
Merama,"Mexico City, Non-U.S.",,2023-06,2023,0.1,2 - Medium,,Retail,Series B,445,Mexico
Qyuki,"Bengaluru, Non-U.S.",,2023-06,2023,0.3,3 - High,,Other,Seed,19,India
Stripe,SF Bay Area,,2023-06,2023,,Unknown,,Finance,Series I,8700,United States
Vowel,New York City,,2023-06,2023,1,4 - Critical,,Other,Series A,18,United States
Clickup,San Diego,90,2023-06,2023,0.1,2 - Medium,0.45,Other,Series C,537,United States
Ludia,"Montreal, Non-U.S.",55,2023-06,2023,,1 - Low,,Consumer,Acquired,1,Unknown
Karat,Seattle,47,2023-06,2023,,1 - Low,,HR,Unknown,169,United States
Plex,SF Bay Area,37,2023-06,2023,0.2,3 - High,0.73,Media,Unknown,81,United States
Starburst,Boston,,2023-06,2023,0.15,2 - Medium,,Data,Series D,414,United States
Zapier,SF Bay Area,,2023-06,2023,0.1,2 - Medium,,Other,Seed,1,United States
Selina,"London, Non-U.S.",350,2023-06,2023,,2 - Medium,,Travel,Post-IPO,612,United Kingdom
New Relic,SF Bay Area,255,2023-06,2023,0.1,2 - Medium,0.55,Infrastructure,Post-IPO,214,United States
Tibber,"FÃ¸rde, Non-U.S.",50,2023-06,2023,,1 - Low,,Energy,Series C,181,Norway
Clearpay,"Manchester, Non-U.S.",,2023-06,2023,,Unknown,,Finance,Acquired,85,United Kingdom
Eyowo,"Lagos, Non-U.S.",,2023-06,2023,1,4 - Critical,,Finance,Unknown,,Nigeria
Honor,SF Bay Area,,2023-06,2023,0.15,2 - Medium,,Healthcare,Unknown,625,United States
Loopio,"Toronto, Non-U.S.",,2023-06,2023,0.09,1 - Low,,Sales,Private Equity,263,Canada
Lordstown Motors,Detroit,,2023-06,2023,1,4 - Critical,,Transportation,Post-IPO,1100,United States
Waze,SF Bay Area,,2023-06,2023,,Unknown,,Transportation,Acquired,67,United States
Payoneer,New York City,200,2023-06,2023,0.1,2 - Medium,0.53,Finance,Post-IPO,,United States
Robinhood,SF Bay Area,150,2023-06,2023,0.07,2 - Medium,0.35,Finance,Post-IPO,5600,United States
Convoy,Seattle,30,2023-06,2023,0.05,1 - Low,0.17,Logistics,Series E,1100,United States
Joonko,New York City,,2023-06,2023,1,4 - Critical,,Recruiting,Series B,38,United States
Irl,SF Bay Area,,2023-06,2023,1,4 - Critical,,Consumer,Series C,197,United States
Retool,SF Bay Area,,2023-06,2023,0.09,1 - Low,,Other,Series C,141,United States
Anaplan,SF Bay Area,300,2023-06,2023,,2 - Medium,,Other,Acquired,300,United States
Uber,SF Bay Area,200,2023-06,2023,,2 - Medium,,Transportation,Post-IPO,25200,United States
Tackle.Io,Boise,75,2023-06,2023,,1 - Low,,Infrastructure,Series C,148,United States
Ritual,"Toronto, Non-U.S.",38,2023-06,2023,0.4,3 - High,1.47,Food,Series C,134,Canada
Friday Health Plans,Alamosa,,2023-06,2023,,Unknown,,Healthcare,Private Equity,306,United States
Illumina,San Diego,,2023-06,2023,,Unknown,,Healthcare,Post-IPO,28,United States
Mutiny,SF Bay Area,,2023-06,2023,0.3,3 - High,,Marketing,Series B,69,United States
Grab,"Singapore, Non-U.S.",1000,2023-06,2023,0.11,4 - Critical,0.76,Transportation,Post-IPO,16500,Singapore
Olx Group,"Amsterdam, Non-U.S.",800,2023-06,2023,,3 - High,,Marketing,Acquired,,Netherlands
Avantstay,Los Angeles,37,2023-06,2023,,1 - Low,,Travel,Private Equity,686,United States
Karakuki,"London, Non-U.S.",,2023-06,2023,1,4 - Critical,,Food,Unknown,13,United Kingdom
Chingari,"Bengaluru, Non-U.S.",48,2023-06,2023,0.2,3 - High,0.78,Media,Unknown,88,India
Panther,Tampa Bay,,2023-06,2023,1,4 - Critical,,HR,Seed,2,United States
Fuzzy,SF Bay Area,,2023-06,2023,1,4 - Critical,,Healthcare,Series C,80,United States
Mojocare,"Bengaluru, Non-U.S.",170,2023-06,2023,0.8,4 - Critical,4.11,Healthcare,Series A,24,India
Nikola,Phoenix,270,2023-06,2023,,2 - Medium,,Transportation,Post-IPO,3300,United States
Qualcomm,SF Bay Area,84,2023-06,2023,,1 - Low,,Hardware,Post-IPO,,United States
Pilot,SF Bay Area,45,2023-06,2023,0.13,2 - Medium,0.50,Finance,Unknown,116,United States
Karshare,"London, Non-U.S.",,2023-06,2023,1,4 - Critical,,Transportation,Seed,4,United Kingdom
Zulily,Seattle,,2023-06,2023,,Unknown,,Retail,Acquired,194,United States
Carerev,Los Angeles,100,2023-06,2023,0.33,3 - High,1.52,Healthcare,Series A,51,United States
Tada,"Seoul, Non-U.S.",45,2023-06,2023,0.6,4 - Critical,2.30,Transportation,Subsidiary,,South Korea
Binance.Us,SF Bay Area,,2023-06,2023,,Unknown,,Crypto,Subsidiary,,United States
Cerner,Kansas City,,2023-06,2023,,Unknown,,Healthcare,Acquired,,United States
Frontrow,"Bengaluru, Non-U.S.",,2023-06,2023,0.9,4 - Critical,,Education,Series A,17,India
Bitwise,SF Bay Area,900,2023-06,2023,1,4 - Critical,6.80,Crypto,Series B,84,United States
Sonos,New York City,130,2023-06,2023,0.07,2 - Medium,0.34,Consumer,Post-IPO,455.2,United States
Truecar,Los Angeles,102,2023-06,2023,0.24,3 - High,1.11,Transportation,Post-IPO,340,United States
Olo,New York City,81,2023-06,2023,0.11,2 - Medium,0.48,Food,Post-IPO,184,United States
Mamaearth,"Gurugram, Non-U.S.",80,2023-06,2023,,1 - Low,,Retail,Unknown,111,India
Synapse,SF Bay Area,,2023-06,2023,0.18,2 - Medium,,Finance,Series B,50,United States
Western Digital,SF Bay Area,211,2023-06,2023,,2 - Medium,,Hardware,Post-IPO,900,United States
Jupiterone,Raleigh,8,2023-06,2023,,1 - Low,,Security,Series C,119,United States
Zalando,"Berlin, Non-U.S.",,2023-06,2023,,Unknown,,Retail,Post-IPO,468,Germany
Grubhub,SF Bay Area,400,2023-06,2023,0.15,2 - Medium,0.90,Food,Acquired,284,United States
Gocardless,"London, Non-U.S.",150,2023-06,2023,0.17,2 - Medium,0.85,Finance,Series G,529,United Kingdom
Pendo,Raleigh,100,2023-06,2023,0.12,2 - Medium,0.55,Product,Series F,469,United States
Chegg,SF Bay Area,80,2023-06,2023,0.04,1 - Low,0.18,Education,Post-IPO,227,United States
Dot.La,Los Angeles,,2023-06,2023,1,4 - Critical,,Media,Seed,4,United States
Taxbit,SF Bay Area,80,2023-06,2023,0.4,3 - High,1.76,Crypto,Unknown,253,United States
Tiki,"Singapore, Non-U.S.",,2023-06,2023,1,4 - Critical,,Consumer,Unknown,,Singapore
Trybe,"Sao Paulo, Non-U.S.",128,2023-06,2023,0.35,3 - High,1.70,Education,Series B,40,Brazil
23Andme,SF Bay Area,75,2023-06,2023,0.09,1 - Low,0.39,Healthcare,Post-IPO,1100,United States
Expel,Washington D.C.,60,2023-06,2023,0.1,2 - Medium,0.41,Security,Series E,288,United States
Branch,Columbus,186,2023-06,2023,,2 - Medium,,Finance,Series C,229,United States
Cityblock Health,New York City,155,2023-06,2023,0.12,2 - Medium,0.61,Healthcare,Series D,891,United States
Highspot,Seattle,140,2023-06,2023,0.15,2 - Medium,0.74,Sales,Series F,644,United States
Cohesity,SF Bay Area,,2023-06,2023,,Unknown,,Data,Series E,805,United States
Freshworks,SF Bay Area,,2023-06,2023,,Unknown,,Support,Post-IPO,484,United States
Opora,SF Bay Area,,2023-06,2023,1,4 - Critical,,Security,Seed,7,United States
Byju'S,"Bengaluru, Non-U.S.",1000,2023-06,2023,,4 - Critical,,Education,Private Equity,5500,India
Nubank,"Sao Paulo, Non-U.S.",296,2023-06,2023,,2 - Medium,,Finance,Post-IPO,4100,Brazil
Sumo Logic,SF Bay Area,79,2023-06,2023,,1 - Low,,Data,Acquired,340,United States
Flatiron Health,New York City,39,2023-06,2023,,1 - Low,,Healthcare,Acquired,324,United States
Better.Com,New York City,,2023-06,2023,,Unknown,,Real Estate,Unknown,905,United States
Hashicorp,SF Bay Area,,2023-06,2023,0.08,1 - Low,,Infrastructure,Post-IPO,349,United States
Ursa Major,Denver,,2023-06,2023,,Unknown,,Aerospace,Series D,233,United States
Coherent,SF Bay Area,196,2023-06,2023,,2 - Medium,,Manufacturing,Post-IPO,,United States
Edgio,Phoenix,134,2023-06,2023,0.12,2 - Medium,0.59,Infrastructure,Post-IPO,462,United States
Reddit,SF Bay Area,90,2023-06,2023,0.05,1 - Low,0.23,Consumer,Series F,1300,United States
Linktree,"Melbourne, Non-U.S.",60,2023-06,2023,0.27,3 - High,1.11,Consumer,Unknown,165,Australia
Dragos,Baltimore,50,2023-06,2023,0.09,1 - Low,0.35,Security,Series D,364,United States
Unity,SF Bay Area,50,2023-06,2023,,1 - Low,,Other,Post-IPO,1300,United States
Mara,"Nairobi, Non-U.S.",6,2023-06,2023,,1 - Low,,Crypto,Seed,23,Kenya
Bunnii,New York City,,2023-06,2023,1,4 - Critical,,Healthcare,Unknown,,United States
Spotify,"Stockholm, Non-U.S.",200,2023-06,2023,0.02,2 - Medium,0.11,Media,Post-IPO,2100,Sweden
Azibo,Reno,,2023-06,2023,,Unknown,,Finance,Series A,19,United States
Flyhomes,Seattle,,2023-06,2023,,Unknown,,Real Estate,Series C,310,United States
Meati Foods,Denver,,2023-06,2023,0.05,1 - Low,,Food,Series C,274,United States
Zoominfo,"Vancouver, Non-U.S.",120,2023-06,2023,0.03,2 - Medium,0.14,Sales,Post-IPO,7,Canada
Staffbase,"Chemnitz, Non-U.S.",90,2023-06,2023,,1 - Low,,Other,Series E,307,Germany
Zume,SF Bay Area,,2023-06,2023,1,4 - Critical,,Food,Unknown,423,United States
Haven Technologies,New York City,280,2023-06,2023,0.7,4 - Critical,3.95,Finance,Subsidiary,,United States
Mural,SF Bay Area,170,2023-06,2023,,2 - Medium,,Product,Series C,192,United States
Glamyo Health,"New Delhi, Non-U.S.",160,2023-06,2023,,2 - Medium,,Healthcare,Series B,9,India
Outbrain,New York City,90,2023-06,2023,0.1,2 - Medium,0.45,Marketing,Post-IPO,394,United States
Cloudtrucks,SF Bay Area,,2023-06,2023,,Unknown,,Logistics,Series B,141,United States
Coachhub,"Berlin, Non-U.S.",,2023-06,2023,0.1,2 - Medium,,HR,Series C,332,Germany
Fractal Software,New York City,,2023-06,2023,,Unknown,,Other,Unknown,,United States
Sentinelone,SF Bay Area,,2023-06,2023,0.05,1 - Low,,Security,Post-IPO,696,United States
Smartasset,New York City,,2023-06,2023,0.19,2 - Medium,,Finance,Series D,161,United States
Zendesk,SF Bay Area,320,2023-05,2023,0.08,2 - Medium,0.46,Support,Acquired,85,United States
Ziprecruiter,Los Angeles,270,2023-05,2023,0.2,3 - High,1.12,Recruiting,Post-IPO,769,United States
Vendr,Boston,100,2023-05,2023,0.25,3 - High,1.15,Other,Series B,216,United States
Mcmakler,"Berlin, Non-U.S.",60,2023-05,2023,,1 - Low,,Real Estate,Unknown,214,Germany
Mux,SF Bay Area,40,2023-05,2023,0.3,3 - High,1.11,Infrastructure,Series D,173,United States
Away,New York City,22,2023-05,2023,0.08,1 - Low,0.25,Retail,Series D,181,United States
Taxfix,"Berlin, Non-U.S.",120,2023-05,2023,0.2,3 - High,0.96,Finance,Series D,330,Germany
Mensa Brands,"Bengaluru, Non-U.S.",30,2023-05,2023,,1 - Low,,Retail,Unknown,254,India
Coupa,SF Bay Area,,2023-05,2023,,Unknown,,Finance,Acquired,219,United States
Nansen,"Singapore, Non-U.S.",,2023-05,2023,,Unknown,,Crypto,Series B,88,Singapore
Packetfabric,Los Angeles,,2023-05,2023,,Unknown,,Infrastructure,Unknown,109,United States
Evolve,Denver,164,2023-05,2023,0.14,2 - Medium,0.71,Travel,Series F,224,United States
Project44,Chicago,130,2023-05,2023,0.1,2 - Medium,0.49,Logistics,Unknown,817,United States
Dhi Group,New York City,53,2023-05,2023,0.1,2 - Medium,0.40,Recruiting,Post-IPO,,United States
Benevolentai,"London, Non-U.S.",180,2023-05,2023,,2 - Medium,,Healthcare,Private Equity,292,United Kingdom
Airmeet,"Bengaluru, Non-U.S.",75,2023-05,2023,0.3,3 - High,1.30,Marketing,Series B,50,India
Circus Kitchens,"Hamburg, Non-U.S.",35,2023-05,2023,,1 - Low,,Food,Seed,12,Germany
Jellysmack,"Paris, Non-U.S.",13,2023-05,2023,,1 - Low,,Media,Series C,22,France
Kabam,SF Bay Area,,2023-05,2023,0.12,2 - Medium,,Consumer,Acquired,244,United States
Guild,Denver,172,2023-05,2023,0.12,2 - Medium,0.62,Education,Series F,643,United States
Willowtree,Charlottesville,120,2023-05,2023,0.11,2 - Medium,0.53,Marketing,Acquired,,United States
Flink,"Berlin, Non-U.S.",100,2023-05,2023,0.16,2 - Medium,0.74,Food,Series B,1000,Germany
Western Digital,"Kfar Saba, Non-U.S.",60,2023-05,2023,0.07,1 - Low,0.29,Hardware,Post-IPO,900,Israel
Alibaba Cloud,"Hangzhou, Non-U.S.",,2023-05,2023,0.07,1 - Low,,Data,Subsidiary,,China
Brainly,"Krakow, Non-U.S.",,2023-05,2023,0.3,3 - High,,Education,Series D,148,Poland
Reliance Jiomart,"Mumbai, Non-U.S.",1000,2023-05,2023,,4 - Critical,,Food,Subsidiary,,India
Qualcomm,"Haifa, Non-U.S.",30,2023-05,2023,,1 - Low,,Hardware,Post-IPO,,Israel
Soundcloud,"Berlin, Non-U.S.",,2023-05,2023,0.08,1 - Low,,Consumer,Unknown,542,Germany
Tractable,"London, Non-U.S.",,2023-05,2023,,Unknown,,Finance,Series D,119,United Kingdom
Appfolio,Santa Barbara,62,2023-05,2023,,1 - Low,,Real Estate,Post-IPO,30,United States
Daylight,Los Angeles,,2023-05,2023,1,4 - Critical,,Finance,Series A,20,United States
Femtech Health,Houston,,2023-05,2023,1,4 - Critical,,Healthcare,Unknown,,United States
Paperless Parts,Boston,,2023-05,2023,,Unknown,,Manufacturing,Series B,30,United States
Nuance Communications,Boston,,2023-05,2023,,Unknown,,Healthcare,Acquired,,United States
Moss,"Berlin, Non-U.S.",30,2023-05,2023,,1 - Low,,Finance,Series B,150,Germany
Pie Insurance,Washington D.C.,63,2023-05,2023,0.14,2 - Medium,0.58,Finance,Series D,621,United States
Clearbit,SF Bay Area,,2023-05,2023,,Unknown,,Sales,Series A,17,United States
Dbt Labs,Philadelphia,,2023-05,2023,0.15,2 - Medium,,Data,Series D,414,United States
L1Ght,"Tel Aviv, Non-U.S.",,2023-05,2023,1,4 - Critical,,Other,Seed,15,Israel
Nextbite,Denver,,2023-05,2023,,Unknown,,Food,Series C,150,United States
Tusimple,San Diego,,2023-05,2023,0.3,3 - High,,Transportation,Post-IPO,648,United States
Stash,New York City,40,2023-05,2023,0.1,2 - Medium,0.37,Finance,Unknown,480,United States
Formstack,Indianapolis,,2023-05,2023,0.4,3 - High,,Other,Private Equity,425,United States
Cerner,Kansas City,3000,2023-05,2023,0.11,4 - Critical,0.88,Healthcare,Acquired,,United States
Zepz,"London, Non-U.S.",420,2023-05,2023,0.26,3 - High,1.57,Finance,Series E,700,United Kingdom
Lemonade,New York City,45,2023-05,2023,0.03,1 - Low,0.11,Finance,Post-IPO,481,United States
Droneup,Norfolk,,2023-05,2023,,Unknown,,Logistics,Unknown,7,United States
Quanto,"Sao Paulo, Non-U.S.",,2023-05,2023,0.85,4 - Critical,,Finance,Series A,20,Brazil
Cana,SF Bay Area,,2023-05,2023,1,4 - Critical,,Food,Unknown,30,United States
Nuro,SF Bay Area,340,2023-05,2023,0.3,3 - High,1.75,Transportation,Series D,2100,United States
Telenav,"Cluj-Napoca, Non-U.S.",172,2023-05,2023,,2 - Medium,,Transportation,Post-IPO,30,Romania
Happay,"Bengaluru, Non-U.S.",160,2023-05,2023,0.35,3 - High,1.78,Finance,Acquired,21,India
Slickdeals,Las Vegas,79,2023-05,2023,0.33,3 - High,1.45,Retail,Unknown,,United States
Toothsi,"Mumbai, Non-U.S.",20,2023-05,2023,,1 - Low,,Healthcare,Series C,87,India
Everlaw,SF Bay Area,,2023-05,2023,0.1,2 - Medium,,Legal,Series D,298,United States
Tessera,New York City,,2023-05,2023,1,4 - Critical,,Crypto,Series A,43,United States
Cornershop,"Santiago, Non-U.S.",250,2023-05,2023,0.11,2 - Medium,0.61,Food,Acquired,31,Chile
Varo,SF Bay Area,97,2023-05,2023,,1 - Low,,Finance,Series E,992,United States
Cs Disco,Austin,,2023-05,2023,0.08,1 - Low,,Legal,Post-IPO,233,United States
Microsoft,Seattle,158,2023-05,2023,,2 - Medium,,Other,Post-IPO,1,United States
Redbubble,"Melbourne, Non-U.S.",70,2023-05,2023,0.23,3 - High,0.98,Retail,Post-IPO,55,Australia
Similarweb,New York City,60,2023-05,2023,0.06,1 - Low,0.25,Other,Post-IPO,235,United States
Stack Overflow,New York City,58,2023-05,2023,0.1,2 - Medium,0.41,Recruiting,Acquired,153,United States
Akamai,Boston,290,2023-05,2023,0.03,2 - Medium,0.17,Security,Post-IPO,35,United States
Sonatype,Baltimore,100,2023-05,2023,0.14,2 - Medium,0.65,Security,Acquired,154,United States
Audiocodes,"Tel Aviv, Non-U.S.",80,2023-05,2023,0.06,1 - Low,0.26,Other,Post-IPO,91,Israel
Buzzer,New York City,,2023-05,2023,,Unknown,,Media,Unknown,32,United States
Marqeta,SF Bay Area,,2023-05,2023,0.15,2 - Medium,,Finance,Post-IPO,530,United States
Linkedin,SF Bay Area,716,2023-05,2023,0.04,3 - High,0.26,Recruiting,Acquired,154,United States
Cuemath,"Bengaluru, Non-U.S.",100,2023-05,2023,,2 - Medium,,Education,Unknown,121,India
Momentis Surgical,"Tel Aviv, Non-U.S.",70,2023-05,2023,0.6,4 - Critical,2.56,Healthcare,Series D,,Israel
Glean Ai,New York City,5,2023-05,2023,,1 - Low,,Finance,Seed,11,United States
Everledger,"Brisbane, Non-U.S.",,2023-05,2023,1,4 - Critical,,Crypto,Unknown,27,Australia
Twist Bioscience,SF Bay Area,270,2023-05,2023,0.25,3 - High,1.40,Healthcare,Post-IPO,503,United States
Meesho,"Bengaluru, Non-U.S.",251,2023-05,2023,0.15,2 - Medium,0.83,Retail,Series F,1100,India
Teachmint,"Bengaluru, Non-U.S.",70,2023-05,2023,,1 - Low,,Education,Series B,118,India
Eventus,Austin,,2023-05,2023,0.33,3 - High,,Finance,Series B,45,United States
Shopify,"Ottawa, Non-U.S.",2300,2023-05,2023,0.2,4 - Critical,1.55,Retail,Post-IPO,122,Canada
Sabre,Dallas,1100,2023-05,2023,0.15,4 - Critical,1.05,Travel,Post-IPO,1700,United States
Scribe Media,Austin,90,2023-05,2023,1,4 - Critical,4.51,Marketing,Unknown,,United States
Autograph,Los Angeles,30,2023-05,2023,0.33,3 - High,1.13,Crypto,Series B,205,United States
Earnix,"Tel Aviv, Non-U.S.",30,2023-05,2023,0.1,2 - Medium,0.34,Finance,Unknown,100,Israel
Karma,"Tel Aviv, Non-U.S.",20,2023-05,2023,0.28,3 - High,0.85,Retail,Series A,34,Israel
Glassbox,"London, Non-U.S.",,2023-05,2023,0.14,2 - Medium,,Data,Series C,70,United Kingdom
Unity,SF Bay Area,600,2023-05,2023,0.08,3 - High,0.51,Other,Post-IPO,1300,United States
Upwork,SF Bay Area,137,2023-05,2023,0.15,2 - Medium,0.74,Other,Post-IPO,168,United States
Cars24,"Jakarta, Non-U.S.",100,2023-05,2023,,2 - Medium,,Transportation,Series G,1300,Indonesia
Brightcove,Boston,70,2023-05,2023,0.1,2 - Medium,0.43,Marketing,Post-IPO,145,United States
Healthy.Io,"Tel Aviv, Non-U.S.",70,2023-05,2023,0.33,3 - High,1.41,Healthcare,Series D,185,Israel
Zymergen,SF Bay Area,27,2023-05,2023,,1 - Low,,Other,Acquired,974,United States
Theskimm,New York City,22,2023-05,2023,0.13,2 - Medium,0.41,Media,Series C,28,United States
Brightline,SF Bay Area,,2023-05,2023,0.2,3 - High,,Healthcare,Series C,212,United States
Bishop Fox,Phoenix,50,2023-05,2023,0.13,2 - Medium,0.51,Security,Series B,146,United States
Zoomo,"Sydney, Non-U.S.",27,2023-05,2023,0.08,1 - Low,0.27,Transportation,Series B,105,Australia
Vallai,"Paris, Non-U.S.",,2023-05,2023,1,4 - Critical,,Data,Seed,,France
Sas,Raleigh,250,2023-05,2023,,2 - Medium,,Data,Unknown,,United States
Lev,New York City,34,2023-05,2023,,1 - Low,,Real Estate,Series B,114,United States
Pharmeasy,"Mumbai, Non-U.S.",,2023-05,2023,,Unknown,,Healthcare,Unknown,1600,India
Vah Vah!,"Bengaluru, Non-U.S.",150,2023-04,2023,,2 - Medium,,Education,Seed,2,India
Cogito,"New Delhi, Non-U.S.",177,2023-04,2023,,2 - Medium,,Data,Unknown,,India
Cue Health,San Diego,326,2023-04,2023,0.3,3 - High,1.74,Healthcare,Post-IPO,899,United States
N26,"Berlin, Non-U.S.",71,2023-04,2023,0.04,1 - Low,0.17,Finance,Series E,1700,Germany
Embark Vet,Boston,28,2023-04,2023,,1 - Low,,Healthcare,Series B,94,United States
Poparazzi,Los Angeles,,2023-04,2023,1,4 - Critical,,Consumer,Series A,15,United States
Providoor,"Melbourne, Non-U.S.",,2023-04,2023,1,4 - Critical,,Food,Unknown,,Australia
Dropbox,SF Bay Area,500,2023-04,2023,0.16,3 - High,0.99,Other,Post-IPO,1700,United States
Alteryx,Los Angeles,320,2023-04,2023,0.11,2 - Medium,0.63,Data,Post-IPO,613,United States
Vroom,New York City,120,2023-04,2023,0.11,2 - Medium,0.53,Transportation,Post-IPO,1300,United States
Greenhouse,New York City,100,2023-04,2023,0.12,2 - Medium,0.55,Recruiting,Private Equity,110,United States
Rebellion Defense,Washington D.C.,90,2023-04,2023,,1 - Low,,Data,Series B,150,United States
Poppulo,Denver,85,2023-04,2023,,1 - Low,,HR,Acquired,30,United States
Megaport,"Brisbane, Non-U.S.",50,2023-04,2023,0.16,2 - Medium,0.63,Infrastructure,Post-IPO,98,Australia
Airtasker,"Sydney, Non-U.S.",45,2023-04,2023,0.2,3 - High,0.77,Retail,Series C,26,Australia
Chief,New York City,43,2023-04,2023,0.14,2 - Medium,0.53,Other,Series B,140,United States
Tickertape,"Bengaluru, Non-U.S.",29,2023-04,2023,0.29,3 - High,0.99,Finance,Seed,5,India
Clubhouse,SF Bay Area,,2023-04,2023,0.5,4 - Critical,,Consumer,Series C,110,United States
Oddle,"Singapore, Non-U.S.",,2023-04,2023,0.25,3 - High,,Food,Series B,9,Singapore
Rad Power Bikes,Seattle,,2023-04,2023,,Unknown,,Transportation,Series D,329,United States
Extramarks,"Noida, Non-U.S.",300,2023-04,2023,,2 - Medium,,Education,Unknown,,India
Teampay,New York City,30,2023-04,2023,0.33,3 - High,1.13,Finance,Series B,79,United States
Renorun,"Montreal, Non-U.S.",,2023-04,2023,1,4 - Critical,,Construction,Series B,163,Canada
Skill Lync,"Chennai, Non-U.S.",400,2023-04,2023,,2 - Medium,,Education,Series A,17,India
Rapid,SF Bay Area,115,2023-04,2023,0.5,4 - Critical,2.38,Finance,Series D,272,United States
Rapid,SF Bay Area,70,2023-04,2023,0.3,3 - High,1.28,Finance,Series D,272,United States
Flink,"Berlin, Non-U.S.",8000,2023-04,2023,0.4,4 - Critical,3.59,Food,Series B,1000,Germany
Red Hat,Raleigh,760,2023-04,2023,0.04,3 - High,0.27,Other,Acquired,,United States
Bigpanda,SF Bay Area,40,2023-04,2023,0.13,2 - Medium,0.48,Infrastructure,Series E,337,United States
Lyft,SF Bay Area,1072,2023-04,2023,0.26,4 - Critical,1.81,Transportation,Post-IPO,4900,United States
Benchling,SF Bay Area,74,2023-04,2023,0.09,1 - Low,0.39,Other,Series F,411,United States
Pluralsight,Salt Lake City,,2023-04,2023,,Unknown,,Education,Acquired,192,United States
Buzzfeed,New York City,180,2023-04,2023,0.15,2 - Medium,0.78,Media,Post-IPO,696,United States
Koo,"Bengaluru, Non-U.S.",78,2023-04,2023,0.3,3 - High,1.31,Consumer,Series B,50,India
Open,"Bengaluru, Non-U.S.",47,2023-04,2023,,1 - Low,,Finance,Series D,190,India
Gloat,New York City,35,2023-04,2023,0.12,2 - Medium,0.43,HR,Series D,192,United States
Insider,New York City,,2023-04,2023,0.1,2 - Medium,,Media,Unknown,,United States
Iress,"Melbourne, Non-U.S.",,2023-04,2023,0.1,2 - Medium,,Finance,Unknown,,Australia
Lenovo,Raleigh,,2023-04,2023,,Unknown,,Hardware,Post-IPO,850,United States
F5,Seattle,623,2023-04,2023,0.09,3 - High,0.58,Security,Post-IPO,,United States
Walkme,SF Bay Area,112,2023-04,2023,0.1,2 - Medium,0.47,Other,Post-IPO,307,United States
Opendoor,SF Bay Area,560,2023-04,2023,0.22,3 - High,1.39,Real Estate,Post-IPO,1900,United States
Noon,"Riyadh, Non-U.S.",340,2023-04,2023,0.1,2 - Medium,0.58,Retail,Unknown,,Saudi Arabia
Culture Amp,"Melbourne, Non-U.S.",90,2023-04,2023,0.09,1 - Low,0.41,HR,Series F,257,Australia
Trm Labs,SF Bay Area,16,2023-04,2023,0.09,1 - Low,0.25,Crypto,Series B,149,United States
Colab,"Sydney, Non-U.S.",,2023-04,2023,1,4 - Critical,,Food,Seed,3,Australia
Ten Square Games,"WrocÅ‚aw, Non-U.S.",120,2023-04,2023,0.25,3 - High,1.20,Consumer,Seed,,Poland
Clearcover,Chicago,81,2023-04,2023,0.15,2 - Medium,0.66,Finance,Series D,304,United States
Paper,"Montreal, Non-U.S.",81,2023-04,2023,0.03,1 - Low,0.13,Education,Series D,389,Canada
Ynsect,"Paris, Non-U.S.",17,2023-04,2023,0.25,3 - High,0.72,Food,Series D,579,France
Fampay,"Bengaluru, Non-U.S.",,2023-04,2023,,Unknown,,Finance,Series A,42,India
Kumu,"Manila, Non-U.S.",,2023-04,2023,,Unknown,,Media,Series C,94,Philippines
Utopia Music,"Zug, Non-U.S.",,2023-04,2023,0.15,2 - Medium,,Other,Series B,,Switzerland
Quadream,"Tel Aviv, Non-U.S.",,2023-04,2023,1,4 - Critical,,Security,Unknown,,Israel
Drip Capital,SF Bay Area,75,2023-04,2023,0.2,3 - High,0.87,Finance,Series C,85,United States
Community Gaming,New York City,17,2023-04,2023,0.17,2 - Medium,0.49,Crypto,Series A,18,United States
Calibrate,New York City,,2023-04,2023,0.18,2 - Medium,,Healthcare,Series B,127,United States
Openclassrooms,"Paris, Non-U.S.",,2023-04,2023,0.25,3 - High,,Education,Series C,150,France
Sayurbox,"Jakarta, Non-U.S.",,2023-04,2023,,Unknown,,Food,Series C,139,Indonesia
Snyk,Boston,128,2023-04,2023,,2 - Medium,,Security,Series F,849,United States
Astronomer,Cincinnati,100,2023-04,2023,0.4,3 - High,1.85,Data,Series C,282,United States
Bluepad,"Bengaluru, Non-U.S.",,2023-04,2023,1,4 - Critical,,Media,Seed,,India
Heygo,"London, Non-U.S.",,2023-04,2023,1,4 - Critical,,Travel,Series A,20,United Kingdom
Lazerpay,"Lagos, Non-U.S.",,2023-04,2023,1,4 - Critical,,Crypto,Unknown,,Nigeria
Mediafly,Chicago,,2023-04,2023,,Unknown,,Sales,Private Equity,59,United States
Viasat,San Diego,300,2023-04,2023,0.04,2 - Medium,0.23,Other,Post-IPO,366,United States
Science 37,Los Angeles,140,2023-04,2023,,2 - Medium,,Healthcare,Post-IPO,347,United States
Medtronic,SF Bay Area,59,2023-04,2023,,1 - Low,,Healthcare,Post-IPO,5900,United States
Milkrun,"Sydney, Non-U.S.",400,2023-04,2023,1,4 - Critical,5.99,Food,Series A,86,Australia
Redfin,Seattle,201,2023-04,2023,0.04,2 - Medium,0.21,Real Estate,Post-IPO,320,United States
Permutive,"London, Non-U.S.",80,2023-04,2023,0.4,3 - High,1.76,Marketing,Series C,105,United Kingdom
Examedi,"Santiago, Non-U.S.",45,2023-04,2023,0.25,3 - High,0.96,Healthcare,Unknown,19,Chile
Acxiom,Little Rock,,2023-04,2023,,Unknown,,Marketing,Post-IPO,,United States
Euler Motors,"New Delhi, Non-U.S.",,2023-04,2023,0.1,2 - Medium,,Transportation,Series C,92,India
Reforge,SF Bay Area,,2023-04,2023,,Unknown,,Education,Series B,81,United States
Flock Freight,San Diego,45,2023-04,2023,0.08,1 - Low,0.31,Logistics,Series D,399,United States
Nori,Seattle,10,2023-04,2023,0.37,3 - High,0.89,Energy,Unknown,13,United States
Simpl,"Bengaluru, Non-U.S.",150,2023-04,2023,0.25,3 - High,1.25,Finance,Series B,71,India
Practo,"Bengaluru, Non-U.S.",41,2023-04,2023,,1 - Low,,Healthcare,Series D,222,India
Pear Therapeutics,Boston,170,2023-04,2023,0.92,4 - Critical,4.73,Healthcare,Post-IPO,409,United States
Workit Health,Ann Arbor,100,2023-04,2023,,2 - Medium,,Healthcare,Series C,138,United States
Zestmoney,"Bengaluru, Non-U.S.",100,2023-04,2023,0.2,3 - High,0.92,Finance,Series C,120,India
Absolute Software,"Vancouver, Non-U.S.",40,2023-04,2023,0.05,1 - Low,0.19,Security,Post-IPO,,Canada
Avocargo,"Berlin, Non-U.S.",16,2023-04,2023,1,4 - Critical,2.83,Transportation,Seed,,Germany
Dunzo,"Bengaluru, Non-U.S.",300,2023-04,2023,0.3,3 - High,1.71,Food,Unknown,382,India
Amplitude,SF Bay Area,99,2023-04,2023,0.13,2 - Medium,0.60,Data,Post-IPO,311,United States
Talent.Com,"Montreal, Non-U.S.",86,2023-04,2023,0.18,2 - Medium,0.80,Recruiting,Series B,150,Canada
1K Kirana,"Gurugram, Non-U.S.",600,2023-04,2023,0.4,3 - High,2.56,Retail,Series B,,India
Foundation Medicine,Boston,135,2023-04,2023,,2 - Medium,,Healthcare,Acquired,96,United States
Finder,"Sydney, Non-U.S.",40,2023-04,2023,,1 - Low,,Retail,Unknown,30,Australia
Boost,New York City,15,2023-04,2023,0.2,3 - High,0.55,Finance,Series B,37,United States
Cin7,"Auckland, Non-U.S.",,2023-04,2023,,Unknown,,Retail,Private Equity,,New Zealand
Hyland Software,Cleveland,1000,2023-04,2023,0.2,4 - Critical,1.38,Other,Acquired,,United States
View,SF Bay Area,170,2023-04,2023,0.23,3 - High,1.18,Other,Post-IPO,2300,United States
Guideline,SF Bay Area,48,2023-04,2023,0.11,2 - Medium,0.43,Finance,Series E,339,United States
Textio,Seattle,15,2023-04,2023,0.12,2 - Medium,0.33,Recruiting,Unknown,42,United States
Apple,SF Bay Area,,2023-04,2023,,Unknown,,Retail,Post-IPO,6200,United States
Checkout.Com,"London, Non-U.S.",,2023-04,2023,,Unknown,,Finance,Series D,1800,United Kingdom
Domestika,"Madrid, Non-U.S.",89,2023-03,2023,0.45,3 - High,2.02,Education,Series D,130,Spain
Airbyte,SF Bay Area,,2023-03,2023,,Unknown,,Data,Series B,181,United States
Hulu,"Beijing, Non-U.S.",200,2023-03,2023,,2 - Medium,,Media,Acquired,683,China
Roku,SF Bay Area,200,2023-03,2023,0.06,2 - Medium,0.32,Media,Post-IPO,208,United States
Lendingtree,Charlotte,150,2023-03,2023,0.13,2 - Medium,0.65,Finance,Post-IPO,,United States
Fanclash,"Gurugram, Non-U.S.",100,2023-03,2023,0.75,4 - Critical,3.46,Consumer,Series B,50,India
Loop,Austin,19,2023-03,2023,0.25,3 - High,0.75,Finance,Series A,24,United States
Crossbeam,Philadelphia,17,2023-03,2023,0.15,2 - Medium,0.43,Sales,Series C,116,United States
Spotify,"Stockholm, Non-U.S.",15,2023-03,2023,,1 - Low,,Media,Post-IPO,2100,Sweden
Answerlab,SF Bay Area,,2023-03,2023,0.17,2 - Medium,,Marketing,Unknown,,United States
Endowus,"Singapore, Non-U.S.",,2023-03,2023,,Unknown,,Finance,Unknown,44,Singapore
Goodworker,"Singapore, Non-U.S.",,2023-03,2023,0.9,4 - Critical,,Recruiting,Acquired,,Singapore
Kyndryl,New York City,,2023-03,2023,,Unknown,,Infrastructure,Post-IPO,,United States
Nowports,"Monterrey, Non-U.S.",,2023-03,2023,0.15,2 - Medium,,Logistics,Series C,,Mexico
Unacademy,"Bengaluru, Non-U.S.",,2023-03,2023,0.12,2 - Medium,,Education,Series H,838,India
Covermymeds,Columbus,800,2023-03,2023,,3 - High,,Healthcare,Acquired,5,United States
Electronic Arts,SF Bay Area,780,2023-03,2023,0.06,3 - High,0.40,Consumer,Post-IPO,2,United States
Seagate,SF Bay Area,480,2023-03,2023,,2 - Medium,,Hardware,Post-IPO,,United States
Drizly,Boston,100,2023-03,2023,,2 - Medium,,Retail,Acquired,119,United States
Icad,Nashua,23,2023-03,2023,0.28,3 - High,0.89,Healthcare,Post-IPO,59,United States
Anyline,"Vienna, Non-U.S.",,2023-03,2023,0.25,3 - High,,Other,Series B,37,Austria
Onepipe,"Lagos, Non-U.S.",,2023-03,2023,,Unknown,,Finance,Seed,9,Nigeria
Shift,SF Bay Area,,2023-03,2023,0.3,3 - High,,Transportation,Post-IPO,504,United States
Lucid Motors,SF Bay Area,1300,2023-03,2023,0.18,4 - Critical,1.29,Transportation,Post-IPO,8300,United States
Blue Nile,Seattle,119,2023-03,2023,,2 - Medium,,Retail,Acquired,62,United States
Aeye,SF Bay Area,46,2023-03,2023,0.33,3 - High,1.27,Transportation,Post-IPO,314,United States
Rackspace,San Antonio,275,2023-03,2023,,2 - Medium,,Data,Acquired,17,United States
Better Therapeutics,SF Bay Area,,2023-03,2023,0.35,3 - High,,Healthcare,Post-IPO,143,United States
Aspiration,Los Angeles,170,2023-03,2023,,2 - Medium,,Finance,Unknown,250,United States
The Meet Group,New Hope,,2023-03,2023,,Unknown,,Consumer,Acquired,,United States
Cimpress,"Paris, Non-U.S.",500,2023-03,2023,,3 - High,,Retail,Post-IPO,300,France
Veeam,Columbus,200,2023-03,2023,,2 - Medium,,Data,Acquired,500,United States
Glovo,"Barcelona, Non-U.S.",140,2023-03,2023,,2 - Medium,,Food,Acquired,1200,Spain
Takeoff,"Kyiv, Non-U.S.",50,2023-03,2023,,1 - Low,,Retail,Unknown,146,Ukraine
Slite,"Paris, Non-U.S.",10,2023-03,2023,0.25,3 - High,0.60,Other,Series A,15,France
Indeed,Austin,2200,2023-03,2023,0.15,4 - Critical,1.15,HR,Acquired,5,United States
Logitech,"Geneva, Non-U.S.",300,2023-03,2023,,2 - Medium,,Hardware,Post-IPO,,Switzerland
Glassdoor,SF Bay Area,140,2023-03,2023,0.15,2 - Medium,0.74,HR,Acquired,204,United States
Wejo,"Chester, Non-U.S.",40,2023-03,2023,0.16,2 - Medium,0.59,Transportation,Post-IPO,376,United Kingdom
Copper,"London, Non-U.S.",,2023-03,2023,0.15,2 - Medium,,Crypto,Series C,281,United Kingdom
Rewind,"Ottawa, Non-U.S.",,2023-03,2023,,Unknown,,Data,Series B,80,Canada
Roofstock,SF Bay Area,,2023-03,2023,0.27,3 - High,,Real Estate,Series E,365,United States
Just Eat,"London, Non-U.S.",1700,2023-03,2023,,4 - Critical,,Food,Acquired,,United Kingdom
Marvell,SF Bay Area,320,2023-03,2023,0.04,2 - Medium,0.23,Hardware,Post-IPO,,United States
Workhuman,"Dublin, Non-U.S.",130,2023-03,2023,0.1,2 - Medium,0.49,HR,Unknown,131,Ireland
Freshbooks,"Toronto, Non-U.S.",80,2023-03,2023,0.1,2 - Medium,0.44,Finance,Unknown,331,Canada
Xing,"Hamburg, Non-U.S.",68,2023-03,2023,,1 - Low,,HR,Series A,,Germany
Mr Yum,"Melbourne, Non-U.S.",40,2023-03,2023,,1 - Low,,Food,Series A,101,Australia
Smallcase,"Bengaluru, Non-U.S.",15,2023-03,2023,0.04,1 - Low,0.11,Finance,Series C,62,India
Expedia,Seattle,,2023-03,2023,,Unknown,,Travel,Post-IPO,3300,United States
Gamurs Group,"Sydney, Non-U.S.",,2023-03,2023,,Unknown,,Consumer,Series A,17,Australia
Grin,Sacramento,,2023-03,2023,,Unknown,,Marketing,Series B,145,United States
Laybuy,"Auckland, Non-U.S.",,2023-03,2023,0.1,2 - Medium,,Finance,Post-IPO,130,New Zealand
Amazon,Seattle,9000,2023-03,2023,,4 - Critical,,Retail,Post-IPO,108,United States
Huuuge Games,"Warsaw, Non-U.S.",,2023-03,2023,0.1,2 - Medium,,Consumer,Series C,57,Poland
Livspace,"Bengaluru, Non-U.S.",100,2023-03,2023,0.02,2 - Medium,0.09,Retail,Series F,431,India
Symend,"Calgary, Non-U.S.",50,2023-03,2023,0.25,3 - High,0.98,Other,Series C,148,Canada
Candor Technology,Atlanta,,2023-03,2023,,Unknown,,Real Estate,Unknown,23,United States
Freshworks,SF Bay Area,114,2023-03,2023,0.02,2 - Medium,0.09,Support,Post-IPO,484,United States
Coherent,SF Bay Area,108,2023-03,2023,,2 - Medium,,Manufacturing,Post-IPO,,United States
Runtastic,"Linz, Non-U.S.",70,2023-03,2023,0.28,3 - High,1.19,Fitness,Acquired,,Austria
Course Hero,SF Bay Area,42,2023-03,2023,0.15,2 - Medium,0.56,Education,Series C,477,United States
Leafly,Seattle,40,2023-03,2023,0.21,3 - High,0.78,Retail,Post-IPO,71,United States
Bonusly,Boulder,,2023-03,2023,,Unknown,,HR,Series B,31,United States
Klaviyo,Boston,140,2023-03,2023,,2 - Medium,,Marketing,Unknown,778,United States
Dukaan,"Bengaluru, Non-U.S.",56,2023-03,2023,0.3,3 - High,1.21,Retail,Series A,17,India
Boxed,New York City,32,2023-03,2023,0.25,3 - High,0.87,Retail,Post-IPO,365,United States
Nubank,"Sao Paulo, Non-U.S.",30,2023-03,2023,,1 - Low,,Finance,Post-IPO,4100,Brazil
Tradewindow,"Auckland, Non-U.S.",25,2023-03,2023,0.3,3 - High,0.98,Finance,Series B,24,New Zealand
Hometap,Boston,,2023-03,2023,,Unknown,,Real Estate,Unknown,172,United States
Meta,SF Bay Area,10000,2023-03,2023,,4 - Critical,,Consumer,Post-IPO,26000,United States
Fetch,Madison,100,2023-03,2023,0.1,2 - Medium,0.46,Retail,Series E,581,United States
Anchorage Digital,SF Bay Area,75,2023-03,2023,0.2,3 - High,0.87,Crypto,Series D,487,United States
Avidbots,"Kitchener, Non-U.S.",50,2023-03,2023,0.14,2 - Medium,0.55,Hardware,Series C,106,Canada
Samsung,SF Bay Area,30,2023-03,2023,,1 - Low,,Hardware,Post-IPO,,United States
Kaleidoscope,Minneapolis,15,2023-03,2023,0.3,3 - High,0.83,Finance,Series A,16,United States
Goto Group,"Jakarta, Non-U.S.",600,2023-03,2023,,3 - High,,Transportation,Post-IPO,1300,Indonesia
Cookpad,"Tokyo, Non-U.S.",80,2023-03,2023,,1 - Low,,Consumer,Unknown,,Japan
Xero,"Wellington, Non-U.S.",800,2023-03,2023,0.15,3 - High,1.00,Finance,Post-IPO,681,New Zealand
Shopee,"Jakarta, Non-U.S.",200,2023-03,2023,,2 - Medium,,Food,Unknown,,Indonesia
Gopuff,Philadelphia,100,2023-03,2023,0.02,2 - Medium,0.09,Food,Series H,3400,United States
Wave Financial,"Toronto, Non-U.S.",50,2023-03,2023,,1 - Low,,Finance,Acquired,79,Canada
Morning Brew,New York City,40,2023-03,2023,,1 - Low,,Media,Acquired,,United States
Bonusly,Boulder,,2023-03,2023,,Unknown,,HR,Series B,31,United States
Neoleukin Therapeutics,Seattle,,2023-03,2023,0.7,4 - Critical,,Healthcare,Post-IPO,157,United States
Toucan,Los Angeles,,2023-03,2023,1,4 - Critical,,Education,Series A,,United States
Wattpad,"Toronto, Non-U.S.",42,2023-03,2023,0.15,2 - Medium,0.56,Media,Acquired,117,Canada
Appcues,Boston,,2023-03,2023,0.15,2 - Medium,,Data,Series B,52,United States
Pristyn Care,"Gurugram, Non-U.S.",300,2023-03,2023,0.15,2 - Medium,0.86,Healthcare,Series E,177,India
Zwift,Los Angeles,80,2023-03,2023,0.15,2 - Medium,0.66,Fitness,Series C,619,United States
Catch,New York City,,2023-03,2023,1,4 - Critical,,Finance,Series A,18,United States
Rdx Works,"London, Non-U.S.",,2023-03,2023,0.25,3 - High,,Crypto,Unknown,6,United Kingdom
Take-Two Interactive,New York City,,2023-03,2023,,Unknown,,Consumer,Post-IPO,2700,United States
Zulily,Seattle,,2023-03,2023,,Unknown,,Retail,Acquired,194,United States
Atlassian,"Sydney, Non-U.S.",500,2023-03,2023,0.05,3 - High,0.31,Other,Post-IPO,210,Australia
Siriusxm,New York City,475,2023-03,2023,0.08,2 - Medium,0.49,Media,Post-IPO,525,United States
Alerzo,"Ibadan, Non-U.S.",400,2023-03,2023,,2 - Medium,,Retail,Series B,16,Nigeria
Ukg,Miami,265,2023-03,2023,,2 - Medium,,HR,Unknown,,United States
Upgrad,"Mumbai, Non-U.S.",120,2023-03,2023,,2 - Medium,,Education,Unknown,631,India
Homelane,"Bengaluru, Non-U.S.",30,2023-03,2023,,1 - Low,,Retail,Series E,116,India
Ankorstore,"Paris, Non-U.S.",,2023-03,2023,,Unknown,,Retail,Series C,365,France
No Fluff Jobs,"Gydnia, Non-U.S.",13,2023-03,2023,,1 - Low,,HR,Acquired,,Poland
Loft,"Sao Paulo, Non-U.S.",340,2023-03,2023,0.15,2 - Medium,0.87,Real Estate,Unknown,788,Brazil
Embark Trucks,SF Bay Area,230,2023-03,2023,0.7,4 - Critical,3.81,Transportation,Post-IPO,317,United States
Lendi,"Sydney, Non-U.S.",100,2023-03,2023,,2 - Medium,,Real Estate,Unknown,59,Australia
Usertesting,SF Bay Area,63,2023-03,2023,,1 - Low,,Marketing,Acquired,152,United States
Airbnb,SF Bay Area,30,2023-03,2023,,1 - Low,,Travel,Post-IPO,6400,United States
Accolade,Seattle,,2023-03,2023,,Unknown,,Healthcare,Post-IPO,458,United States
Indigo,Boston,,2023-03,2023,,Unknown,,Other,Series F,1200,United States
Zscaler,SF Bay Area,177,2023-03,2023,0.03,2 - Medium,0.16,Security,Post-IPO,148,United States
Masterclass,SF Bay Area,79,2023-03,2023,,1 - Low,,Education,Series E,461,United States
Ambev Tech,"Blumenau, Non-U.S.",50,2023-03,2023,,1 - Low,,Food,Acquired,,Brazil
Fittr,"Pune, Non-U.S.",30,2023-03,2023,0.11,2 - Medium,0.38,Fitness,Series A,13,India
Cnet,SF Bay Area,12,2023-03,2023,0.1,2 - Medium,0.26,Media,Acquired,20,United States
Comparis,"Zurich, Non-U.S.",,2023-03,2023,0.1,2 - Medium,,Finance,Unknown,,Switzerland
Flipkart,"Bengaluru, Non-U.S.",,2023-03,2023,,Unknown,,Retail,Acquired,12900,India
Kandela,Los Angeles,,2023-03,2023,1,4 - Critical,,Consumer,Acquired,,United States
Orchard,New York City,,2023-03,2023,,Unknown,,Real Estate,Series D,472,United States
Truckstop.Com,Boise,,2023-03,2023,,Unknown,,Logistics,Acquired,,United States
Thoughtworks,Chicago,500,2023-03,2023,0.04,3 - High,0.25,Other,Post-IPO,748,United States
Ifood,"Sao Paulo, Non-U.S.",355,2023-03,2023,0.06,2 - Medium,0.35,Food,Subsidiary,2100,Brazil
Color Health,SF Bay Area,300,2023-03,2023,,2 - Medium,,Healthcare,Series E,482,United States
Waymo,SF Bay Area,209,2023-03,2023,0.08,2 - Medium,0.43,Transportation,Subsidiary,5500,United States
Payfit,"Paris, Non-U.S.",200,2023-03,2023,0.2,3 - High,1.06,HR,Series E,495,France
Yellow.Ai,SF Bay Area,200,2023-03,2023,,2 - Medium,,Support,Series C,102,United States
Sonder,SF Bay Area,100,2023-03,2023,0.14,2 - Medium,0.65,Travel,Post-IPO,839,United States
Protego Trust Bank,Seattle,,2023-03,2023,0.5,4 - Critical,,Crypto,Series A,70,United States
Electronic Arts,Baton Rouge,200,2023-02,2023,,2 - Medium,,Consumer,Post-IPO,2,United States
Eventbrite,SF Bay Area,80,2023-02,2023,0.08,1 - Low,0.35,Consumer,Post-IPO,557,United States
Ezoic,San Diego,10,2023-02,2023,,1 - Low,,Infrastructure,Series A,39,United States
Dux Education,"Bengaluru, Non-U.S.",,2023-02,2023,1,4 - Critical,,Education,Unknown,,India
Meridianlink,Los Angeles,,2023-02,2023,0.09,1 - Low,,Finance,Post-IPO,485,United States
Sono Motors,"Munich, Non-U.S.",300,2023-02,2023,,2 - Medium,,Transportation,Post-IPO,126,Germany
Cerebral,SF Bay Area,285,2023-02,2023,0.15,2 - Medium,0.85,Healthcare,Series C,462,United States
Amount,Chicago,130,2023-02,2023,0.25,3 - High,1.22,Finance,Unknown,283,United States
Palantir,Denver,75,2023-02,2023,0.02,1 - Low,0.09,Data,Post-IPO,3000,United States
Outreach,Seattle,70,2023-02,2023,0.07,1 - Low,0.30,Sales,Series G,489,United States
Stytch,SF Bay Area,19,2023-02,2023,0.25,3 - High,0.75,Security,Series B,126,United States
Bitsight,"Tel Aviv, Non-U.S.",40,2023-02,2023,,1 - Low,,Security,Unknown,401,Israel
Twitter,SF Bay Area,200,2023-02,2023,0.1,2 - Medium,0.53,Consumer,Post-IPO,12900,United States
Ericsson,"Stockholm, Non-U.S.",8500,2023-02,2023,0.08,4 - Critical,0.72,Other,Post-IPO,663,Sweden
Sap Labs,"Bengaluru, Non-U.S.",300,2023-02,2023,,2 - Medium,,Other,Subsidiary,1300,India
Velodyne Lidar,SF Bay Area,220,2023-02,2023,,2 - Medium,,Transportation,Acquired,575,United States
Medallia,SF Bay Area,59,2023-02,2023,,1 - Low,,Support,Acquired,325,United States
Eat Just,SF Bay Area,40,2023-02,2023,,1 - Low,,Food,Unknown,465,United States
Lucira Health,SF Bay Area,26,2023-02,2023,,1 - Low,,Healthcare,Post-IPO,132,United States
Stax,Orlando,24,2023-02,2023,,1 - Low,,Finance,Series D,263,United States
Eqrx,Boston,,2023-02,2023,0.18,2 - Medium,,Healthcare,Post-IPO,1900,United States
Poshmark,SF Bay Area,,2023-02,2023,0.02,1 - Low,,Retail,Acquired,153,United States
Merative,Ann Arbor,200,2023-02,2023,0.1,2 - Medium,0.53,Healthcare,Acquired,,United States
Onefootball,"Berlin, Non-U.S.",150,2023-02,2023,0.32,3 - High,1.61,Marketing,Series D,442,Germany
The Iconic,"Sydney, Non-U.S.",69,2023-02,2023,0.06,1 - Low,0.25,Retail,Unknown,,Australia
Evgo,Los Angeles,40,2023-02,2023,,1 - Low,,Transportation,Post-IPO,400,United States
Strongdm,SF Bay Area,40,2023-02,2023,,1 - Low,,Infrastructure,Series B,76,United States
Dapper Labs,"Vancouver, Non-U.S.",,2023-02,2023,0.2,3 - High,,Crypto,Series D,607,Canada
Messari,New York City,,2023-02,2023,0.15,2 - Medium,,Crypto,Series B,61,United States
Vibrent Health,Washington D.C.,,2023-02,2023,0.13,2 - Medium,,Healthcare,Unknown,,United States
Synamedia,"London, Non-U.S.",200,2023-02,2023,0.12,2 - Medium,0.64,Media,Unknown,,United Kingdom
Taskus,San Antonio,186,2023-02,2023,,2 - Medium,,Support,Post-IPO,279,United States
Arch Oncology,St. Louis,,2023-02,2023,,Unknown,,Healthcare,Series C,155,United States
Immutable,"Sydney, Non-U.S.",,2023-02,2023,0.11,2 - Medium,,Crypto,Series C,279,Australia
Jounce Therapeutics,Boston,,2023-02,2023,0.57,4 - Critical,,Healthcare,Acquired,194,United States
Locomation,Pittsburgh,,2023-02,2023,1,4 - Critical,,Transportation,Seed,57,United States
Green Labs,"Seoul, Non-U.S.",350,2023-02,2023,0.7,4 - Critical,4.10,Food,Series C,214,South Korea
Polygon,"Bengaluru, Non-U.S.",100,2023-02,2023,0.2,3 - High,0.92,Crypto,Unknown,451,India
Crunchyroll,"Tokyo, Non-U.S.",85,2023-02,2023,,1 - Low,,Media,Unknown,26,Japan
Ethos Life,SF Bay Area,50,2023-02,2023,,1 - Low,,Finance,Series D,406,United States
Basis Technologies,Chicago,40,2023-02,2023,0.04,1 - Low,0.15,Marketing,Series B,52,United States
Bolt,"Lagos, Non-U.S.",17,2023-02,2023,,1 - Low,,Transportation,Series F,,Nigeria
Criteo,"Paris, Non-U.S.",,2023-02,2023,,Unknown,,Marketing,Post-IPO,61,France
Peerstreet,Los Angeles,,2023-02,2023,,Unknown,,Real Estate,Series C,121,United States
Zalando,"Berlin, Non-U.S.",,2023-02,2023,,Unknown,,Retail,Post-IPO,467,Germany
Mygate,"Bengaluru, Non-U.S.",200,2023-02,2023,0.3,3 - High,1.59,Other,Series B,79,India
Fireblocks,New York City,30,2023-02,2023,0.05,1 - Low,0.17,Crypto,Series E,1000,United States
Kinde,"Sydney, Non-U.S.",8,2023-02,2023,0.28,3 - High,0.62,Other,Seed,10,Australia
Fipola,"Chennai, Non-U.S.",,2023-02,2023,1,4 - Critical,,Food,Series A,9,India
Hp,"Tel Aviv, Non-U.S.",100,2023-02,2023,,2 - Medium,,Hardware,Post-IPO,4200,Israel
Micron,Boise,2400,2023-02,2023,0.05,4 - Critical,0.39,Hardware,Post-IPO,50,United States
Tencent,"Shenzen, Non-U.S.",300,2023-02,2023,,2 - Medium,,Consumer,Post-IPO,12600,China
Evernote,SF Bay Area,129,2023-02,2023,,2 - Medium,,Consumer,Acquired,290,United States
Chipper Cash,SF Bay Area,100,2023-02,2023,0.33,3 - High,1.52,Finance,Series C,302,United States
Digimarc,Portland,,2023-02,2023,,Unknown,,Other,Post-IPO,105,United States
Reserve,SF Bay Area,,2023-02,2023,,Unknown,,Crypto,Unknown,,United States
Docusign,SF Bay Area,680,2023-02,2023,0.1,3 - High,0.65,Sales,Post-IPO,536,United States
Pico Interactive,SF Bay Area,400,2023-02,2023,0.2,3 - High,1.20,Other,Acquired,62,United States
The Realreal,SF Bay Area,230,2023-02,2023,0.07,2 - Medium,0.38,Retail,Post-IPO,356,United States
Smartsheet,Seattle,85,2023-02,2023,0.03,1 - Low,0.13,Other,Post-IPO,152,United States
Convoy,Atlanta,,2023-02,2023,,Unknown,,Logistics,Series E,1100,United States
Wix,"Tel Aviv, Non-U.S.",370,2023-02,2023,0.06,2 - Medium,0.35,Marketing,Post-IPO,58,Israel
Servicetitan,Los Angeles,221,2023-02,2023,0.08,2 - Medium,0.43,Sales,Series G,1100,United States
Neon,"Sao Paulo, Non-U.S.",210,2023-02,2023,0.09,2 - Medium,0.48,Finance,Series D,720,Brazil
Jellysmack,"Paris, Non-U.S.",208,2023-02,2023,,2 - Medium,,Media,Series C,22,France
Digitalocean,New York City,200,2023-02,2023,0.11,2 - Medium,0.58,Infrastructure,Post-IPO,491,United States
Sprinklr,New York City,100,2023-02,2023,0.04,2 - Medium,0.18,Support,Post-IPO,429,United States
Betterment,New York City,28,2023-02,2023,,1 - Low,,Finance,Series F,435,United States
Divvy Homes,SF Bay Area,,2023-02,2023,,Unknown,,Real Estate,Series B,180,United States
Milkrun,"Sydney, Non-U.S.",,2023-02,2023,0.2,3 - High,,Food,Series A,86,Australia
Observe.Ai,SF Bay Area,,2023-02,2023,,Unknown,,Support,Series C,214,United States
Religion Of Sports,Los Angeles,,2023-02,2023,,Unknown,,Media,Series B,63,United States
Surveymonkey,SF Bay Area,,2023-02,2023,0.14,2 - Medium,,Marketing,Post-IPO,1100,United States
Tackle,Boise,,2023-02,2023,0.15,2 - Medium,,Other,Series C,148,United States
Vicarious Surgical,Boston,,2023-02,2023,0.14,2 - Medium,,Healthcare,Post-IPO,185,United States
Blackbaud,Charleston,500,2023-02,2023,0.14,3 - High,0.87,Other,Post-IPO,,United States
Commercehub,Albany,371,2023-02,2023,0.31,3 - High,1.83,Retail,Acquired,,United States
Dropp,"Berlin, Non-U.S.",60,2023-02,2023,1,4 - Critical,4.11,Retail,Unknown,2,Germany
Hackerearth,SF Bay Area,,2023-02,2023,0.08,1 - Low,,HR,Series B,11,United States
Phablecare,"Bengaluru, Non-U.S.",,2023-02,2023,0.7,4 - Critical,,Healthcare,Series B,40,India
Udemy,SF Bay Area,,2023-02,2023,0.1,2 - Medium,,Education,Post-IPO,311,United States
Twilio,SF Bay Area,1500,2023-02,2023,0.17,4 - Critical,1.24,Other,Post-IPO,614,United States
Electric,New York City,141,2023-02,2023,0.25,3 - High,1.24,Other,Series D,212,United States
Emx Digital,New York City,100,2023-02,2023,1,4 - Critical,4.62,Marketing,Unknown,,United States
Petlove,"Sao Paulo, Non-U.S.",94,2023-02,2023,,1 - Low,,Retail,Series C,225,Brazil
Irobot,Boston,85,2023-02,2023,0.07,1 - Low,0.31,Consumer,Acquired,30,United States
Collective Health,SF Bay Area,54,2023-02,2023,,1 - Low,,Healthcare,Series F,719,United States
Magic Eden,SF Bay Area,22,2023-02,2023,,1 - Low,,Crypto,Series B,170,United States
Casavo,"Milan, Non-U.S.",,2023-02,2023,0.3,3 - High,,Real Estate,Unknown,708,Italy
Foodpanda,"Singapore, Non-U.S.",,2023-02,2023,,Unknown,,Food,Acquired,749,Singapore
Getir,"London, Non-U.S.",,2023-02,2023,,Unknown,,Food,Series E,1800,United Kingdom
Linkedin,SF Bay Area,,2023-02,2023,,Unknown,,Recruiting,Acquired,154,United States
Moladin,"Jakarta, Non-U.S.",360,2023-02,2023,0.11,2 - Medium,0.65,Transportation,Series B,138,Indonesia
Triplelift,New York City,100,2023-02,2023,0.2,3 - High,0.92,Marketing,Acquired,16,United States
Titan Medical,"Toronto, Non-U.S.",48,2023-02,2023,0.72,4 - Critical,2.80,Healthcare,Post-IPO,278,Canada
Tiktok India,"Mumbai, Non-U.S.",40,2023-02,2023,,1 - Low,,Consumer,Acquired,9400,India
Syft Technologies,"Auckland, Non-U.S.",30,2023-02,2023,0.2,3 - High,0.69,Manufacturing,Private Equity,,New Zealand
Open Co,"Sao Paulo, Non-U.S.",,2023-02,2023,,Unknown,,Finance,Series D,140,Brazil
Rigetti Computing,SF Bay Area,,2023-02,2023,0.28,3 - High,,Hardware,Post-IPO,298,United States
Wonderschool,SF Bay Area,,2023-02,2023,,Unknown,,Education,Series A,24,United States
Yahoo,SF Bay Area,1600,2023-02,2023,0.2,4 - Critical,1.48,Consumer,Acquired,6,United States
Misfits Market,Philadelphia,649,2023-02,2023,0.33,3 - High,2.14,Food,Series C,526,United States
Deliveroo,"London, Non-U.S.",350,2023-02,2023,0.09,2 - Medium,0.53,Food,Post-IPO,1700,United Kingdom
Olive Ai,Columbus,215,2023-02,2023,0.35,3 - High,1.88,Healthcare,Series H,856,United States
Oportun,SF Bay Area,155,2023-02,2023,0.1,2 - Medium,0.50,Finance,Post-IPO,566,United States
Gitlab,SF Bay Area,130,2023-02,2023,0.07,2 - Medium,0.34,Product,Post-IPO,413,United States
Bark,New York City,126,2023-02,2023,0.12,2 - Medium,0.58,Retail,Post-IPO,,United States
Ree Automotive,"Tel Aviv, Non-U.S.",100,2023-02,2023,0.5,4 - Critical,2.31,Transportation,Post-IPO,317,Israel
Veriff,"Tallinn, Non-U.S.",66,2023-02,2023,0.12,2 - Medium,0.50,Security,Series C,192,Estonia
Ree Automotive,"Tel Aviv, Non-U.S.",31,2023-02,2023,0.11,2 - Medium,0.38,Transportation,Post-IPO,317,Israel
Github,SF Bay Area,,2023-02,2023,0.1,2 - Medium,,Product,Acquired,350,United States
Quillt,St. Louis,,2023-02,2023,,Unknown,,Media,Unknown,,United States
Wetrade,"Bengaluru, Non-U.S.",,2023-02,2023,1,4 - Critical,,Crypto,Unknown,,India
Godaddy,Phoenix,530,2023-02,2023,0.08,3 - High,0.50,Marketing,Post-IPO,800,United States
Affirm,SF Bay Area,500,2023-02,2023,0.19,3 - High,1.18,Finance,Post-IPO,1500,United States
Gusto,SF Bay Area,126,2023-02,2023,0.05,2 - Medium,0.24,HR,Series E,746,United States
Gong,SF Bay Area,80,2023-02,2023,0.07,1 - Low,0.31,Sales,Series E,583,United States
Beam Benefits,Columbus,31,2023-02,2023,0.08,1 - Low,0.28,Healthcare,Series E,168,United States
Equitybee,SF Bay Area,24,2023-02,2023,0.25,3 - High,0.80,Finance,Series B,85,United States
Baraja,"Sydney, Non-U.S.",,2023-02,2023,0.75,4 - Critical,,Transportation,Unknown,63,Australia
Koho,"Toronto, Non-U.S.",,2023-02,2023,0.14,2 - Medium,,Finance,Series D,278,Canada
Medly,New York City,,2023-02,2023,1,4 - Critical,,Healthcare,Series C,100,United States
Nearmap,"Sydney, Non-U.S.",,2023-02,2023,0.2,3 - High,,Construction,Acquired,15,Australia
Zoom,SF Bay Area,1300,2023-02,2023,0.15,4 - Critical,1.08,Other,Post-IPO,276,United States
Ebay,SF Bay Area,500,2023-02,2023,0.04,3 - High,0.25,Retail,Post-IPO,1200,United States
Secureworks,Atlanta,212,2023-02,2023,0.09,2 - Medium,0.48,Security,Post-IPO,83,United States
Salesloft,Atlanta,100,2023-02,2023,0.1,2 - Medium,0.46,Sales,Acquired,245,United States
Openpay,"Melbourne, Non-U.S.",83,2023-02,2023,1,4 - Critical,4.43,Finance,Post-IPO,299,Australia
Learnupon,"Dublin, Non-U.S.",27,2023-02,2023,0.09,1 - Low,0.30,Education,Private Equity,56,Ireland
Sana Benefits,Austin,,2023-02,2023,0.19,2 - Medium,,HR,Series B,106,United States
Dell,Austin,6650,2023-02,2023,0.05,4 - Critical,0.44,Hardware,Post-IPO,,United States
Loggi,"Sao Paulo, Non-U.S.",300,2023-02,2023,0.07,2 - Medium,0.40,Logistics,Series F,507,Brazil
Catch.Com.Au,"Melbourne, Non-U.S.",100,2023-02,2023,,2 - Medium,,Retail,Acquired,80,Australia
Vinfast Us,Los Angeles,80,2023-02,2023,,1 - Low,,Transportation,Subsidiary,,United States
Drift,Boston,59,2023-02,2023,,1 - Low,,Marketing,Acquired,107,United States
Pocket Aces,"Mumbai, Non-U.S.",50,2023-02,2023,0.25,3 - High,0.98,Media,Unknown,19,India
Clari,SF Bay Area,20,2023-02,2023,,1 - Low,,Sales,Series F,496,United States
C6 Bank,"Sao Paulo, Non-U.S.",,2023-02,2023,,Unknown,,Finance,Unknown,2300,Brazil
Daraz,"Singapore, Non-U.S.",,2023-02,2023,0.11,2 - Medium,,Retail,Unknown,,Singapore
Tenurex,"Tel Aviv, Non-U.S.",,2023-02,2023,,Unknown,,Finance,Seed,6,Israel
Kyruus,Boston,70,2023-02,2023,,1 - Low,,Healthcare,Unknown,183,United States
Lightico,"Tel Aviv, Non-U.S.",20,2023-02,2023,0.25,3 - High,0.76,Finance,Series B,42,Israel
Eightfold Ai,SF Bay Area,90,2023-02,2023,0.15,2 - Medium,0.68,HR,Series E,396,United States
Fareye,"New Delhi, Non-U.S.",90,2023-02,2023,,1 - Low,,Logistics,Series E,150,India
Protocol Labs,SF Bay Area,89,2023-02,2023,0.2,3 - High,0.90,Crypto,Unknown,10,United States
Built Technologies Copy,Nashville,,2023-02,2023,0.08,1 - Low,,Construction,Unknown,313,United States
Finder,"Sydney, Non-U.S.",,2023-02,2023,0.15,2 - Medium,,Retail,Unknown,30,Australia
Byju'S,"Bengaluru, Non-U.S.",1500,2023-02,2023,,4 - Critical,,Education,Private Equity,5500,India
Okta,SF Bay Area,300,2023-02,2023,0.05,2 - Medium,0.29,Security,Post-IPO,1200,United States
Autodesk,SF Bay Area,250,2023-02,2023,0.02,2 - Medium,0.11,Other,Post-IPO,,United States
Mindstrong,SF Bay Area,127,2023-02,2023,,2 - Medium,,Healthcare,Series C,160,United States
Ncc Group,"Manchester, Non-U.S.",125,2023-02,2023,0.07,2 - Medium,0.34,Security,Post-IPO,,United Kingdom
Miro,SF Bay Area,119,2023-02,2023,0.07,2 - Medium,0.34,Other,Series C,476,United States
Getir,New York City,100,2023-02,2023,,2 - Medium,,Food,Series E,1800,United States
Highspot,Seattle,100,2023-02,2023,0.1,2 - Medium,0.46,Sales,Series F,644,United States
Bittrex,Seattle,80,2023-02,2023,,1 - Low,,Crypto,Unknown,,United States
Snowplow,"London, Non-U.S.",40,2023-02,2023,,1 - Low,,Data,Series B,55,United Kingdom
Articulate,New York City,38,2023-02,2023,,1 - Low,,Education,Series A,1500,United States
Desktop Metal,Boston,,2023-02,2023,,Unknown,,Other,Post-IPO,811,United States
Getaround,SF Bay Area,,2023-02,2023,0.1,2 - Medium,,Transportation,Post-IPO,948,United States
Ncsoft,"Seoul, Non-U.S.",,2023-02,2023,0.2,3 - High,,Consumer,Post-IPO,240,South Korea
Sharesies,"Wellington, Non-U.S.",,2023-02,2023,,Unknown,,Finance,Series C,60,New Zealand
Talkdesk,SF Bay Area,,2023-02,2023,,Unknown,,Support,Series D,497,United States
Splunk,SF Bay Area,325,2023-02,2023,0.04,2 - Medium,0.23,Data,Post-IPO,2400,United States
Pinterest,SF Bay Area,150,2023-02,2023,,2 - Medium,,Consumer,Post-IPO,1500,United States
Draftkings,Boston,140,2023-02,2023,0.04,2 - Medium,0.20,Consumer,Post-IPO,719,United States
Cyren,Washington D.C.,121,2023-02,2023,,2 - Medium,,Security,Post-IPO,161,United States
Workato,SF Bay Area,90,2023-02,2023,0.1,2 - Medium,0.45,Other,Series E,415,United States
Verticalscope,"Toronto, Non-U.S.",60,2023-02,2023,0.22,3 - High,0.90,Media,Post-IPO,,Canada
Wheel,Austin,56,2023-02,2023,0.28,3 - High,1.13,Healthcare,Series C,215,United States
Chainalysis,New York City,44,2023-02,2023,0.05,1 - Low,0.19,Crypto,Series F,536,United States
Appgate,Miami,34,2023-02,2023,0.08,1 - Low,0.28,Security,Post-IPO,,United States
Exterro,Portland,24,2023-02,2023,0.03,1 - Low,0.10,Legal,Private Equity,100,United States
Theskimm,New York City,17,2023-02,2023,0.1,2 - Medium,0.29,Media,Series C,28,United States
Ada,"Toronto, Non-U.S.",,2023-02,2023,,Unknown,,Support,Series C,190,Canada
Bustle Digital Group,New York City,,2023-02,2023,0.08,1 - Low,,Media,Series E,80,United States
Frequency Therapeutics,Boston,,2023-02,2023,0.5,4 - Critical,,Healthcare,Post-IPO,76,United States
Mariadb,"Helsinki, Non-U.S.",,2023-02,2023,0.08,1 - Low,,Data,Post-IPO,245,Finland
Match Group,New York City,,2023-02,2023,0.08,1 - Low,,Consumer,Post-IPO,,United States
Omnipresent,"London, Non-U.S.",,2023-02,2023,,Unknown,,HR,Series B,137,United Kingdom
Picnic,Seattle,,2023-02,2023,,Unknown,,Food,Unknown,52,United States
Rivian,Detroit,,2023-02,2023,0.06,1 - Low,,Transportation,Post-IPO,10700,United States
Paypal,SF Bay Area,2000,2023-01,2023,0.07,4 - Critical,0.53,Finance,Post-IPO,216,United States
Netapp,SF Bay Area,960,2023-01,2023,0.08,3 - High,0.55,Data,Post-IPO,,United States
Workday,SF Bay Area,525,2023-01,2023,0.03,3 - High,0.19,HR,Post-IPO,230,United States
Hubspot,Boston,500,2023-01,2023,0.07,3 - High,0.44,Marketing,Post-IPO,100,United States
Upstart,SF Bay Area,365,2023-01,2023,0.2,3 - High,1.18,Finance,Post-IPO,144,United States
Software Ag,"Frankfurt, Non-U.S.",200,2023-01,2023,0.04,2 - Medium,0.21,Data,Post-IPO,344,Germany
Wish,SF Bay Area,150,2023-01,2023,0.17,2 - Medium,0.85,Retail,Post-IPO,1600,United States
Wefox,"Berlin, Non-U.S.",100,2023-01,2023,,2 - Medium,,Finance,Series D,1300,Germany
Tilting Point,New York City,60,2023-01,2023,0.14,2 - Medium,0.58,Consumer,Unknown,235,United States
Gokada,"Lagos, Non-U.S.",54,2023-01,2023,,1 - Low,,Transportation,Unknown,12,Nigeria
Nubank,"Sao Paulo, Non-U.S.",40,2023-01,2023,,1 - Low,,Finance,Post-IPO,4100,Brazil
Au10Tix,"Tel Aviv, Non-U.S.",19,2023-01,2023,0.09,1 - Low,0.27,Security,Unknown,80,Israel
National Instruments,Austin,,2023-01,2023,0.04,1 - Low,,Hardware,Post-IPO,,United States
Opentext,"Waterloo, Non-U.S.",,2023-01,2023,0.08,1 - Low,,Data,Post-IPO,1100,Canada
Philips,"Amsterdam, Non-U.S.",6000,2023-01,2023,0.13,4 - Critical,1.13,Healthcare,Post-IPO,,Netherlands
Olx Group,"Amsterdam, Non-U.S.",1500,2023-01,2023,0.15,4 - Critical,1.10,Marketing,Acquired,,Netherlands
Arrival,"London, Non-U.S.",800,2023-01,2023,0.5,4 - Critical,3.34,Transportation,Post-IPO,629,United Kingdom
Groupon,Chicago,500,2023-01,2023,,3 - High,,Retail,Post-IPO,1400,United States
Intel,SF Bay Area,343,2023-01,2023,,2 - Medium,,Hardware,Post-IPO,12,United States
Glovo,"Barcelona, Non-U.S.",250,2023-01,2023,0.06,2 - Medium,0.33,Food,Acquired,1200,Spain
Delivery Hero,"Berlin, Non-U.S.",156,2023-01,2023,0.04,2 - Medium,0.20,Food,Post-IPO,9900,Germany
Impossible Foods Copy,SF Bay Area,140,2023-01,2023,0.2,3 - High,0.99,Food,Series H,1900,United States
Chrono24,"Karlsruhe, Non-U.S.",65,2023-01,2023,0.13,2 - Medium,0.54,Retail,Series C,205,Germany
Bm Technologies,Philadelphia,,2023-01,2023,0.25,3 - High,,Finance,Post-IPO,,United States
Olist,"Curitiba, Non-U.S.",,2023-01,2023,,Unknown,,Retail,Series E,322,Brazil
Oyster,Charlotte,,2023-01,2023,,Unknown,,HR,Series C,224,United States
Prime Trust,Las Vegas,,2023-01,2023,0.33,3 - High,,Crypto,Series B,176,United States
Quantum Si,New Haven,,2023-01,2023,0.12,2 - Medium,,Healthcare,Post-IPO,425,United States
Sofi,SF Bay Area,,2023-01,2023,,Unknown,,Finance,Post-IPO,3000,United States
Hoxhunt,"Helsinki, Non-U.S.",,2023-01,2023,,Unknown,,Security,Series B,43,Finland
Me Poupe,"Sao Paulo, Non-U.S.",60,2023-01,2023,0.5,4 - Critical,2.06,Finance,Unknown,,Brazil
Cointracker,SF Bay Area,19,2023-01,2023,,1 - Low,,Crypto,Series A,101,United States
Ssense,"Montreal, Non-U.S.",138,2023-01,2023,0.07,2 - Medium,0.35,Retail,Series A,,Canada
Dealshare,"Bengaluru, Non-U.S.",100,2023-01,2023,0.06,2 - Medium,0.28,Retail,Series E,390,India
Ruggable,Los Angeles,100,2023-01,2023,,2 - Medium,,Retail,Seed,,United States
Synopsys,SF Bay Area,100,2023-01,2023,,2 - Medium,,Other,Post-IPO,,United States
Heycar,"Berlin, Non-U.S.",73,2023-01,2023,,1 - Low,,Transportation,Unknown,,Germany
Matrixport,"Singapore, Non-U.S.",29,2023-01,2023,0.1,2 - Medium,0.34,Crypto,Series C,100,Singapore
Shakepay,"Montreal, Non-U.S.",21,2023-01,2023,0.25,3 - High,0.77,Crypto,Series A,45,Canada
#Paid,"Toronto, Non-U.S.",19,2023-01,2023,0.17,2 - Medium,0.51,Marketing,Series B,21,Canada
Decent,SF Bay Area,,2023-01,2023,,Unknown,,Healthcare,Series A,18,United States
Feedzai,"Coimbra, Non-U.S.",,2023-01,2023,,Unknown,,Finance,Unknown,273,Portugal
Nate,New York City,,2023-01,2023,,Unknown,,Retail,Series A,47,United States
Soundwide,"Berlin, Non-U.S.",,2023-01,2023,0.08,1 - Low,,Other,Unknown,,Germany
Sap,"Walldorf, Non-U.S.",3000,2023-01,2023,0.03,4 - Critical,0.24,Other,Post-IPO,1300,Germany
Confluent,SF Bay Area,221,2023-01,2023,0.08,2 - Medium,0.43,Data,Post-IPO,455,United States
Glisser,"London, Non-U.S.",25,2023-01,2023,1,4 - Critical,3.26,Travel,Unknown,1,United Kingdom
Drivewealth,Jersey City,,2023-01,2023,0.2,3 - High,,Finance,Series D,550,United States
Mode Global,"London, Non-U.S.",,2023-01,2023,1,4 - Critical,,Finance,Post-IPO,,United Kingdom
Plus One Robotics,San Antonio,,2023-01,2023,0.1,2 - Medium,,Other,Series B,43,United States
Quora,SF Bay Area,,2023-01,2023,,Unknown,,Consumer,Series D,226,United States
Ibm,New York City,3900,2023-01,2023,0.02,4 - Critical,0.17,Hardware,Post-IPO,,United States
Lam Research,SF Bay Area,1300,2023-01,2023,0.07,4 - Critical,0.50,Hardware,Post-IPO,,United States
Shutterfly,SF Bay Area,360,2023-01,2023,,2 - Medium,,Retail,Acquired,50,United States
Luno,"London, Non-U.S.",330,2023-01,2023,0.35,3 - High,2.03,Crypto,Acquired,13,United Kingdom
Clear Capital,Reno,250,2023-01,2023,0.25,3 - High,1.38,Real Estate,Unknown,,United States
Guardant Health,SF Bay Area,130,2023-01,2023,0.07,2 - Medium,0.34,Healthcare,Post-IPO,550,United States
Sirionlabs,Seattle,130,2023-01,2023,0.15,2 - Medium,0.73,Legal,Series D,171,United States
Tier Mobility,"Berlin, Non-U.S.",80,2023-01,2023,0.07,1 - Low,0.31,Transportation,Series D,646,Germany
Carerev,Los Angeles,,2023-01,2023,,Unknown,,Healthcare,Series A,51,United States
Finastra,"Tel Aviv, Non-U.S.",,2023-01,2023,,Unknown,,Finance,Unknown,,Israel
Noom,New York City,,2023-01,2023,,Unknown,,Fitness,Series F,657,United States
Pagseguro,"Sao Paulo, Non-U.S.",,2023-01,2023,0.07,1 - Low,,Finance,Post-IPO,,Brazil
Prosus,"Amsterdam, Non-U.S.",,2023-01,2023,0.3,3 - High,,Other,Unknown,,Netherlands
Vacasa,Portland,1300,2023-01,2023,0.17,4 - Critical,1.22,Travel,Post-IPO,834,United States
Innovaccer,SF Bay Area,245,2023-01,2023,0.15,2 - Medium,0.83,Healthcare,Series E,379,United States
Bolt,SF Bay Area,50,2023-01,2023,0.1,2 - Medium,0.39,Finance,Series E,1300,United States
Partnerstack,"Toronto, Non-U.S.",40,2023-01,2023,0.2,3 - High,0.74,Sales,Series B,36,Canada
Gitpod,"Kiel, Non-U.S.",21,2023-01,2023,0.28,3 - High,0.87,Product,Series A,41,Germany
Offor Health,Columbus,16,2023-01,2023,,1 - Low,,Healthcare,Series A,14,United States
Venngage,"Toronto, Non-U.S.",11,2023-01,2023,0.2,3 - High,0.50,Marketing,Unknown,,Canada
Coachhub,"Berlin, Non-U.S.",,2023-01,2023,0.1,2 - Medium,,HR,Series C,332,Germany
Corvus Insurance,Boston,,2023-01,2023,0.14,2 - Medium,,Finance,Series C,160,United States
Icon,Austin,,2023-01,2023,,Unknown,,Construction,Series B,451,United States
Pagerduty,SF Bay Area,,2023-01,2023,0.07,1 - Low,,Product,Post-IPO,173,United States
Scoro,"London, Non-U.S.",,2023-01,2023,0.09,1 - Low,,HR,Series B,23,United Kingdom
Spotify,"Stockholm, Non-U.S.",600,2023-01,2023,0.06,3 - High,0.38,Media,Post-IPO,2100,Sweden
Uber Freight,SF Bay Area,150,2023-01,2023,0.03,2 - Medium,0.15,Logistics,Subsidiary,2700,United States
Inmobi,"Bengaluru, Non-U.S.",50,2023-01,2023,,1 - Low,,Marketing,Unknown,320,India
Innovid,New York City,40,2023-01,2023,0.1,2 - Medium,0.37,Marketing,Post-IPO,295,United States
Booktopia,"Sydney, Non-U.S.",30,2023-01,2023,,1 - Low,,Retail,Series A,23,Australia
Ermetic,SF Bay Area,30,2023-01,2023,0.17,2 - Medium,0.58,Security,Series B,97,United States
Namogoo,"Tel Aviv, Non-U.S.",20,2023-01,2023,0.15,2 - Medium,0.46,Marketing,Series C,69,Israel
Camp K12,"Gurugram, Non-U.S.",,2023-01,2023,0.7,4 - Critical,,Education,Series A,16,India
Gemini,New York City,,2023-01,2023,0.1,2 - Medium,,Crypto,Unknown,423,United States
Yext,New York City,,2023-01,2023,0.08,1 - Low,,Marketing,Post-IPO,117,United States
Bux,"Amsterdam, Non-U.S.",,2023-01,2023,,Unknown,,Finance,Series C,115,Netherlands
Google,SF Bay Area,12000,2023-01,2023,0.06,4 - Critical,0.56,Consumer,Post-IPO,26,United States
Wayfair,Boston,1750,2023-01,2023,0.1,4 - Critical,0.75,Retail,Post-IPO,1700,United States
Swiggy,"Bengaluru, Non-U.S.",380,2023-01,2023,0.06,2 - Medium,0.36,Food,Unknown,3600,India
Medibuddy,"Bengaluru, Non-U.S.",200,2023-01,2023,0.08,2 - Medium,0.42,Healthcare,Acquired,192,India
Vox Media,Washington D.C.,130,2023-01,2023,0.07,2 - Medium,0.34,Media,Series F,307,United States
Bittorrent,SF Bay Area,92,2023-01,2023,,1 - Low,,Infrastructure,Acquired,,United States
Karat,Seattle,47,2023-01,2023,,1 - Low,,HR,Unknown,169,United States
Enjoei,"Sao Paulo, Non-U.S.",31,2023-01,2023,0.1,2 - Medium,0.35,Retail,Unknown,14,Brazil
Edifecs,Seattle,30,2023-01,2023,,1 - Low,,Healthcare,Unknown,1,United States
Citrine Informatics,SF Bay Area,22,2023-01,2023,0.27,3 - High,0.85,Data,Series C,64,United States
Avalara,Seattle,,2023-01,2023,,Unknown,,Finance,Acquired,341,United States
Cyteir Therapeutics,Boston,,2023-01,2023,0.7,4 - Critical,,Healthcare,Series C,156,United States
Morning Consult,Washington D.C.,,2023-01,2023,,Unknown,,Data,Series B,91,United States
Tiktok,Los Angeles,,2023-01,2023,,Unknown,,Consumer,Acquired,,United States
Zappos,Las Vegas,,2023-01,2023,,Unknown,,Retail,Acquired,62,United States
Capital One,Washington D.C.,1100,2023-01,2023,,4 - Critical,,Finance,Post-IPO,,United States
Proterra,SF Bay Area,300,2023-01,2023,,2 - Medium,,Transportation,Post-IPO,1200,United States
Wework,New York City,300,2023-01,2023,,2 - Medium,,Real Estate,Post-IPO,22200,United States
Hubilo,SF Bay Area,115,2023-01,2023,0.35,3 - High,1.66,Other,Series B,153,United States
Saks.Com,New York City,100,2023-01,2023,0.05,2 - Medium,0.23,Retail,Unknown,965,United States
Cs Disco,Austin,62,2023-01,2023,0.09,1 - Low,0.37,Legal,Post-IPO,233,United States
Riot Games,Los Angeles,46,2023-01,2023,,1 - Low,,Consumer,Acquired,21,United States
Hydrow,Boston,30,2023-01,2023,,1 - Low,,Fitness,Series D,269,United States
Earth Rides,Nashville,,2023-01,2023,1,4 - Critical,,Transportation,Unknown,2,United States
Fandom,SF Bay Area,,2023-01,2023,,Unknown,,Media,Series E,145,United States
Iam Robotics,Pittsburgh,,2023-01,2023,,Unknown,,Hardware,Unknown,21,United States
Icertis,Seattle,,2023-01,2023,,Unknown,,Legal,Unknown,521,United States
Magnite,Los Angeles,,2023-01,2023,0.06,1 - Low,,Marketing,Post-IPO,400,United States
Mudafy,"Mexico City, Non-U.S.",,2023-01,2023,0.7,4 - Critical,,Real Estate,Series A,13,Mexico
Personalis,SF Bay Area,,2023-01,2023,0.3,3 - High,,Healthcare,Post-IPO,225,United States
Prisma,SF Bay Area,,2023-01,2023,0.28,3 - High,,Data,Series B,56,United States
Spaceship,"Sydney, Non-U.S.",,2023-01,2023,,Unknown,,Finance,Series A,41,Australia
Wallbox,"Barcelona, Non-U.S.",,2023-01,2023,0.15,2 - Medium,,Energy,Post-IPO,167,Spain
Microsoft,Seattle,10000,2023-01,2023,0.05,4 - Critical,0.46,Other,Post-IPO,1,United States
Sophos,"Oxford, Non-U.S.",450,2023-01,2023,0.1,2 - Medium,0.61,Security,Acquired,125,United Kingdom
Teladoc Health,New York City,300,2023-01,2023,0.06,2 - Medium,0.34,Healthcare,Post-IPO,172,United States
Vroom,New York City,275,2023-01,2023,0.2,3 - High,1.12,Transportation,Post-IPO,1300,United States
8X8,SF Bay Area,155,2023-01,2023,0.07,2 - Medium,0.35,Support,Post-IPO,253,United States
Pagaya,"Tel Aviv, Non-U.S.",140,2023-01,2023,0.2,3 - High,0.99,Finance,Post-IPO,571,Israel
Benevity,"Calgary, Non-U.S.",137,2023-01,2023,0.14,2 - Medium,0.69,Other,Unknown,69,Canada
Inspirato,Denver,109,2023-01,2023,0.12,2 - Medium,0.56,Travel,Post-IPO,179,United States
Jumpcloud,Boulder,100,2023-01,2023,0.12,2 - Medium,0.55,Security,Series F,416,United States
Ncino,Wilmington,100,2023-01,2023,0.07,2 - Medium,0.32,Finance,Post-IPO,1100,United States
Starry,Boston,100,2023-01,2023,0.24,3 - High,1.11,Other,Post-IPO,260,United States
Hootsuite,"Vancouver, Non-U.S.",70,2023-01,2023,0.07,1 - Low,0.30,Marketing,Series C,300,Canada
Clue,"Berlin, Non-U.S.",31,2023-01,2023,0.31,3 - High,1.07,Healthcare,Unknown,47,Germany
Addepar,SF Bay Area,20,2023-01,2023,0.03,1 - Low,0.09,Finance,Series F,491,United States
80 Acres Farms,Cincinnati,,2023-01,2023,0.1,2 - Medium,,Food,Unknown,275,United States
Aiven,"Helsinki, Non-U.S.",,2023-01,2023,0.2,3 - High,,Infrastructure,Series D,420,Finland
Bally'S Interactive,Providence,,2023-01,2023,0.15,2 - Medium,,Consumer,Post-IPO,946,United States
Betterfly,"Santiago, Non-U.S.",,2023-01,2023,0.3,3 - High,,Healthcare,Series C,204,Chile
Cazoo,"London, Non-U.S.",,2023-01,2023,,Unknown,,Transportation,Post-IPO,2000,United Kingdom
Coda,SF Bay Area,,2023-01,2023,,Unknown,,Other,Series D,240,United States
Cypress.Io,Atlanta,,2023-01,2023,,Unknown,,Product,Series B,54,United States
Lucid Diagnostics,New York City,,2023-01,2023,0.2,3 - High,,Healthcare,Post-IPO,,United States
Mavenir,Dallas,,2023-01,2023,,Unknown,,Infrastructure,Acquired,854,United States
Redbubble,"Melbourne, Non-U.S.",,2023-01,2023,0.14,2 - Medium,,Retail,Post-IPO,55,Australia
Lightspeed Commerce,"Montreal, Non-U.S.",300,2023-01,2023,0.1,2 - Medium,0.57,Retail,Post-IPO,1200,Canada
Unity,SF Bay Area,284,2023-01,2023,0.03,2 - Medium,0.17,Other,Post-IPO,1300,United States
Britishvolt,"London, Non-U.S.",206,2023-01,2023,1,4 - Critical,5.33,Transportation,Unknown,2400,United Kingdom
Clutch,"Toronto, Non-U.S.",150,2023-01,2023,,2 - Medium,,Transportation,Unknown,253,Canada
Exotel,"Bengaluru, Non-U.S.",142,2023-01,2023,0.15,2 - Medium,0.74,Support,Series D,87,India
Unico,"Sao Paulo, Non-U.S.",110,2023-01,2023,0.1,2 - Medium,0.47,Other,Series D,336,Brazil
Tul,"Bogota, Non-U.S.",100,2023-01,2023,,2 - Medium,,Construction,Series B,218,Colombia
American Robotics,Boston,50,2023-01,2023,0.65,4 - Critical,2.56,Other,Acquired,92,United States
Luxury Presence,Los Angeles,44,2023-01,2023,,1 - Low,,Real Estate,Series B,31,United States
Ringcentral,SF Bay Area,30,2023-01,2023,,1 - Low,,Other,Post-IPO,44,United States
Avaya,Durham,,2023-01,2023,,Unknown,,Other,Post-IPO,700,United States
Fishbrain,"Stockholm, Non-U.S.",,2023-01,2023,,Unknown,,Consumer,Unknown,59,Sweden
Gomechanic,"Gurugram, Non-U.S.",,2023-01,2023,0.7,4 - Critical,,Transportation,Series C,54,India
Livevox,SF Bay Area,,2023-01,2023,0.16,2 - Medium,,Support,Post-IPO,12,United States
Oracle,SF Bay Area,,2023-01,2023,,Unknown,,Other,Post-IPO,,United States
Rappi,"Buenos Aires, Non-U.S.",,2023-01,2023,,Unknown,,Food,Unknown,2300,Argentina
Rategenius,Austin,,2023-01,2023,,Unknown,,Finance,Acquired,2,United States
Xp,"Sao Paulo, Non-U.S.",,2023-01,2023,,Unknown,,Finance,Post-IPO,,Brazil
Pagbank,"Sao Paulo, Non-U.S.",500,2023-01,2023,0.07,3 - High,0.44,Finance,Post-IPO,,Brazil
Sharechat,"Bengaluru, Non-U.S.",500,2023-01,2023,0.2,3 - High,1.24,Consumer,Series H,1700,India
Gramophone,"Indore, Non-U.S.",75,2023-01,2023,,1 - Low,,Food,Series B,17,India
Clearco,"Toronto, Non-U.S.",50,2023-01,2023,0.3,3 - High,1.18,Finance,Series C,698,Canada
Dunzo,"Bengaluru, Non-U.S.",,2023-01,2023,0.03,1 - Low,,Food,Unknown,382,India
Ignition,"Sydney, Non-U.S.",,2023-01,2023,0.1,2 - Medium,,Finance,Series C,74,Australia
Rebel Foods,"Mumbai, Non-U.S.",,2023-01,2023,0.02,1 - Low,,Food,Unknown,548,India
Captain Fresh,"Bengaluru, Non-U.S.",120,2023-01,2023,,2 - Medium,,Food,Series C,126,India
Snappy,New York City,100,2023-01,2023,0.3,3 - High,1.38,Marketing,Series C,104,United States
Bharatagri,"Mumbai, Non-U.S.",40,2023-01,2023,0.43,3 - High,1.60,Food,Series A,21,India
Dehaat,"Patna, Non-U.S.",,2023-01,2023,0.05,1 - Low,,Food,Series E,254,India
Black Shark,"Shenzen, Non-U.S.",900,2023-01,2023,,3 - High,,Hardware,Unknown,,China
Ola,"Bengaluru, Non-U.S.",200,2023-01,2023,,2 - Medium,,Transportation,Series J,5000,India
Bonterra,Austin,140,2023-01,2023,0.1,2 - Medium,0.49,Other,Unknown,,United States
Vial,SF Bay Area,40,2023-01,2023,,1 - Low,,Healthcare,Series B,101,United States
Arch Oncology,Brisbane,,2023-01,2023,1,4 - Critical,,Healthcare,Series C,155,United States
Carvana,Phoenix,,2023-01,2023,,Unknown,,Transportation,Post-IPO,1600,United States
Coschedule,Bismarck,,2023-01,2023,,Unknown,,Marketing,Unknown,2,United States
Gocanvas,Washington D.C.,,2023-01,2023,,Unknown,,Other,Acquired,21,United States
Jellyfish,Boston,,2023-01,2023,0.09,1 - Low,,Product,Series C,114,United States
Lending Club,SF Bay Area,225,2023-01,2023,0.14,2 - Medium,0.76,Finance,Post-IPO,392,United States
Smartnews,"Tokyo, Non-U.S.",120,2023-01,2023,0.4,3 - High,1.92,Media,Series F,410,Japan
Skit.Ai,"Bengaluru, Non-U.S.",115,2023-01,2023,,2 - Medium,,Support,Series B,28,India
Pier,"Sao Paulo, Non-U.S.",111,2023-01,2023,0.39,3 - High,1.84,Finance,Series B,42,Brazil
Blockchain.Com,"London, Non-U.S.",110,2023-01,2023,0.28,3 - High,1.32,Crypto,Series D,490,United Kingdom
Lattice,SF Bay Area,105,2023-01,2023,0.15,2 - Medium,0.70,HR,Series F,328,United States
Greenlight,Atlanta,104,2023-01,2023,0.21,3 - High,0.98,Finance,Series D,556,United States
Cashfree Payments,Bengaluru,100,2023-01,2023,,2 - Medium,,Finance,Series B,41,India
Mapbox,Washington D.C.,64,2023-01,2023,,1 - Low,,Data,Unknown,334,United States
Definitive Healthcare,Boston,55,2023-01,2023,0.06,1 - Low,0.24,Healthcare,Post-IPO,,United States
Akili Labs,Boston,46,2023-01,2023,0.3,3 - High,1.16,Healthcare,Post-IPO,301,United States
Career Karma,SF Bay Area,22,2023-01,2023,,1 - Low,,Education,Series B,51,United States
Crypto.Com,"Singapore, Non-U.S.",,2023-01,2023,0.2,3 - High,,Crypto,Unknown,,Singapore
Life360,SF Bay Area,,2023-01,2023,0.14,2 - Medium,,Consumer,Post-IPO,158,United States
Rock Content,Miami,,2023-01,2023,0.15,2 - Medium,,Marketing,Series B,34,United States
Flexport,SF Bay Area,640,2023-01,2023,0.2,3 - High,1.29,Logistics,Series E,2400,United States
Qualtrics,Salt Lake City,270,2023-01,2023,0.05,2 - Medium,0.28,Other,Post-IPO,400,United States
Verily,SF Bay Area,250,2023-01,2023,0.15,2 - Medium,0.83,Healthcare,Subsidiary,3500,United States
Tipalti,SF Bay Area,123,2023-01,2023,0.11,2 - Medium,0.53,Finance,Series F,565,United States
Jumio,SF Bay Area,100,2023-01,2023,0.06,2 - Medium,0.28,Security,Private Equity,205,United States
Coindcx,Mumbai,80,2023-01,2023,,1 - Low,,Crypto,Series D,244,India
Hashicorp,SF Bay Area,69,2023-01,2023,,1 - Low,,Security,Post-IPO,349,United States
Embark Vet,Boston,41,2023-01,2023,,1 - Low,,Healthcare,Series B,94,United States
Intrinsic,SF Bay Area,40,2023-01,2023,0.2,3 - High,0.74,Other,Acquired,,United States
Citizen,New York City,33,2023-01,2023,,1 - Low,,Consumer,Series C,133,United States
Carta,SF Bay Area,,2023-01,2023,0.1,2 - Medium,,HR,Series G,1100,United States
Limeade,Seattle,,2023-01,2023,0.15,2 - Medium,,HR,Series C,33,United States
Oyster,Charlotte,,2023-01,2023,,Unknown,,HR,Series C,224,United States
Paddle,"London, Non-U.S.",,2023-01,2023,0.08,1 - Low,,Finance,Series D,293,United Kingdom
Coinbase,SF Bay Area,950,2023-01,2023,0.2,3 - High,1.37,Crypto,Post-IPO,549,United States
Informatica,SF Bay Area,450,2023-01,2023,0.07,2 - Medium,0.43,Data,Post-IPO,,United States
Blend,SF Bay Area,340,2023-01,2023,0.28,3 - High,1.63,Finance,Post-IPO,665,United States
Till Payments,"Sydney, Non-U.S.",120,2023-01,2023,,2 - Medium,,Finance,Series C,95,Australia
Consensys,New York City,100,2023-01,2023,0.11,2 - Medium,0.51,Crypto,Series D,726,United States
Forescout,"Tel Aviv, Non-U.S.",100,2023-01,2023,0.1,2 - Medium,0.46,Security,Acquired,125,Israel
Thinkific,"Vancouver, Non-U.S.",76,2023-01,2023,0.19,2 - Medium,0.83,Education,Post-IPO,22,Canada
Lead,"Mumbai, Non-U.S.",60,2023-01,2023,,1 - Low,,Education,Series E,190,India
Parler,Nashville,60,2023-01,2023,0.75,4 - Critical,3.08,Consumer,Series B,36,United States
Gobolt,"Toronto, Non-U.S.",55,2023-01,2023,0.05,1 - Low,0.20,Logistics,Series C,178,Canada
Relevel,"Bengaluru, Non-U.S.",40,2023-01,2023,0.2,3 - High,0.74,HR,Unknown,,India
Streamelements,"Tel Aviv, Non-U.S.",40,2023-01,2023,0.2,3 - High,0.74,Media,Series B,111,Israel
Cart.Com,Austin,25,2023-01,2023,0.04,1 - Low,0.13,Retail,Unknown,383,United States
100 Thieves,Los Angeles,,2023-01,2023,,Unknown,,Retail,Series C,120,United States
Beamery,"London, Non-U.S.",,2023-01,2023,0.12,2 - Medium,,HR,Series D,223,United Kingdom
Cart.Com,Austin,,2023-01,2023,,Unknown,,Retail,Unknown,383,United States
Citrix,Miami,,2023-01,2023,0.15,2 - Medium,,Infrastructure,Acquired,20,United States
Esper,Seattle,,2023-01,2023,0.21,3 - High,,Other,Series A,10,United States
Whoop,Boston,,2023-01,2023,0.04,1 - Low,,Fitness,Series F,404,United States
Fate Therapeutics,San Diego,315,2023-01,2023,0.57,4 - Critical,3.28,Healthcare,Post-IPO,1200,United States
Century Therapeutics,Philadelphia,,2023-01,2023,,Unknown,,Healthcare,Post-IPO,560,United States
Editas Medicine,Boston,,2023-01,2023,0.2,3 - High,,Healthcare,Post-IPO,656,United States
Scale Ai,SF Bay Area,,2023-01,2023,0.2,3 - High,,Data,Series E,602,United States
Minute Media,"London, Non-U.S.",50,2023-01,2023,0.1,2 - Medium,0.39,Media,Series I,160,United Kingdom
Walkme,SF Bay Area,43,2023-01,2023,0.03,1 - Low,0.11,Other,Post-IPO,307,United States
Integrate,Phoenix,,2023-01,2023,,Unknown,,Marketing,Acquired,80,United States
Huobi,"Beijing, Non-U.S.",275,2023-01,2023,0.2,3 - High,1.12,Crypto,Unknown,2,China
Carbon Health,SF Bay Area,200,2023-01,2023,,2 - Medium,,Healthcare,Series D,522,United States
Bounce,"Bengaluru, Non-U.S.",40,2023-01,2023,0.05,1 - Low,0.19,Transportation,Series D,214,India
Aware,Columbus,,2023-01,2023,,Unknown,,Security,Series C,88,United States
Careerarc,Los Angeles,,2023-01,2023,,Unknown,,HR,Private Equity,30,United States
Createme,SF Bay Area,,2023-01,2023,,Unknown,,Manufacturing,Unknown,,United States
Lantern,Grand Rapids,,2023-01,2023,1,4 - Critical,,Retail,Seed,40,United States
Mojo Vision,SF Bay Area,,2023-01,2023,0.75,4 - Critical,,Hardware,Series B,204,United States
Superrare,Wilmington,,2023-01,2023,0.3,3 - High,,Crypto,Series A,9,United States
Cue,San Diego,388,2023-01,2023,,2 - Medium,,Healthcare,Post-IPO,999,United States
Soundhound,SF Bay Area,200,2023-01,2023,0.5,4 - Critical,2.65,Other,Post-IPO,326,United States
Socure,Reno,104,2023-01,2023,0.19,2 - Medium,0.88,Finance,Series E,646,United States
Genesis,New York City,60,2023-01,2023,0.3,3 - High,1.23,Crypto,Series A,,United States
Moglix,Singapore,40,2023-01,2023,0.02,1 - Low,0.07,Retail,Series F,472,Singapore
Twitter,SF Bay Area,40,2023-01,2023,,1 - Low,,Consumer,Post-IPO,12900,United States
Everlane,SF Bay Area,30,2023-01,2023,0.17,2 - Medium,0.58,Retail,Unknown,176,United States
Pecan Ai,"Tel Aviv, Non-U.S.",30,2023-01,2023,0.25,3 - High,0.86,Data,Series C,116,Israel
Personetics,New York City,30,2023-01,2023,0.08,1 - Low,0.27,Support,Private Equity,178,United States
Twine Solutions,"Tel Aviv, Non-U.S.",30,2023-01,2023,0.33,3 - High,1.13,Hardware,Unknown,50,Israel
Upscalio,Gurugram,25,2023-01,2023,0.15,2 - Medium,0.49,Retail,Series B,62,India
Attentive,New York City,,2023-01,2023,0.15,2 - Medium,,Marketing,Series E,863,United States
Compass,New York City,,2023-01,2023,,Unknown,,Real Estate,Post-IPO,1600,United States
Megaport,"Brisbane, Non-U.S.",,2023-01,2023,,Unknown,,Infrastructure,Post-IPO,98,Australia
Stitch Fix,SF Bay Area,,2023-01,2023,0.2,3 - High,,Retail,Post-IPO,79,United States
Tcr2,Boston,,2023-01,2023,0.4,3 - High,,Healthcare,Post-IPO,173,United States
Amazon,Seattle,8000,2023-01,2023,0.02,4 - Critical,0.18,Retail,Post-IPO,108,United States
Salesforce,SF Bay Area,8000,2023-01,2023,0.1,4 - Critical,0.90,Sales,Post-IPO,65,United States
Astronomer,Cincinnati,76,2023-01,2023,0.2,3 - High,0.87,Data,Series C,282,United States
Kaltura,New York City,75,2023-01,2023,0.11,2 - Medium,0.48,Media,Post-IPO,166,United States
Augury,New York City,20,2023-01,2023,0.05,1 - Low,0.15,Manufacturing,Series E,274,United States
Butterfly Network,Boston,,2023-01,2023,0.25,3 - High,,Healthcare,Post-IPO,530,United States
Vimeo,New York City,,2023-01,2023,0.11,2 - Medium,,Consumer,Post-IPO,450,United States
Wyre,SF Bay Area,,2023-01,2023,1,4 - Critical,,Crypto,Unknown,29,United States
Pegasystems,Boston,245,2023-01,2023,0.04,2 - Medium,0.22,HR,Post-IPO,,United States
Uniphore,SF Bay Area,76,2023-01,2023,0.1,2 - Medium,0.43,Support,Series E,620,United States
Harappa,"New Delhi, Non-U.S.",60,2023-01,2023,0.3,3 - High,1.23,Education,Acquired,,India
Bytedance,"Shanghai, Non-U.S.",,2023-01,2023,0.1,2 - Medium,,Consumer,Unknown,9400,China
Amdocs,St. Louis,700,2023-01,2023,0.03,3 - High,0.20,Support,Post-IPO,,United States
Micron,Boise,4800,2023-01,2023,0.1,4 - Critical,0.85,Hardware,Post-IPO,50,United States
Graphcore,"Beijing, Non-U.S.",,2023-01,2023,,Unknown,,Hardware,Series E,682,China
Ezoic,San Diego,35,2022-12,2022,,1 - Low,,Infrastructure,Series A,39,United States
Gousto,"London, Non-U.S.",,2022-12,2022,0.14,2 - Medium,,Food,Unknown,675,United Kingdom
Mara,"Nairobi, Non-U.S.",,2022-12,2022,,Unknown,,Crypto,Seed,23,Kenya
Bilibili,"Shanghai, Non-U.S.",,2022-12,2022,0.3,3 - High,,Media,Post-IPO,3700,China
Octopus Network,"Beau Vallon, Non-U.S.",,2022-12,2022,0.4,3 - High,,Crypto,Series A,8,Seychelles
Payu,"Amsterdam, Non-U.S.",150,2022-12,2022,0.06,2 - Medium,0.30,Finance,Acquired,,Netherlands
Element,"London, Non-U.S.",,2022-12,2022,0.15,2 - Medium,,Other,Series B,96,United Kingdom
Willow,"Sydney, Non-U.S.",99,2022-12,2022,0.22,3 - High,1.01,Real Estate,Unknown,,Australia
Back Market,"Paris, Non-U.S.",93,2022-12,2022,0.13,2 - Medium,0.59,Retail,Series E,1000,France
Zoopla,"London, Non-U.S.",50,2022-12,2022,,1 - Low,,Real Estate,Series C,25,United Kingdom
Qualcomm,San Diego,153,2022-12,2022,,2 - Medium,,Hardware,Post-IPO,,United States
Tusimple,San Diego,350,2022-12,2022,0.25,3 - High,1.47,Transportation,Post-IPO,648,United States
Lendis,"Berlin, Non-U.S.",,2022-12,2022,0.5,4 - Critical,,Other,Series A,90,Germany
Chope,"Singapore, Non-U.S.",65,2022-12,2022,0.24,3 - High,1.01,Food,Series E,50,Singapore
Briza,"Toronto, Non-U.S.",26,2022-12,2022,0.4,3 - High,1.32,Finance,Series A,10,Canada
Streetbees,"London, Non-U.S.",,2022-12,2022,,Unknown,,Data,Unknown,63,United Kingdom
Zhihu,"Beijing, Non-U.S.",,2022-12,2022,0.1,2 - Medium,,Consumer,Series F,892,China
Homebot,Denver,18,2022-12,2022,0.13,2 - Medium,0.38,Real Estate,Acquired,4,United States
Health Iq,SF Bay Area,,2022-12,2022,,Unknown,,Healthcare,Series D,136,United States
Xiaomi,"Beijing, Non-U.S.",,2022-12,2022,,Unknown,,Consumer,Post-IPO,7400,China
Yourgrocer,"Melbourne, Non-U.S.",,2022-12,2022,1,4 - Critical,,Food,Unknown,2,Australia
Tomorrow,"Hamburg, Non-U.S.",30,2022-12,2022,0.25,3 - High,0.86,Finance,Unknown,29,Germany
Revelate,"Montreal, Non-U.S.",24,2022-12,2022,0.3,3 - High,0.97,Data,Series A,26,Canada
E Inc.,"Toronto, Non-U.S.",,2022-12,2022,,Unknown,,Transportation,Post-IPO,,Canada
Autograph,Los Angeles,,2022-12,2022,,Unknown,,Crypto,Series B,205,United States
Freshbooks,"Toronto, Non-U.S.",,2022-12,2022,,Unknown,,Finance,Unknown,331,Canada
Improbable,"London, Non-U.S.",,2022-12,2022,0.1,2 - Medium,,Other,Unknown,704,United Kingdom
Modern Treasury,SF Bay Area,,2022-12,2022,0.18,2 - Medium,,Finance,Series C,183,United States
Reach,"Calgary, Non-U.S.",,2022-12,2022,0.12,2 - Medium,,Retail,Series A,30,Canada
Sondermind,Denver,,2022-12,2022,0.15,2 - Medium,,Healthcare,Series C,183,United States
Bigcommerce,Austin,180,2022-12,2022,0.13,2 - Medium,0.68,Retail,Post-IPO,224,United States
Freshworks,SF Bay Area,90,2022-12,2022,0.02,1 - Low,0.09,Support,Post-IPO,484,United States
Leaflink,New York City,80,2022-12,2022,0.31,3 - High,1.36,Other,Series C,379,United States
Workmotion,"Berlin, Non-U.S.",60,2022-12,2022,0.2,3 - High,0.82,HR,Series B,76,Germany
Apollo,SF Bay Area,,2022-12,2022,0.15,2 - Medium,,Product,Series D,183,United States
Jd.Id,"Jakarta, Non-U.S.",200,2022-12,2022,0.3,3 - High,1.59,Retail,Post-IPO,5100,Indonesia
Gostudent,"Vienna, Non-U.S.",100,2022-12,2022,,2 - Medium,,Education,Series D,686,Austria
Quanergy Systems,SF Bay Area,72,2022-12,2022,,1 - Low,,Transportation,Post-IPO,175,United States
Headspace,Los Angeles,50,2022-12,2022,0.04,1 - Low,0.16,Healthcare,Unknown,215,United States
Chownow,Los Angeles,40,2022-12,2022,0.1,2 - Medium,0.37,Food,Series C,64,United States
Landing,Birmingham,,2022-12,2022,,Unknown,,Real Estate,Series C,347,United States
Thumbtack,SF Bay Area,160,2022-12,2022,0.14,2 - Medium,0.71,Consumer,Series I,698,United States
Edgio,Phoenix,95,2022-12,2022,0.1,2 - Medium,0.46,Infrastructure,Post-IPO,462,United States
Komodo Health,SF Bay Area,78,2022-12,2022,0.09,1 - Low,0.39,Healthcare,Series E,514,United States
Viant,Los Angeles,46,2022-12,2022,0.13,2 - Medium,0.50,Marketing,Post-IPO,,United States
Taxbit,Salt Lake City,,2022-12,2022,,Unknown,,Crypto,Series B,235,United States
Pluralsight,Salt Lake City,400,2022-12,2022,0.2,3 - High,1.20,Education,Acquired,192,United States
Freshly,Phoenix,329,2022-12,2022,,2 - Medium,,Food,Acquired,107,United States
Balto,St. Louis,35,2022-12,2022,,1 - Low,,Sales,Series B,51,United States
Caribou,Washington D.C.,,2022-12,2022,,Unknown,,Finance,Series C,189,United States
Outschool,SF Bay Area,43,2022-12,2022,0.25,3 - High,0.95,Education,Series D,240,United States
Xentral,"Munich, Non-U.S.",20,2022-12,2022,0.1,2 - Medium,0.30,Product,Series B,94,Germany
Autobooks,Detroit,,2022-12,2022,,Unknown,,Finance,Series C,97,United States
Convene,New York City,,2022-12,2022,,Unknown,,Real Estate,Unknown,281,United States
Pharmeasy,"Mumbai, Non-U.S.",,2022-12,2022,,Unknown,,Healthcare,Unknown,1600,India
Playtika,"Tel Aviv, Non-U.S.",600,2022-12,2022,0.15,3 - High,0.96,Consumer,Post-IPO,,Israel
Bol.Com,"Utrecht, Non-U.S.",300,2022-12,2022,0.1,2 - Medium,0.57,Retail,Acquired,,Netherlands
Share Now,"Berlin, Non-U.S.",150,2022-12,2022,0.36,3 - High,1.81,Transportation,Acquired,,Germany
Alice,"Sao Paulo, Non-U.S.",113,2022-12,2022,0.16,2 - Medium,0.76,Healthcare,Series C,174,Brazil
Primer,"London, Non-U.S.",85,2022-12,2022,0.33,3 - High,1.47,Finance,Series B,73,United Kingdom
Onefootball,"Berlin, Non-U.S.",62,2022-12,2022,0.115,2 - Medium,0.48,Marketing,Series D,442,Germany
C2Fo,Kansas City,20,2022-12,2022,0.02,1 - Low,0.06,Finance,Series H,537,United States
Brodmann17,"Tel Aviv, Non-U.S.",,2022-12,2022,1,4 - Critical,,Other,Series A,25,Israel
Digital Surge,"Brisbane, Non-U.S.",,2022-12,2022,1,4 - Critical,,Crypto,Unknown,,Australia
N-Able Technologies,Raleigh,,2022-12,2022,,Unknown,,Other,Post-IPO,225,United States
Zenledger,Seattle,,2022-12,2022,0.1,2 - Medium,,Crypto,Series B,25,United States
Airtable,SF Bay Area,254,2022-12,2022,0.2,3 - High,1.11,Product,Series F,1400,United States
Swiggy,"Bengaluru, Non-U.S.",250,2022-12,2022,0.03,2 - Medium,0.17,Food,Unknown,3600,India
Glints,"Singapore, Non-U.S.",198,2022-12,2022,0.18,2 - Medium,0.95,HR,Series D,82,Singapore
Buser,"Sao Paulo, Non-U.S.",160,2022-12,2022,0.3,3 - High,1.52,Transportation,Series C,138,Brazil
Blackline,Los Angeles,95,2022-12,2022,0.05,1 - Low,0.23,Finance,Private Equity,220,United States
Chrono24,"Karlsruhe, Non-U.S.",80,2022-12,2022,,1 - Low,,Retail,Series C,205,Germany
Otonomo,"Tel Aviv, Non-U.S.",80,2022-12,2022,0.5,4 - Critical,2.20,Transportation,Post-IPO,231,Israel
Techtarget,Boston,60,2022-12,2022,0.05,1 - Low,0.21,Marketing,Post-IPO,115,United States
Inscripta,Boulder,43,2022-12,2022,,1 - Low,,Healthcare,Series E,459,United States
Cycognito,SF Bay Area,30,2022-12,2022,0.15,2 - Medium,0.52,Security,Series C,153,United States
Armis,SF Bay Area,25,2022-12,2022,0.04,1 - Low,0.13,Security,Private Equity,537,United States
Bakkt,Atlanta,,2022-12,2022,0.15,2 - Medium,,Crypto,Post-IPO,932,United States
Blue Apron,New York City,,2022-12,2022,0.1,2 - Medium,,Food,Post-IPO,352,United States
Firehydrant,New York City,,2022-12,2022,,Unknown,,Infrastructure,Series B,32,United States
Lenovo,Raleigh,,2022-12,2022,,Unknown,,Hardware,Post-IPO,850,United States
Nerdy,St. Louis,,2022-12,2022,0.17,2 - Medium,,Education,Post-IPO,150,United States
Vanta,SF Bay Area,,2022-12,2022,0.14,2 - Medium,,Security,Series B,203,United States
Vedantu,"Bengaluru, Non-U.S.",385,2022-12,2022,,2 - Medium,,Education,Series E,292,India
Loft,"Sao Paulo, Non-U.S.",312,2022-12,2022,0.12,2 - Medium,0.69,Real Estate,Unknown,788,Brazil
Plaid,SF Bay Area,260,2022-12,2022,0.2,3 - High,1.11,Finance,Series D,734,United States
Motive,SF Bay Area,237,2022-12,2022,0.06,2 - Medium,0.33,Transportation,Series F,567,United States
Recur Forever,Miami,235,2022-12,2022,,2 - Medium,,Crypto,Series A,55,United States
Relativity,Chicago,150,2022-12,2022,0.1,2 - Medium,0.50,Legal,Private Equity,125,United States
Voi,"Stockholm, Non-U.S.",130,2022-12,2022,0.13,2 - Medium,0.63,Transportation,Series D,515,Sweden
Integral Ad Science,New York City,120,2022-12,2022,0.13,2 - Medium,0.62,Marketing,Acquired,116,United States
Houzz,SF Bay Area,95,2022-12,2022,0.08,1 - Low,0.37,Consumer,Series E,613,United States
Grover,"Berlin, Non-U.S.",40,2022-12,2022,0.1,2 - Medium,0.37,Retail,Unknown,2300,Germany
Lev,New York City,30,2022-12,2022,0.3,3 - High,1.03,Real Estate,Series B,114,United States
Lithic,New York City,27,2022-12,2022,0.18,2 - Medium,0.60,Finance,Series C,115,United States
Circleci,SF Bay Area,,2022-12,2022,0.17,2 - Medium,,Product,Series F,315,United States
Detectify,"Stockholm, Non-U.S.",,2022-12,2022,,Unknown,,Security,Unknown,42,Sweden
Sayurbox,"Jakarta, Non-U.S.",,2022-12,2022,0.05,1 - Low,,Food,Series C,139,Indonesia
Zywave,Milwaukee,,2022-12,2022,,Unknown,,Finance,Acquired,,United States
Doma,SF Bay Area,515,2022-12,2022,0.4,3 - High,2.50,Finance,Post-IPO,679,United States
Intel,SF Bay Area,201,2022-12,2022,,2 - Medium,,Hardware,Post-IPO,12,United States
Buzzfeed,New York City,180,2022-12,2022,0.12,2 - Medium,0.62,Media,Post-IPO,696,United States
Weedmaps,Los Angeles,175,2022-12,2022,0.25,3 - High,1.29,Other,Acquired,,United States
Adobe,SF Bay Area,100,2022-12,2022,,2 - Medium,,Marketing,Post-IPO,2,United States
Chipper Cash,SF Bay Area,50,2022-12,2022,0.125,2 - Medium,0.49,Finance,Series C,302,United States
Stash,New York City,32,2022-12,2022,0.08,1 - Low,0.28,Finance,Unknown,480,United States
Perimeter 81,"Tel Aviv, Non-U.S.",20,2022-12,2022,0.08,1 - Low,0.24,Security,Series C,165,Israel
Koinly,"London, Non-U.S.",16,2022-12,2022,0.14,2 - Medium,0.40,Crypto,Unknown,,United Kingdom
Bridgit,"Waterloo, Non-U.S.",13,2022-12,2022,0.13,2 - Medium,0.34,Construction,Series B,36,Canada
Filevine,Salt Lake City,,2022-12,2022,,Unknown,,Legal,Series D,226,United States
Moove,"Lagos, Non-U.S.",,2022-12,2022,,Unknown,,Transportation,Unknown,630,Nigeria
Nextiva,Phoenix,,2022-12,2022,0.17,2 - Medium,,Other,Private Equity,200,United States
Onestudyteam,Boston,,2022-12,2022,0.25,3 - High,,Healthcare,Series D,479,United States
Zuora,SF Bay Area,,2022-12,2022,0.11,2 - Medium,,Finance,Post-IPO,647,United States
Swyftx,"Brisbane, Non-U.S.",90,2022-12,2022,0.4,3 - High,1.80,Crypto,Unknown,,Australia
Aqua Security,Boston,65,2022-12,2022,0.1,2 - Medium,0.42,Security,Series E,265,United States
Datarails,"Tel Aviv, Non-U.S.",30,2022-12,2022,0.18,2 - Medium,0.62,Finance,Series B,103,Israel
Elemy,SF Bay Area,,2022-12,2022,,Unknown,,Healthcare,Series B,323,United States
Route,Lehi,,2022-12,2022,,Unknown,,Retail,Unknown,481,United States
Thinkific,"Vancouver, Non-U.S.",,2022-12,2022,,Unknown,,Education,Post-IPO,22,Canada
Oyo,"Gurugram, Non-U.S.",600,2022-12,2022,,3 - High,,Travel,Series F,4000,India
Healthifyme,Bengaluru,150,2022-12,2022,,2 - Medium,,Fitness,Series C,100,India
Bybit,"Singapore, Non-U.S.",,2022-12,2022,0.3,3 - High,,Crypto,Unknown,,Singapore
Cognyte,"Tel Aviv, Non-U.S.",100,2022-12,2022,0.05,2 - Medium,0.23,Security,Unknown,,Israel
Sharechat,"Bengaluru, Non-U.S.",100,2022-12,2022,,2 - Medium,,Consumer,Unknown,1700,India
Polly,Burlington,47,2022-12,2022,0.15,2 - Medium,0.58,Finance,Series C,184,United States
Homebound,SF Bay Area,,2022-12,2022,,Unknown,,Real Estate,Unknown,128,United States
Lora Dicarlo,Bend,,2022-12,2022,1,4 - Critical,,Consumer,Unknown,9,United States
Carousell,"Singapore, Non-U.S.",110,2022-12,2022,0.1,2 - Medium,0.47,Retail,Private Equity,372,Singapore
Bizzabo,New York City,100,2022-12,2022,0.37,3 - High,1.71,Marketing,Series E,194,United States
Bloomtech,SF Bay Area,88,2022-12,2022,0.5,4 - Critical,2.24,Education,Unknown,,United States
Netlify,SF Bay Area,48,2022-12,2022,0.16,2 - Medium,0.62,Product,Series D,212,United States
Springbig,Miami,37,2022-12,2022,0.23,3 - High,0.84,Sales,Post-IPO,32,United States
Podium,Lehi,,2022-12,2022,0.12,2 - Medium,,Support,Series D,419,United States
Sqz Biotech,Boston,,2022-12,2022,0.6,4 - Critical,,Healthcare,Post-IPO,229,United States
Strava,SF Bay Area,,2022-12,2022,0.14,2 - Medium,,Fitness,Series F,151,United States
Synlogic,Boston,,2022-12,2022,0.25,3 - High,,Healthcare,Post-IPO,321,United States
Yapily,"London, Non-U.S.",,2022-12,2022,,Unknown,,Finance,Series A,69,United Kingdom
Doordash,SF Bay Area,1250,2022-11,2022,0.06,4 - Critical,0.43,Food,Post-IPO,2500,United States
Kraken,SF Bay Area,1100,2022-11,2022,0.3,4 - Critical,2.10,Crypto,Unknown,134,United States
Happy Money,Los Angeles,158,2022-11,2022,0.34,3 - High,1.72,Finance,Series D,191,United States
Ula,"Jakarta, Non-U.S.",134,2022-11,2022,0.23,3 - High,1.13,Retail,Series B,140,Indonesia
Wonder,New York City,130,2022-11,2022,0.07,2 - Medium,0.34,Food,Series B,850,United States
Studysmarter,"Berlin, Non-U.S.",70,2022-11,2022,,1 - Low,,Education,Series A,64,Germany
Grin,Sacramento,60,2022-11,2022,0.13,2 - Medium,0.53,Marketing,Series B,145,United States
Ualã¡,"Buenos Aires, Non-U.S.",53,2022-11,2022,0.03,1 - Low,0.12,Finance,Series D,544,Argentina
Teachmint,"Bengaluru, Non-U.S.",45,2022-11,2022,0.05,1 - Low,0.19,Education,Series B,118,India
Etermax,"Buenos Aires, Non-U.S.",40,2022-11,2022,,1 - Low,,Other,Unknown,,Argentina
Thread,"London, Non-U.S.",30,2022-11,2022,0.5,4 - Critical,1.72,Retail,Acquired,40,United Kingdom
Nexar,New York City,25,2022-11,2022,,1 - Low,,Transportation,Series D,149,United States
Elastic,SF Bay Area,,2022-11,2022,0.13,2 - Medium,,Data,Post-IPO,162,United States
Motional,Boston,,2022-11,2022,,Unknown,,Transportation,Unknown,,United States
Pinterest,SF Bay Area,,2022-11,2022,,Unknown,,Consumer,Post-IPO,1500,United States
Sana,Seattle,,2022-11,2022,0.15,2 - Medium,,Healthcare,Series A,700,United States
Venafi,Salt Lake City,,2022-11,2022,,Unknown,,Security,Acquired,167,United States
Bitso,"Mexico City, Non-U.S.",100,2022-11,2022,,2 - Medium,,Crypto,Series C,378,Mexico
Lyst,"London, Non-U.S.",50,2022-11,2022,0.25,3 - High,0.98,Retail,Unknown,144,United Kingdom
Coinjar,"Melbourne, Non-U.S.",10,2022-11,2022,0.2,3 - High,0.48,Crypto,Unknown,1,Australia
Bitfront,SF Bay Area,,2022-11,2022,1,4 - Critical,,Crypto,Unknown,,United States
Codexis,SF Bay Area,,2022-11,2022,0.18,2 - Medium,,Healthcare,Post-IPO,162,United States
Firework,SF Bay Area,,2022-11,2022,0.1,2 - Medium,,Retail,Series B,269,United States
Lazerpay,"Lagos, Non-U.S.",,2022-11,2022,,Unknown,,Crypto,Unknown,,Nigeria
Messagebird,"Amsterdam, Non-U.S.",,2022-11,2022,0.31,3 - High,,Other,Series C,1100,Netherlands
Plerk,"Guadalajara, Non-U.S.",,2022-11,2022,0.4,3 - High,,Finance,Series A,13,Mexico
Proton.Ai,Boston,,2022-11,2022,,Unknown,,Sales,Series A,20,United States
Infarm,"Berlin, Non-U.S.",500,2022-11,2022,0.5,4 - Critical,3.11,Other,Series D,604,Germany
Wildlife Studios,"Sao Paulo, Non-U.S.",300,2022-11,2022,0.2,3 - High,1.14,Consumer,Unknown,260,Brazil
Hirect,"Bengaluru, Non-U.S.",200,2022-11,2022,0.4,3 - High,2.12,Recruiting,Series A,,India
Applyboard,"Waterloo, Non-U.S.",90,2022-11,2022,0.06,1 - Low,0.27,Education,Series D,483,Canada
Ajaib,"Jakarta, Non-U.S.",67,2022-11,2022,0.08,1 - Low,0.34,Finance,Unknown,245,Indonesia
Candy Digital,New York City,33,2022-11,2022,0.33,3 - High,1.16,Crypto,Series A,100,United States
Researchgate,"Berlin, Non-U.S.",25,2022-11,2022,0.1,2 - Medium,0.33,Other,Series D,87,Germany
Blockfi,New York City,,2022-11,2022,1,4 - Critical,,Crypto,Series E,1000,United States
Futurelearn,"London, Non-U.S.",,2022-11,2022,,Unknown,,Education,Unknown,50,United Kingdom
Inspectify,Seattle,,2022-11,2022,,Unknown,,Real Estate,Series A,11,United States
Ledn,"Toronto, Non-U.S.",,2022-11,2022,,Unknown,,Crypto,Series B,103,Canada
Ncx,SF Bay Area,,2022-11,2022,0.4,3 - High,,Energy,Series B,78,United States
Spora Health,SF Bay Area,,2022-11,2022,1,4 - Critical,,Healthcare,Seed,4,United States
Change Invest,"Amsterdam, Non-U.S.",,2022-11,2022,0.24,3 - High,,Finance,Unknown,22,Netherlands
Zilch,"London, Non-U.S.",,2022-11,2022,,Unknown,,Finance,Unknown,389,United Kingdom
Verse Innovation,"Bengaluru, Non-U.S.",150,2022-11,2022,0.05,2 - Medium,0.25,Media,Series J,1700,India
Carwow,"London, Non-U.S.",70,2022-11,2022,0.2,3 - High,0.85,Transportation,Unknown,157,United Kingdom
Vendease,"Lagos, Non-U.S.",27,2022-11,2022,0.09,1 - Low,0.30,Food,Series A,43,Nigeria
Lemon,"Buenos Aires, Non-U.S.",100,2022-11,2022,0.38,3 - High,1.75,Crypto,Series A,17,Argentina
Quidax,"Lagos, Non-U.S.",20,2022-11,2022,0.2,3 - High,0.61,Crypto,Unknown,3,Nigeria
Menulog,"Sydney, Non-U.S.",,2022-11,2022,,Unknown,,Food,Acquired,,Australia
Utopia Music,"Zug, Non-U.S.",,2022-11,2022,,Unknown,,Media,Series B,,Switzerland
Assure,Salt Lake City,,2022-11,2022,1,4 - Critical,,Finance,Seed,2,United States
Goodgood,"Toronto, Non-U.S.",,2022-11,2022,1,4 - Critical,,Retail,Seed,6,Canada
Muni Tienda,"Bogota, Non-U.S.",,2022-11,2022,1,4 - Critical,,Other,Series A,20,Colombia
Swvl,"Cairo, Non-U.S.",,2022-11,2022,0.5,4 - Critical,,Transportation,Post-IPO,264,Egypt
Western Digital,SF Bay Area,251,2022-11,2022,,2 - Medium,,Hardware,Post-IPO,900,United States
Sirclo,"Jakarta, Non-U.S.",160,2022-11,2022,0.08,2 - Medium,0.41,Retail,Series B,92,Indonesia
Movidesk,"Blumenau, Non-U.S.",118,2022-11,2022,,2 - Medium,,Support,Acquired,11,Brazil
Trax,"Singapore, Non-U.S.",80,2022-11,2022,0.08,1 - Low,0.35,Retail,Series E,1000,Singapore
Flash Coffee,"Singapore, Non-U.S.",,2022-11,2022,,Unknown,,Food,Series B,57,Singapore
Natera,SF Bay Area,,2022-11,2022,,Unknown,,Healthcare,Post-IPO,809,United States
Rapyd,"Tel Aviv, Non-U.S.",,2022-11,2022,,Unknown,,Finance,Unknown,770,Israel
Reynen Court,"Amsterdam, Non-U.S.",,2022-11,2022,,Unknown,,Legal,Unknown,23,Netherlands
Jumia,"Lagos, Non-U.S.",900,2022-11,2022,0.2,3 - High,1.36,Retail,Post-IPO,1200,Nigeria
Kitopi,"Dubai, Non-U.S.",93,2022-11,2022,0.1,2 - Medium,0.45,Food,Series C,804,UAE
Devo,Boston,,2022-11,2022,0.15,2 - Medium,,Security,Series F,481,United States
Glorifi,Dallas,,2022-11,2022,1,4 - Critical,,Finance,Unknown,,United States
Zomato,"Gurugram, Non-U.S.",100,2022-11,2022,0.04,2 - Medium,0.18,Food,Series J,914,India
Carvana,Phoenix,1500,2022-11,2022,0.08,4 - Critical,0.59,Transportation,Post-IPO,1600,United States
Nuro,SF Bay Area,300,2022-11,2022,0.2,3 - High,1.14,Transportation,Series D,2100,United States
Synthego,SF Bay Area,105,2022-11,2022,0.2,3 - High,0.93,Healthcare,Series E,459,United States
Splyt,"London, Non-U.S.",57,2022-11,2022,,1 - Low,,Transportation,Series B,34,United Kingdom
Capitolis,New York City,,2022-11,2022,0.25,3 - High,,Finance,Series D,281,United States
Kavak,"Sao Paulo, Non-U.S.",,2022-11,2022,,Unknown,,Transportation,Series E,1600,Brazil
Metaplex,Chicago,,2022-11,2022,,Unknown,,Crypto,Unknown,,United States
Ruangguru,"Jakarta, Non-U.S.",,2022-11,2022,,Unknown,,Education,Unknown,205,Indonesia
Storyblocks,Washington D.C.,,2022-11,2022,0.25,3 - High,,Media,Acquired,18,United States
Unchained Capital,Austin,,2022-11,2022,0.15,2 - Medium,,Crypto,Series A,33,United States
Roku,SF Bay Area,200,2022-11,2022,0.07,2 - Medium,0.37,Media,Post-IPO,208,United States
Orchard,New York City,180,2022-11,2022,,2 - Medium,,Real Estate,Series D,472,United States
Homepoint,Phoenix,113,2022-11,2022,,2 - Medium,,Real Estate,Post-IPO,,United States
Juni,"Gothenburg, Non-U.S.",72,2022-11,2022,0.33,3 - High,1.42,Finance,Unknown,281,Sweden
Chili Piper,New York City,58,2022-11,2022,,1 - Low,,Sales,Series B,54,United States
Capitolis,New York City,37,2022-11,2022,0.25,3 - High,0.91,Finance,Series D,281,United States
Tealbook,"Toronto, Non-U.S.",34,2022-11,2022,0.19,2 - Medium,0.68,Other,Series B,73,Canada
Koho,"Toronto, Non-U.S.",15,2022-11,2022,0.04,1 - Low,0.11,Finance,Series D,278,Canada
&Open,"Dublin, Non-U.S.",9,2022-11,2022,0.09,1 - Low,0.21,Marketing,Series A,35,Ireland
Kandji,San Diego,,2022-11,2022,0.17,2 - Medium,,Other,Series C,188,United States
Morning Brew,New York City,,2022-11,2022,0.14,2 - Medium,,Media,Acquired,,United States
Symend,"Calgary, Non-U.S.",,2022-11,2022,0.13,2 - Medium,,Other,Series C,148,Canada
Amazon,Seattle,10000,2022-11,2022,0.03,4 - Critical,0.28,Retail,Post-IPO,108,United States
Cisco,SF Bay Area,4100,2022-11,2022,0.05,4 - Critical,0.42,Infrastructure,Post-IPO,2,United States
Twiga,"Nairobi, Non-U.S.",211,2022-11,2022,0.21,3 - High,1.12,Food,Series C,157,Kenya
Wayflyer,"Dublin, Non-U.S.",200,2022-11,2022,0.4,3 - High,2.12,Marketing,Unknown,889,Ireland
Similarweb,New York City,120,2022-11,2022,0.1,2 - Medium,0.48,Other,Post-IPO,235,United States
Salsify,Boston,90,2022-11,2022,0.11,2 - Medium,0.50,Retail,Series F,452,United States
Lokalise,Dover,76,2022-11,2022,0.23,3 - High,1.00,Other,Series B,56,United States
Yotpo,New York City,70,2022-11,2022,0.09,1 - Low,0.38,Marketing,Unknown,436,United States
Pear Therapeutics,Boston,59,2022-11,2022,0.22,3 - High,0.90,Healthcare,Post-IPO,409,United States
D2L,"Waterloo, Non-U.S.",,2022-11,2022,0.05,1 - Low,,Education,Post-IPO,168,Canada
Dance,"Berlin, Non-U.S.",,2022-11,2022,0.16,2 - Medium,,Transportation,Unknown,63,Germany
Homeward,Austin,,2022-11,2022,0.25,3 - High,,Real Estate,Unknown,501,United States
Hopin,"London, Non-U.S.",,2022-11,2022,0.17,2 - Medium,,Other,Series D,1000,United Kingdom
Infogrid,"London, Non-U.S.",,2022-11,2022,,Unknown,,Other,Series A,15,United Kingdom
Kite,SF Bay Area,,2022-11,2022,1,4 - Critical,,Product,Series A,21,United States
Uipath,New York City,241,2022-11,2022,0.06,2 - Medium,0.33,Data,Post-IPO,2000,United States
Asana,SF Bay Area,180,2022-11,2022,0.09,2 - Medium,0.47,Other,Post-IPO,453,United States
Ownbackup,New York City,170,2022-11,2022,0.17,2 - Medium,0.87,Security,Series E,507,United States
Deliveroo Australia,"Melbourne, Victoria",120,2022-11,2022,1,4 - Critical,4.80,Food,Post-IPO,1700,Australia
Productboard,SF Bay Area,100,2022-11,2022,0.2,3 - High,0.92,Product,Series D,,United States
Properly,"Toronto, Non-U.S.",71,2022-11,2022,,1 - Low,,Real Estate,Series B,154,Canada
Protocol,SF Bay Area,60,2022-11,2022,1,4 - Critical,4.11,Media,Acquired,,United States
Jimdo,"Hamburg, Non-U.S.",50,2022-11,2022,0.16,2 - Medium,0.63,Other,Unknown,28,Germany
The Zebra,Austin,50,2022-11,2022,,1 - Low,,Finance,Series D,256,United States
Viber,"Luxembourg, Non-U.S.",45,2022-11,2022,0.08,1 - Low,0.31,Consumer,Acquired,,Luxembourg
Captivateiq,SF Bay Area,31,2022-11,2022,0.1,2 - Medium,0.35,Sales,Series C,164,United States
Apollo Insurance,"Vancouver, Non-U.S.",,2022-11,2022,0.25,3 - High,,Finance,Series B,11,Canada
Nirvana Money,Miami,,2022-11,2022,1,4 - Critical,,Finance,Unknown,,United States
Oatly,"MalmÃ¶, Non-U.S.",,2022-11,2022,,Unknown,,Food,Post-IPO,441,Sweden
Offerup,Seattle,,2022-11,2022,0.19,2 - Medium,,Retail,Unknown,381,United States
Outside,Boulder,,2022-11,2022,0.12,2 - Medium,,Media,Series B,174,United States
Rubicon Technologies,Lexington,,2022-11,2022,0.11,2 - Medium,,Other,Post-IPO,382,United States
Tencent,"Shenzen, Non-U.S.",,2022-11,2022,,Unknown,,Consumer,Post-IPO,12600,China
Typeform,"Barcelona, Non-U.S.",,2022-11,2022,,Unknown,,Marketing,Series C,187,Spain
Whispir,"Melbourne, Non-U.S.",,2022-11,2022,0.3,3 - High,,Other,Post-IPO,68,Australia
Illumina,San Diego,500,2022-11,2022,0.05,3 - High,0.31,Healthcare,Post-IPO,28,United States
Sema4,Stamford,500,2022-11,2022,,3 - High,,Healthcare,Post-IPO,791,United States
Ifit,Logan,300,2022-11,2022,0.2,3 - High,1.14,Fitness,Private Equity,200,United States
Ribbon,New York City,170,2022-11,2022,0.85,4 - Critical,4.37,Real Estate,Series C,405,United States
Pipedrive,"Tallinn, Non-U.S.",143,2022-11,2022,0.15,2 - Medium,0.75,Sales,Private Equity,90,Estonia
Intercom,SF Bay Area,124,2022-11,2022,0.13,2 - Medium,0.63,Support,Series D,240,United States
Science 37,Los Angeles,90,2022-11,2022,,1 - Low,,Healthcare,Post-IPO,347,United States
Pear Therapeutics,Boston,59,2022-11,2022,0.22,3 - High,0.90,Healthcare,Post-IPO,409,United States
Cardlytics,Atlanta,51,2022-11,2022,,1 - Low,,Marketing,Post-IPO,212,United States
Cloudinary,SF Bay Area,40,2022-11,2022,0.08,1 - Low,0.30,Media,Unknown,100,United States
Nestcoin,"Lagos, Non-U.S.",30,2022-11,2022,,1 - Low,,Crypto,Seed,6,Nigeria
Gokada,"Lagos, Non-U.S.",20,2022-11,2022,,1 - Low,,Transportation,Unknown,12,Nigeria
Shopee,"Jakarta, Non-U.S.",,2022-11,2022,,Unknown,,Food,Unknown,,Indonesia
Tricida,SF Bay Area,,2022-11,2022,0.57,4 - Critical,,Healthcare,Post-IPO,624,United States
Veev,SF Bay Area,100,2022-11,2022,0.3,3 - High,1.38,Real Estate,Series D,597,United States
Forto,"Berlin, Non-U.S.",60,2022-11,2022,0.08,1 - Low,0.33,Logistics,Series D,593,Germany
Chipax,"Santiago, Non-U.S.",,2022-11,2022,,Unknown,,Finance,Seed,2,Chile
Juniper,Atlanta,,2022-11,2022,,Unknown,,Marketing,Acquired,,United States
Offerpad,Phoenix,,2022-11,2022,0.07,1 - Low,,Real Estate,Post-IPO,355,United States
Goto Group,"Jakarta, Non-U.S.",1300,2022-11,2022,0.12,4 - Critical,0.86,Transportation,Post-IPO,1300,Indonesia
Juul,SF Bay Area,400,2022-11,2022,0.3,3 - High,1.80,Consumer,Unknown,1500,United States
Blend,SF Bay Area,100,2022-11,2022,0.06,2 - Medium,0.28,Finance,Post-IPO,665,United States
Influxdata,SF Bay Area,65,2022-11,2022,0.27,3 - High,1.13,Data,Series D,119,United States
Coinbase,SF Bay Area,60,2022-11,2022,,1 - Low,,Crypto,Post-IPO,549,United States
Soundhound,SF Bay Area,45,2022-11,2022,0.1,2 - Medium,0.38,Other,Post-IPO,326,United States
Wistia,Boston,40,2022-11,2022,,1 - Low,,Marketing,Unknown,18,United States
Ocavu,Lehi,20,2022-11,2022,0.48,3 - High,1.46,Crypto,Series A,11,United States
Avast,Phoenix,,2022-11,2022,0.25,3 - High,,Security,Unknown,,United States
Reforge,SF Bay Area,,2022-11,2022,,Unknown,,Education,Series B,81,United States
Sendcloud,"Eindhoven, Non-U.S.",,2022-11,2022,0.1,2 - Medium,,Logistics,Series C,200,Netherlands
Voly,"Sydney, Non-U.S.",,2022-11,2022,,Unknown,,Food,Seed,13,Australia
Wavely,SF Bay Area,,2022-11,2022,1,4 - Critical,,HR,Unknown,,United States
Zenbusiness,Austin,,2022-11,2022,,Unknown,,Other,Series C,277,United States
Meta,SF Bay Area,11000,2022-11,2022,0.13,4 - Critical,1.21,Consumer,Post-IPO,26000,United States
Redfin,Seattle,862,2022-11,2022,0.13,3 - High,0.88,Real Estate,Post-IPO,320,United States
Flyhomes,Seattle,300,2022-11,2022,0.4,3 - High,2.28,Real Estate,Series C,310,United States
Avantstay,Los Angeles,144,2022-11,2022,0.22,3 - High,1.09,Travel,Private Equity,686,United States
Root Insurance,Columbus,137,2022-11,2022,0.2,3 - High,0.99,Finance,Post-IPO,527,United States
Liftoff,SF Bay Area,130,2022-11,2022,0.15,2 - Medium,0.73,Marketing,Acquired,6,United States
Cameo,Chicago,80,2022-11,2022,,1 - Low,,Consumer,Unknown,165,United States
Plum,"Bengaluru, Non-U.S.",36,2022-11,2022,0.1,2 - Medium,0.36,Healthcare,Series A,20,India
Kabam,SF Bay Area,35,2022-11,2022,0.07,1 - Low,0.25,Consumer,Acquired,244,United States
Highradius,"Bengaluru, Non-U.S.",25,2022-11,2022,,1 - Low,,Finance,Series C,475,India
Namogoo,"Tel Aviv, Non-U.S.",25,2022-11,2022,0.15,2 - Medium,0.49,Marketing,Series C,69,Israel
Amobee,SF Bay Area,,2022-11,2022,,Unknown,,Marketing,Acquired,72,United States
Cloudfactory,"Nairobi, Non-U.S.",,2022-11,2022,0.12,2 - Medium,,Data,Private Equity,78,Kenya
Coursera,SF Bay Area,,2022-11,2022,,Unknown,,Education,Post-IPO,458,United States
Faze Medicines,Boston,,2022-11,2022,1,4 - Critical,,Healthcare,Series B,81,United States
Ringcentral,SF Bay Area,,2022-11,2022,0.1,2 - Medium,,Other,Post-IPO,44,United States
Spotify,"Stockholm, Non-U.S.",,2022-11,2022,,Unknown,,Media,Post-IPO,2100,Sweden
Everbridge,Boston,200,2022-11,2022,,2 - Medium,,Other,Post-IPO,476,United States
Repertoire Immune Medicines,Boston,65,2022-11,2022,0.5,4 - Critical,2.09,Healthcare,Series B,257,United States
Astra,SF Bay Area,,2022-11,2022,0.16,2 - Medium,,Aerospace,Post-IPO,300,United States
Beat,"Athens, Non-U.S.",,2022-11,2022,,Unknown,,Transportation,Series B,6,Greece
Nanostring,Seattle,,2022-11,2022,0.1,2 - Medium,,Healthcare,Post-IPO,731,United States
Sada,Los Angeles,,2022-11,2022,0.11,2 - Medium,,Other,Acquired,,United States
Salesforce,SF Bay Area,1000,2022-11,2022,0.01,4 - Critical,0.07,Sales,Post-IPO,65,United States
Unacademy,"Bengaluru, Non-U.S.",350,2022-11,2022,0.1,2 - Medium,0.59,Education,Series H,838,India
Zendesk,SF Bay Area,350,2022-11,2022,0.05,2 - Medium,0.29,Support,Acquired,85,United States
Dock,"Sao Paulo, Non-U.S.",190,2022-11,2022,0.12,2 - Medium,0.63,Finance,Private Equity,280,Brazil
Code42,Minneapolis,,2022-11,2022,0.15,2 - Medium,,Security,Unknown,137,United States
Domino Data Lab,SF Bay Area,,2022-11,2022,0.25,3 - High,,Data,Series F,223,United States
Varonis,New York City,110,2022-11,2022,0.05,2 - Medium,0.24,Security,Post-IPO,30,United States
Brainly,"Krakow, Non-U.S.",25,2022-11,2022,,1 - Low,,Education,Series D,148,Poland
Practically,"Hyderabad, Non-U.S.",,2022-11,2022,,Unknown,,Education,Unknown,14,India
Twitter,SF Bay Area,3700,2022-11,2022,0.5,4 - Critical,4.11,Consumer,Post-IPO,12900,United States
Udaan,"Bengaluru, Non-U.S.",350,2022-11,2022,,2 - Medium,,Retail,Unknown,1500,India
Planetly,"Berlin, Non-U.S.",200,2022-11,2022,1,4 - Critical,5.30,Other,Acquired,5,Germany
Koinworks,"Jakarta, Non-U.S.",70,2022-11,2022,0.08,1 - Low,0.34,Finance,Unknown,180,Indonesia
Exodus,Nebraska City,59,2022-11,2022,0.22,3 - High,0.90,Crypto,Unknown,60,United States
Benitago Group,New York City,,2022-11,2022,0.14,2 - Medium,,Retail,Series A,380,United States
Mythical Games,Los Angeles,,2022-11,2022,0.1,2 - Medium,,Crypto,Series C,260,United States
Stripe,SF Bay Area,1000,2022-11,2022,0.14,4 - Critical,0.97,Finance,Series H,2300,United States
Lyft,SF Bay Area,700,2022-11,2022,0.13,3 - High,0.85,Transportation,Post-IPO,4900,United States
Lendingtree,Charlotte,200,2022-11,2022,,2 - Medium,,Finance,Post-IPO,,United States
Pleo,"Copenhagen, Non-U.S.",150,2022-11,2022,0.15,2 - Medium,0.75,Finance,Series C,428,Denmark
Delivery Hero,"Berlin, Non-U.S.",100,2022-11,2022,,2 - Medium,,Food,Post-IPO,8300,Germany
Shippo,SF Bay Area,60,2022-11,2022,0.2,3 - High,0.82,Logistics,Series E,154,United States
Affirm,SF Bay Area,,2022-11,2022,0.01,1 - Low,,Finance,Post-IPO,1500,United States
Cloudkitchens,Los Angeles,,2022-11,2022,,Unknown,,Real Estate,Unknown,1300,United States
Liveramp,SF Bay Area,,2022-11,2022,0.1,2 - Medium,,Marketing,Post-IPO,16,United States
Provi,Chicago,,2022-11,2022,,Unknown,,Food,Series C,150,United States
Rubius,Boston,,2022-11,2022,0.82,4 - Critical,,Healthcare,Post-IPO,445,United States
Snapdocs,SF Bay Area,,2022-11,2022,0.15,2 - Medium,,Real Estate,Series D,253,United States
Studio,SF Bay Area,,2022-11,2022,,Unknown,,Education,Series B,50,United States
Opendoor,SF Bay Area,550,2022-11,2022,0.18,3 - High,1.14,Real Estate,Post-IPO,1900,United States
Chime,SF Bay Area,156,2022-11,2022,0.12,2 - Medium,0.61,Finance,Series G,2300,United States
Chargebee,SF Bay Area,142,2022-11,2022,0.1,2 - Medium,0.50,Finance,Series H,468,United States
Dapper Labs,"Vancouver, Non-U.S.",134,2022-11,2022,0.22,3 - High,1.08,Crypto,Series D,607,Canada
Checkmarx,"Tel Aviv, Non-U.S.",100,2022-11,2022,0.1,2 - Medium,0.46,Security,Series C,92,Israel
Smava,"Berlin, Non-U.S.",100,2022-11,2022,0.15,2 - Medium,0.69,Finance,Unknown,188,Germany
Iron Ox,SF Bay Area,50,2022-11,2022,0.5,4 - Critical,1.97,Food,Series C,103,United States
Digital Currency Gruop,Stamford,10,2022-11,2022,0.13,2 - Medium,0.31,Crypto,Unknown,,United States
Bitmex,Non-U.S.,,2022-11,2022,0.3,3 - High,,Crypto,Seed,,Seychelles
Signicat,Trondheim,,2022-11,2022,,Unknown,,Security,Acquired,8,Norway
Argo Ai,SF Bay Area,259,2022-11,2022,,2 - Medium,,Transportation,Unknown,3600,United States
Booking.Com,Grand Rapids,226,2022-11,2022,,2 - Medium,,Travel,Acquired,,United States
Oracle,SF Bay Area,200,2022-11,2022,,2 - Medium,,Other,Post-IPO,,United States
Upstart,SF Bay Area,140,2022-11,2022,0.07,2 - Medium,0.35,Finance,Post-IPO,144,United States
Gem,SF Bay Area,100,2022-11,2022,0.33,3 - High,1.52,Recruiting,Series C,148,United States
Oda,"Oslo, Non-U.S.",70,2022-11,2022,0.18,2 - Medium,0.77,Food,Unknown,377,Sweden
Oda,"Oslo, Non-U.S.",70,2022-11,2022,0.18,2 - Medium,0.77,Food,Unknown,477,Norway
Oda,"Oslo, Non-U.S.",70,2022-11,2022,0.06,1 - Low,0.26,Food,Unknown,479,Norway
Hootsuite,"Vancouver, Non-U.S.",50,2022-11,2022,0.05,1 - Low,0.20,Marketing,Series C,300,Canada
Drop,"Toronto, Non-U.S.",24,2022-11,2022,,1 - Low,,Marketing,Series B,56,Canada
Tapps Games,"Sao Paulo, Non-U.S.",10,2022-11,2022,,1 - Low,,Consumer,Unknown,,Brazil
Brightline,SF Bay Area,,2022-11,2022,0.2,3 - High,,Healthcare,Series C,212,United States
Help Scout,Boston,,2022-11,2022,,Unknown,,Support,Series B,28,United States
Kry,"Stockholm, Non-U.S.",300,2022-10,2022,0.1,2 - Medium,0.57,Healthcare,Series D,568,Sweden
Notarize,Boston,60,2022-10,2022,,1 - Low,,Legal,Series D,213,United States
Equityzen,New York City,30,2022-10,2022,0.27,3 - High,0.93,Finance,Series B,11,United States
Equitybee,SF Bay Area,25,2022-10,2022,0.2,3 - High,0.65,Finance,Series B,85,United States
Dukaan,"Bengaluru, Non-U.S.",23,2022-10,2022,,1 - Low,,Retail,Series A,17,India
Doubtnut,"Gurugram, Non-U.S.",,2022-10,2022,0.3,3 - High,,Education,Series B,49,India
Amazon,Seattle,150,2022-10,2022,,2 - Medium,,Retail,Post-IPO,108,United States
Fifth Season,Pittsburgh,100,2022-10,2022,1,4 - Critical,4.62,Food,Series B,35,United States
Advata,Seattle,32,2022-10,2022,0.21,3 - High,0.73,Healthcare,Unknown,,United States
Springlane,"DÃ¼sseldorf, Non-U.S.",,2022-10,2022,0.35,3 - High,,Food,Series C,11,Germany
Renorun,"Montreal, Non-U.S.",210,2022-10,2022,0.43,3 - High,2.30,Construction,Series B,163,Canada
Recharge,Los Angeles,84,2022-10,2022,0.17,2 - Medium,0.76,Finance,Series B,277,United States
Lattice,SF Bay Area,13,2022-10,2022,,1 - Low,,HR,Series F,328,United States
Gonuts,"Mumbai, Non-U.S.",,2022-10,2022,1,4 - Critical,,Media,Seed,,India
Spreetail,Austin,,2022-10,2022,,Unknown,,Retail,Unknown,,United States
Seagate,SF Bay Area,3000,2022-10,2022,0.08,4 - Critical,0.64,Hardware,Post-IPO,,United States
Mindbody,San Luis Obispo,400,2022-10,2022,0.15,2 - Medium,0.90,Fitness,Post-IPO,114,United States
Zillow,Seattle,300,2022-10,2022,0.05,2 - Medium,0.29,Real Estate,Post-IPO,97,United States
Cybereason,Boston,200,2022-10,2022,0.17,2 - Medium,0.90,Security,Series F,750,United States
Argo Ai,Pittsburgh,173,2022-10,2022,,2 - Medium,,Transportation,Unknown,3600,United States
Gofundme,SF Bay Area,94,2022-10,2022,0.12,2 - Medium,0.55,Finance,Series A,,United States
Carbon,SF Bay Area,,2022-10,2022,,Unknown,,Hardware,Series E,683,United States
Fundbox,SF Bay Area,150,2022-10,2022,0.42,3 - High,2.11,Finance,Series D,553,United States
Embroker,SF Bay Area,30,2022-10,2022,0.12,2 - Medium,0.41,Finance,Series C,142,United States
Vee,"Tel Aviv, Non-U.S.",17,2022-10,2022,0.5,4 - Critical,1.45,HR,Seed,15,Israel
Callisto Media,SF Bay Area,,2022-10,2022,0.35,3 - High,,Media,Series D,,United States
Convoy,Seattle,,2022-10,2022,,Unknown,,Logistics,Series E,1100,United States
Philips,"Amsterdam, Non-U.S.",4000,2022-10,2022,0.05,4 - Critical,0.41,Healthcare,Post-IPO,,Netherlands
Cerebral,SF Bay Area,400,2022-10,2022,0.2,3 - High,1.20,Healthcare,Series C,462,United States
Snyk,Boston,198,2022-10,2022,0.14,2 - Medium,0.74,Security,Series F,849,United States
Mcmakler,"Berlin, Non-U.S.",100,2022-10,2022,,2 - Medium,,Real Estate,Unknown,214,Germany
Unico,"Sao Paulo, Non-U.S.",50,2022-10,2022,0.04,1 - Low,0.16,Other,Series D,336,Brazil
Orcam,"Jerusalem, Non-U.S.",62,2022-10,2022,0.16,2 - Medium,0.66,Healthcare,Unknown,86,Israel
Antidote Health,"Tel Aviv, Non-U.S.",23,2022-10,2022,0.38,3 - High,1.21,Healthcare,Unknown,36,Israel
Khoros,Austin,120,2022-10,2022,0.1,2 - Medium,0.48,Sales,Private Equity,138,United States
F5,Seattle,100,2022-10,2022,0.01,2 - Medium,0.05,Security,Post-IPO,,United States
Elinvar,"Berlin, Non-U.S.",43,2022-10,2022,0.33,3 - High,1.25,Finance,Unknown,30,Germany
Synapsica,"New Delhi, Non-U.S.",30,2022-10,2022,0.3,3 - High,1.03,Healthcare,Series A,4,India
Volta,SF Bay Area,,2022-10,2022,0.54,4 - Critical,,Transportation,Post-IPO,575,United States
Hotmart,"Belo Horizonte, Non-U.S.",227,2022-10,2022,0.12,2 - Medium,0.65,Marketing,Series C,127,Brazil
Zeus Living,SF Bay Area,64,2022-10,2022,0.46,3 - High,1.92,Real Estate,Series C,151,United States
Loom,SF Bay Area,23,2022-10,2022,0.11,2 - Medium,0.35,Product,Series C,203,United States
Sales Boomerang,Baltimore,20,2022-10,2022,,1 - Low,,Sales,Private Equity,5,United States
Arrival,"London, Non-U.S.",,2022-10,2022,,Unknown,,Transportation,Post-IPO,629,United Kingdom
Roofstock,SF Bay Area,,2022-10,2022,0.2,3 - High,,Real Estate,Series E,365,United States
Starry,Boston,,2022-10,2022,0.5,4 - Critical,,Other,Post-IPO,260,United States
Gopuff,Philadelphia,250,2022-10,2022,,2 - Medium,,Food,Series H,3400,United States
Atob,SF Bay Area,32,2022-10,2022,0.3,3 - High,1.05,Finance,Series B,177,United States
Infosum,"London, Non-U.S.",20,2022-10,2022,0.12,2 - Medium,0.37,Security,Series B,88,United Kingdom
Clever Real Estate,St. Louis,,2022-10,2022,,Unknown,,Real Estate,Series B,13,United States
Collibra,"Brussels, Non-U.S.",,2022-10,2022,,Unknown,,Data,Series G,596,Belgium
Side,SF Bay Area,,2022-10,2022,,Unknown,,Real Estate,Unknown,313,United States
Faire,SF Bay Area,84,2022-10,2022,0.07,1 - Low,0.31,Retail,Series G,1700,United States
Leafly,Seattle,56,2022-10,2022,0.21,3 - High,0.85,Retail,Post-IPO,71,United States
Ada Health,"Berlin, Non-U.S.",50,2022-10,2022,,1 - Low,,Healthcare,Series B,189,Germany
Tiendanube,Buenos Aires,50,2022-10,2022,0.05,1 - Low,0.20,Marketing,Unknown,,Argentina
Microsoft,Seattle,,2022-10,2022,,Unknown,,Other,Post-IPO,1,United States
Nuri,"Berlin, Non-U.S.",,2022-10,2022,1,4 - Critical,,Crypto,Series B,42,Germany
Flipboard,SF Bay Area,24,2022-10,2022,0.21,3 - High,0.68,Media,Unknown,235,United States
Huawei,"Shenzen, Non-U.S.",,2022-10,2022,,Unknown,,Hardware,Unknown,,China
Clear Capital,Reno,378,2022-10,2022,0.27,3 - High,1.60,Real Estate,Unknown,,United States
Beyond Meat,Los Angeles,200,2022-10,2022,0.19,2 - Medium,1.01,Food,Post-IPO,122,United States
Beyond Meat,Los Angeles,200,2022-10,2022,0.19,2 - Medium,1.01,Food,Post-IPO,122,United States
Flux Systems,"London, Non-U.S.",,2022-10,2022,1,4 - Critical,,Finance,Unknown,9,United Kingdom
Qin1,"Noida, Non-U.S.",,2022-10,2022,1,4 - Critical,,Education,Seed,,India
Salesforce,SF Bay Area,90,2022-10,2022,,1 - Low,,Sales,Post-IPO,65,United States
Playdots,New York City,65,2022-10,2022,1,4 - Critical,4.19,Consumer,Acquired,10,United States
Extrahop,Seattle,,2022-10,2022,,Unknown,,Security,Series C,61,United States
Byju'S,"Bengaluru, Non-U.S.",2500,2022-10,2022,0.05,4 - Critical,0.39,Education,Private Equity,5500,India
6Sense,SF Bay Area,150,2022-10,2022,0.1,2 - Medium,0.50,Sales,Series E,426,United States
Sinch,"Stockholm, Non-U.S.",150,2022-10,2022,,2 - Medium,,Other,Post-IPO,1500,Sweden
Frontrow,"Bengaluru, Non-U.S.",130,2022-10,2022,0.75,4 - Critical,3.66,Education,Series A,17,India
Noom,New York City,500,2022-10,2022,0.1,3 - High,0.62,Healthcare,Series F,657,United States
Mx,Lehi,200,2022-10,2022,,2 - Medium,,Finance,Series C,450,United States
Brex,SF Bay Area,136,2022-10,2022,0.11,2 - Medium,0.54,Finance,Series D,1500,United States
Pacaso,SF Bay Area,100,2022-10,2022,0.3,3 - High,1.38,Real Estate,Series C,217,United States
Sketch,"The Hague, Non-U.S.",80,2022-10,2022,,1 - Low,,Other,Series A,20,Netherlands
Udacity,SF Bay Area,55,2022-10,2022,0.13,2 - Medium,0.52,Education,Unknown,235,United States
Linkfire,"Copenhagen, Non-U.S.",35,2022-10,2022,0.35,3 - High,1.25,Marketing,Seed,2,Denmark
Emitwise,"London, Non-U.S.",,2022-10,2022,,Unknown,,Energy,Series A,16,United Kingdom
Gsr,"Hong Kong, Non-U.S.",,2022-10,2022,,Unknown,,Crypto,Unknown,,Hong Kong
Vanhack,"Vancouver, Non-U.S.",,2022-10,2022,,Unknown,,HR,Seed,,Canada
Hellofresh,SF Bay Area,611,2022-10,2022,,3 - High,,Food,Post-IPO,367,United States
Surveymonkey,SF Bay Area,180,2022-10,2022,0.11,2 - Medium,0.57,Marketing,Post-IPO,1100,United States
Pavilion Data,SF Bay Area,96,2022-10,2022,0.96,4 - Critical,4.39,Infrastructure,Series D,103,United States
Redesign Health,New York City,67,2022-10,2022,0.2,3 - High,0.84,Healthcare,Series C,315,United States
Nyriad,Austin,,2022-10,2022,0.33,3 - High,,Infrastructure,Unknown,58,United States
Collage.Com,Detroit,,2022-10,2022,1,4 - Critical,,Retail,Acquired,,United States
Biomarin,SF Bay Area,120,2022-10,2022,0.04,2 - Medium,0.19,Healthcare,Post-IPO,585,United States
Rev.Com,Austin,85,2022-10,2022,,1 - Low,,Data,Series D,30,United States
Crypto.Com,"Singapore, Non-U.S.",2000,2022-10,2022,0.3,4 - Critical,2.28,Crypto,Unknown,156,Singapore
Peloton,New York City,500,2022-10,2022,0.12,3 - High,0.75,Fitness,Post-IPO,1900,United States
Landing,Birmingham,110,2022-10,2022,,2 - Medium,,Real Estate,Series C,347,United States
Turnitin,SF Bay Area,51,2022-10,2022,0.05,1 - Low,0.20,Education,Acquired,,United States
Impossible Foods,SF Bay Area,50,2022-10,2022,0.06,1 - Low,0.24,Food,Series H,1900,United States
Atome,"Singapore, Non-U.S.",,2022-10,2022,,Unknown,,Finance,Unknown,645,Singapore
First Aml,"Auckland, Non-U.S.",,2022-10,2022,,Unknown,,Finance,Series B,29,New Zealand
Foresight Insurance,SF Bay Area,,2022-10,2022,0.4,3 - High,,Finance,Series B,58,United States
Spotify,"Stockholm, Non-U.S.",,2022-10,2022,,Unknown,,Media,Post-IPO,2100,Sweden
Built In,Chicago,50,2022-10,2022,0.25,3 - High,0.98,Recruiting,Series C,29,United States
Twinstrand,Seattle,,2022-10,2022,0.5,4 - Critical,,Healthcare,Series B,73,United States
8X8,SF Bay Area,200,2022-10,2022,0.09,2 - Medium,0.48,Support,Post-IPO,253,United States
Zoomo,"Sydney, Non-U.S.",65,2022-10,2022,0.16,2 - Medium,0.67,Transportation,Series B,105,Australia
Homie,Salt Lake City,40,2022-10,2022,0.13,2 - Medium,0.48,Real Estate,Series B,35,United States
Fivetran,SF Bay Area,,2022-10,2022,0.05,1 - Low,,Data,Series D,,United States
Xendit,"Jakarta, Non-U.S.",,2022-10,2022,0.05,1 - Low,,Finance,Series D,534,Indonesia
Activecampaign,Chicago,,2022-10,2022,0.15,2 - Medium,,Marketing,Series C,360,United States
Tempo,SF Bay Area,,2022-10,2022,,Unknown,,Fitness,Series C,298,United States
Wazirx,"Mumbai, Non-U.S.",60,2022-10,2022,0.4,3 - High,1.64,Crypto,Acquired,,India
Spin,SF Bay Area,78,2022-09,2022,0.1,2 - Medium,0.44,Transportation,Acquired,8,United States
Carsome,"Kuala Lumpur, Non-U.S.",,2022-09,2022,0.1,2 - Medium,,Transportation,Series E,607,Malaysia
Pastel,SF Bay Area,,2022-09,2022,1,4 - Critical,,Food,Unknown,,United States
Truepill,SF Bay Area,,2022-09,2022,,Unknown,,Healthcare,Series D,255,United States
Westwing,"Munich, Non-U.S.",125,2022-09,2022,,2 - Medium,,Retail,Post-IPO,237,Germany
Mux,SF Bay Area,40,2022-09,2022,0.2,3 - High,0.74,Infrastructure,Series D,173,United States
Solarisbank,"Berlin, Non-U.S.",,2022-09,2022,0.1,2 - Medium,,Finance,Unknown,385,Germany
Zenjob,"Berlin, Non-U.S.",,2022-09,2022,,Unknown,,HR,Series D,107,Germany
Docusign,SF Bay Area,671,2022-09,2022,0.09,3 - High,0.59,Sales,Post-IPO,536,United States
Front,SF Bay Area,,2022-09,2022,,Unknown,,Support,Series D,203,United States
Volta,SF Bay Area,,2022-09,2022,0.1,2 - Medium,,Transportation,Post-IPO,575,United States
Divvy Homes,SF Bay Area,40,2022-09,2022,0.12,2 - Medium,0.45,Real Estate,Series B,180,United States
Graphcore,"Bristol, Non-U.S.",,2022-09,2022,,Unknown,,Data,Unknown,692,United Kingdom
Instacart,SF Bay Area,,2022-09,2022,,Unknown,,Food,Unknown,2900,United States
Konfio,"Mexico City, Non-U.S.",180,2022-09,2022,,2 - Medium,,Finance,Series E,706,Mexico
Moss,"Berlin, Non-U.S.",70,2022-09,2022,0.15,2 - Medium,0.64,Finance,Series B,150,Germany
Foxtrot,Chicago,26,2022-09,2022,0.035,1 - Low,0.12,Food,Series C,166,United States
Truiloo,"Vancouver, Non-U.S.",24,2022-09,2022,0.05,1 - Low,0.16,Security,Series D,474,Canada
Pesto,SF Bay Area,,2022-09,2022,1,4 - Critical,,Other,Seed,6,United States
Nydig,New York City,110,2022-09,2022,0.33,3 - High,1.55,Crypto,Private Equity,1400,United States
Klarna,"Stockholm, Non-U.S.",100,2022-09,2022,,2 - Medium,,Finance,Unknown,3700,Sweden
Made.Com,"London, Non-U.S.",,2022-09,2022,0.35,3 - High,,Retail,Series D,136,United Kingdom
Kitty Hawk,SF Bay Area,100,2022-09,2022,1,4 - Critical,4.62,Aerospace,Unknown,1,United States
Candidate Labs,SF Bay Area,,2022-09,2022,,Unknown,,HR,Seed,5,United States
Compass,New York City,271,2022-09,2022,,2 - Medium,,Real Estate,Post-IPO,1600,United States
Curative,Los Angeles,109,2022-09,2022,,2 - Medium,,Healthcare,Seed,8,United States
Ada,"Toronto, Non-U.S.",78,2022-09,2022,0.16,2 - Medium,0.70,Support,Series C,190,Canada
99,"Sao Paulo, Non-U.S.",75,2022-09,2022,0.02,1 - Low,0.09,Transportation,Acquired,244,Brazil
Ouster,SF Bay Area,,2022-09,2022,0.1,2 - Medium,,Transportation,Post-IPO,282,United States
Zappos,Las Vegas,,2022-09,2022,0.04,1 - Low,,Retail,Acquired,62,United States
Ola,"Bengaluru, Non-U.S.",200,2022-09,2022,,2 - Medium,,Transportation,Series J,5000,India
Vesalius Therapeutics,Boston,29,2022-09,2022,0.43,3 - High,1.46,Healthcare,Series B,75,United States
Videoamp,Los Angeles,,2022-09,2022,0.02,1 - Low,,Marketing,Series F,456,United States
Shopee,"Jakarta, Non-U.S.",,2022-09,2022,,Unknown,,Food,Unknown,,Indonesia
Clear,"Bengaluru, Non-U.S.",190,2022-09,2022,0.2,3 - High,1.05,Finance,Series C,140,India
Truelayer,"London, Non-U.S.",40,2022-09,2022,0.1,2 - Medium,0.37,Finance,Series E,271,United Kingdom
Liveperson,New York City,193,2022-09,2022,0.11,2 - Medium,0.58,Support,Post-IPO,42,United States
Acast,"Stockholm, Non-U.S.",70,2022-09,2022,0.15,2 - Medium,0.64,Media,Post-IPO,126,Sweden
Workramp,SF Bay Area,35,2022-09,2022,0.2,3 - High,0.72,HR,Series C,67,United States
Daytwo,SF Bay Area,,2022-09,2022,,Unknown,,Healthcare,Series B,90,United States
Nextroll,SF Bay Area,,2022-09,2022,0.07,1 - Low,,Marketing,Unknown,108,United States
Twilio,SF Bay Area,800,2022-09,2022,0.11,3 - High,0.74,Other,Post-IPO,614,United States
Pitch,"Berlin, Non-U.S.",59,2022-09,2022,0.3,3 - High,1.23,Marketing,Series B,137,Germany
Infarm,"Berlin, Non-U.S.",50,2022-09,2022,0.05,1 - Low,0.20,Other,Series D,604,Germany
Netflix,SF Bay Area,30,2022-09,2022,,1 - Low,,Media,Post-IPO,121900,United States
Bitrise,"Budapest, Non-U.S.",,2022-09,2022,0.14,2 - Medium,,Infrastructure,Series C,83,Hungary
Rubius,Boston,160,2022-09,2022,0.75,4 - Critical,3.81,Healthcare,Post-IPO,445,United States
Checkout.Com,"London, Non-U.S.",100,2022-09,2022,0.05,2 - Medium,0.23,Finance,Series D,1800,United Kingdom
Taboola,New York City,100,2022-09,2022,0.06,2 - Medium,0.28,Marketing,Post-IPO,445,United States
Patreon,SF Bay Area,80,2022-09,2022,0.17,2 - Medium,0.75,Media,Series F,413,United States
Fullstory,Atlanta,,2022-09,2022,0.12,2 - Medium,,Marketing,Unknown,197,United States
Propzy,"Ho Chi Minh City, Non-U.S.",,2022-09,2022,1,4 - Critical,,Real Estate,Series A,33,Vietnam
Quicko,"Sao Paulo, Non-U.S.",60,2022-09,2022,,1 - Low,,Transportation,Acquired,28,Brazil
Mode Analytics,SF Bay Area,25,2022-09,2022,,1 - Low,,Data,Series D,81,United States
Compete,Tel Aviv,11,2022-09,2022,0.28,3 - High,0.70,HR,Series A,17,Israel
Karbon,SF Bay Area,,2022-09,2022,0.23,3 - High,,Other,Series B,91,United States
Rent The Runway,New York City,,2022-09,2022,0.24,3 - High,,Retail,Post-IPO,526,United States
Sama,SF Bay Area,,2022-09,2022,,Unknown,,Data,Series B,84,United States
Skipthedishes,"Winnipeg, Non-U.S.",350,2022-09,2022,,2 - Medium,,Food,Acquired,6,Canada
Brighte,"Sydney, Non-U.S.",58,2022-09,2022,,1 - Low,,Energy,Series C,145,Australia
Patreon,SF Bay Area,5,2022-09,2022,,1 - Low,,Media,Series F,413,United States
Amber Group,"Hong Kong, Non-U.S.",,2022-09,2022,0.1,2 - Medium,,Crypto,Series B,328,Hong Kong
Capiter,"Cairo, Non-U.S.",,2022-09,2022,,Unknown,,Finance,Series A,33,Egypt
Commonbond,New York City,,2022-09,2022,1,4 - Critical,,Finance,Series D,125,United States
Dreambox Learning,Seattle,,2022-09,2022,,Unknown,,Education,Acquired,175,United States
Flowhub,Denver,,2022-09,2022,0.15,2 - Medium,,Retail,Unknown,45,United States
Lido Learning,"Mumbai, Non-U.S.",,2022-09,2022,1,4 - Critical,,Education,Series C,20,India
Gostudent,"Vienna, Non-U.S.",200,2022-09,2022,,2 - Medium,,Education,Series D,686,Austria
Pomelo Fashion,"Bangkok, Non-U.S.",55,2022-09,2022,0.08,1 - Low,0.32,Retail,Unknown,120,Thailand
Genome Medical,SF Bay Area,23,2022-09,2022,,1 - Low,,Healthcare,Series C,120,United States
Bigbear.Ai,Baltimore,,2022-09,2022,0.07,1 - Low,,Data,Post-IPO,200,United States
Realtor.Com,SF Bay Area,,2022-09,2022,,Unknown,,Real Estate,Acquired,,United States
Simple Feast,"Copenhagen, Non-U.S.",150,2022-09,2022,1,4 - Critical,5.02,Food,Unknown,173,Denmark
Foodpanda,"Singapore, Non-U.S.",60,2022-09,2022,,1 - Low,,Food,Acquired,749,Singapore
Uber,"Vilnius, Non-U.S.",60,2022-09,2022,,1 - Low,,Transportation,Post-IPO,24700,Lithuania
Rupeek,"Bengaluru, Non-U.S.",50,2022-09,2022,,1 - Low,,Finance,Unknown,172,India
Intercom,SF Bay Area,49,2022-09,2022,0.05,1 - Low,0.20,Support,Series D,240,United States
Pendo,Raleigh,45,2022-09,2022,0.05,1 - Low,0.19,Product,Series F,469,United States
Demandbase,SF Bay Area,27,2022-09,2022,0.03,1 - Low,0.10,Sales,Series H,143,United States
Firebolt,"Tel Aviv, Non-U.S.",,2022-09,2022,,Unknown,,Data,Series C,264,Israel
Medly,New York City,,2022-09,2022,0.5,4 - Critical,,Healthcare,Series C,100,United States
Xsight Labs,"Tel Aviv, Non-U.S.",,2022-09,2022,,Unknown,,Other,Series D,100,Israel
Brave Care,Portland,40,2022-09,2022,0.33,3 - High,1.23,Healthcare,Series B,42,United States
Lawgeex,"Tel Aviv, Non-U.S.",30,2022-09,2022,0.33,3 - High,1.13,Legal,Series C,41,Israel
Juniper Square,SF Bay Area,,2022-09,2022,0.14,2 - Medium,,Real Estate,Series C,108,United States
Medium,SF Bay Area,,2022-09,2022,0.25,3 - High,,Media,Unknown,163,United States
Kuda,"Lagos, Non-U.S.",23,2022-09,2022,0.05,1 - Low,0.16,Finance,Series B,91,Nigeria
Alerzo,"Ibadan, Non-U.S.",,2022-09,2022,,Unknown,,Retail,Series B,16,Nigeria
Sea,"Singapore, Non-U.S.",,2022-09,2022,,Unknown,,Consumer,Post-IPO,8600,Singapore
2Tm,"Sao Paulo, Non-U.S.",100,2022-09,2022,0.15,2 - Medium,0.69,Crypto,Unknown,250,Brazil
Innovaccer,SF Bay Area,90,2022-09,2022,0.08,1 - Low,0.36,Healthcare,Series E,379,United States
Shopify,"Ottawa, Non-U.S.",70,2022-09,2022,,1 - Low,,Retail,Post-IPO,122,Canada
Urban Sports Club,"Berlin, Non-U.S.",55,2022-09,2022,0.15,2 - Medium,0.60,Fitness,Unknown,95,Germany
Hedvig,"Stockholm, Non-U.S.",12,2022-09,2022,,1 - Low,,Finance,Series B,67,Sweden
Snap,Los Angeles,1280,2022-08,2022,0.2,4 - Critical,1.43,Consumer,Post-IPO,4900,United States
Goodrx,Los Angeles,140,2022-08,2022,0.16,2 - Medium,0.79,Healthcare,Post-IPO,910,United States
Smava,"Berlin, Non-U.S.",100,2022-08,2022,0.1,2 - Medium,0.46,Finance,Unknown,188,Germany
Hippo Insurance,SF Bay Area,70,2022-08,2022,0.1,2 - Medium,0.43,Finance,Post-IPO,1300,United States
Clari,SF Bay Area,45,2022-08,2022,,1 - Low,,Sales,Series F,496,United States
Koo,"Bengaluru, Non-U.S.",40,2022-08,2022,,1 - Low,,Consumer,Series B,44,India
Tcr2,Boston,30,2022-08,2022,0.2,3 - High,0.69,Healthcare,Post-IPO,173,United States
Apartment List,SF Bay Area,29,2022-08,2022,0.1,2 - Medium,0.34,Real Estate,Series D,169,United States
Artnight,"Berlin, Non-U.S.",26,2022-08,2022,0.36,3 - High,1.19,Retail,Unknown,,Germany
Snagajob,Richmond,,2022-08,2022,,Unknown,,HR,Unknown,221,United States
The Wing,New York City,,2022-08,2022,1,4 - Critical,,Real Estate,Series C,117,United States
Viamo,"Accra, Non-U.S.",,2022-08,2022,,Unknown,,Other,Unknown,,Ghana
Electric,New York City,81,2022-08,2022,,1 - Low,,Other,Series D,212,United States
Immersive Labs,"Bristol, Non-U.S.",38,2022-08,2022,0.1,2 - Medium,0.37,Security,Series C,123,United Kingdom
Nate,New York City,30,2022-08,2022,,1 - Low,,Retail,Series A,47,United States
Meesho,"Bengaluru, Non-U.S.",300,2022-08,2022,,2 - Medium,,Retail,Series F,1100,India
54Gene,Washington D.C.,95,2022-08,2022,0.3,3 - High,1.37,Healthcare,Series B,44,United States
Fungible,SF Bay Area,,2022-08,2022,,Unknown,,Crypto,Series C,310,United States
Skillz,SF Bay Area,,2022-08,2022,,Unknown,,Consumer,Post-IPO,287,United States
Otonomo,"Tel Aviv, Non-U.S.",,2022-08,2022,,Unknown,,Transportation,Post-IPO,231,Israel
Zymergen,SF Bay Area,80,2022-08,2022,,1 - Low,,Other,Acquired,974,United States
Okta,SF Bay Area,24,2022-08,2022,,1 - Low,,Security,Post-IPO,1200,United States
Argyle,New York City,20,2022-08,2022,0.07,1 - Low,0.21,Finance,Series B,78,United States
Better.Com,New York City,,2022-08,2022,,Unknown,,Real Estate,Unknown,905,United States
Freshdirect,Philadelphia,40,2022-08,2022,,1 - Low,,Food,Acquired,280,United States
Loja Integrada,"Sao Paulo, Non-U.S.",25,2022-08,2022,0.1,2 - Medium,0.33,Retail,Acquired,,Brazil
Impact.Com,Los Angeles,,2022-08,2022,0.1,2 - Medium,,Marketing,Private Equity,361,United States
Shipbob,Chicago,,2022-08,2022,0.07,1 - Low,,Logistics,Series E,330,United States
Reali,SF Bay Area,140,2022-08,2022,1,4 - Critical,4.95,Real Estate,Series B,117,United States
Loop,Washington D.C.,15,2022-08,2022,0.2,3 - High,0.55,Finance,Series A,24,United States
Pix,SF Bay Area,,2022-08,2022,,Unknown,,Food,Unknown,,United States
Tier Mobility,"Berlin, Non-U.S.",180,2022-08,2022,0.16,2 - Medium,0.83,Transportation,Series D,646,Germany
Packable,New York City,138,2022-08,2022,0.2,3 - High,0.99,Retail,Unknown,472,United States
Q4,"Toronto, Non-U.S.",50,2022-08,2022,0.08,1 - Low,0.31,Other,Series C,91,Canada
Skedulo,SF Bay Area,31,2022-08,2022,0.08,1 - Low,0.28,HR,Series C,114,United States
Plato,SF Bay Area,29,2022-08,2022,0.5,4 - Critical,1.70,HR,Seed,3,United States
Datarobot,Boston,,2022-08,2022,0.26,3 - High,,Data,Series G,1000,United States
Kogan,"Melbourne, Non-U.S.",,2022-08,2022,,Unknown,,Retail,Post-IPO,,Australia
Skillshare,New York City,,2022-08,2022,,Unknown,,Education,Unknown,136,United States
Mr. Yum,"Melbourne, Non-U.S.",,2022-08,2022,0.17,2 - Medium,,Food,Series A,73,Australia
Shopx,"Bengaluru, Non-U.S.",,2022-08,2022,1,4 - Critical,,Retail,Unknown,56,India
Nso,"Tel Aviv, Non-U.S.",100,2022-08,2022,0.14,2 - Medium,0.65,Security,Seed,1,Israel
Tufin,Boston,55,2022-08,2022,0.1,2 - Medium,0.40,Security,Acquired,21,United States
Amperity,Seattle,13,2022-08,2022,0.03,1 - Low,0.08,Marketing,Series D,187,United States
Wayfair,Boston,870,2022-08,2022,0.05,3 - High,0.34,Retail,Post-IPO,1700,United States
Stripe,SF Bay Area,50,2022-08,2022,,1 - Low,,Finance,Series H,2300,United States
Hodlnaut,"Singapore, Non-U.S.",40,2022-08,2022,0.8,4 - Critical,2.97,Crypto,Unknown,,Singapore
New Relic,SF Bay Area,110,2022-08,2022,0.05,2 - Medium,0.24,Infrastructure,Post-IPO,214,United States
Wheel,Austin,35,2022-08,2022,0.17,2 - Medium,0.61,Healthcare,Series C,215,United States
Petal,New York City,,2022-08,2022,0.1,2 - Medium,,Finance,Series D,704,United States
Thirty Madison,New York City,,2022-08,2022,0.1,2 - Medium,,Healthcare,Series C,209,United States
Vendasta,"Saskatoon, Non-U.S.",,2022-08,2022,0.05,1 - Low,,Marketing,Series D,178,Canada
Malwarebytes,SF Bay Area,125,2022-08,2022,0.14,2 - Medium,0.68,Security,Series B,80,United States
Fluke,"Sao Paulo, Non-U.S.",83,2022-08,2022,0.82,4 - Critical,3.63,Other,Seed,,Brazil
Swyftx,"Brisbane, Non-U.S.",74,2022-08,2022,0.21,3 - High,0.91,Crypto,Unknown,,Australia
Tempo Automation,SF Bay Area,54,2022-08,2022,,1 - Low,,Other,Series C,74,United States
Genesis,New York City,52,2022-08,2022,0.2,3 - High,0.79,Crypto,Series A,,United States
Warren,"Porto Alegre, Non-U.S.",50,2022-08,2022,,1 - Low,,Finance,Series C,104,Brazil
Alayacare,Montreal,80,2022-08,2022,0.14,2 - Medium,0.62,Healthcare,Series D,293,Canada
Pliops,"Tel Aviv, Non-U.S.",12,2022-08,2022,0.09,1 - Low,0.23,Data,Series D,205,Israel
Woven,Indianapolis,5,2022-08,2022,0.15,2 - Medium,0.27,HR,Series A,11,United States
Crypto.Com,"Singapore, Non-U.S.",,2022-08,2022,,Unknown,,Crypto,Unknown,156,Singapore
Edmodo,SF Bay Area,,2022-08,2022,1,4 - Critical,,Education,Acquired,77,United States
Snapdocs,SF Bay Area,,2022-08,2022,0.1,2 - Medium,,Real Estate,Series D,253,United States
Updater,New York City,,2022-08,2022,,Unknown,,Other,Unknown,467,United States
Sema4,Stamford,250,2022-08,2022,0.13,2 - Medium,0.72,Healthcare,Post-IPO,791,United States
Blend,SF Bay Area,220,2022-08,2022,0.12,2 - Medium,0.65,Finance,Post-IPO,665,United States
Contrafect,New York City,16,2022-08,2022,0.37,3 - High,1.05,Healthcare,Post-IPO,380,United States
Thredup,Chicago,,2022-08,2022,0.15,2 - Medium,,Retail,Post-IPO,305,United States
Anywell,"Tel Aviv, Non-U.S.",11,2022-08,2022,,1 - Low,,Real Estate,Series A,15,Israel
Almanac,SF Bay Area,,2022-08,2022,,Unknown,,Other,Series A,45,United States
Peloton,New York City,784,2022-08,2022,0.13,3 - High,0.87,Fitness,Post-IPO,1900,United States
Core Scientific,Austin,,2022-08,2022,0.1,2 - Medium,,Crypto,Post-IPO,169,United States
Orbit,SF Bay Area,,2022-08,2022,,Unknown,,Other,Series A,20,United States
Truepill,SF Bay Area,175,2022-08,2022,0.33,3 - High,1.71,Healthcare,Series D,255,United States
Calm,SF Bay Area,90,2022-08,2022,0.2,3 - High,0.90,Healthcare,Series C,218,United States
Fourkites,Chicago,60,2022-08,2022,0.08,1 - Low,0.33,Logistics,Series D,201,United States
Marketforce,"Nairobi, Non-U.S.",54,2022-08,2022,0.09,1 - Low,0.36,Retail,Series A,42,Kenya
Betterfly,"Santiago, Non-U.S.",30,2022-08,2022,,1 - Low,,Healthcare,Series C,204,Chile
Expert360,"Sydney, Non-U.S.",7,2022-08,2022,,1 - Low,,Recruiting,Series C,26,Australia
Guidewire,SF Bay Area,,2022-08,2022,0.02,1 - Low,,Finance,Post-IPO,24,United States
Trybe,"Sao Paulo, Non-U.S.",47,2022-08,2022,0.1,2 - Medium,0.39,Education,Series B,40,Brazil
Permutive,"London, Non-U.S.",30,2022-08,2022,0.12,2 - Medium,0.41,Marketing,Series C,105,United Kingdom
Homeward,Austin,,2022-08,2022,0.2,3 - High,,Real Estate,Series B,160,United States
Pollen,"London, Non-U.S.",,2022-08,2022,1,4 - Critical,,Marketing,Series C,238,United Kingdom
Vedanta Biosciences,Boston,,2022-08,2022,0.2,3 - High,,Healthcare,Series D,301,United States
Gohealth,Chicago,800,2022-08,2022,0.2,3 - High,1.34,Healthcare,Post-IPO,75,United States
Hootsuite,"Vancouver, Non-U.S.",400,2022-08,2022,0.3,3 - High,1.80,Marketing,Series C,300,Canada
Nutanix,SF Bay Area,270,2022-08,2022,0.04,2 - Medium,0.22,Infrastructure,Post-IPO,1100,United States
Quanterix,Boston,130,2022-08,2022,0.25,3 - High,1.22,Healthcare,Post-IPO,533,United States
Wix,"Tel Aviv, Non-U.S.",100,2022-08,2022,,2 - Medium,,Marketing,Post-IPO,58,Israel
Madeiramadeira,"Curitiba, Non-U.S.",60,2022-08,2022,0.03,1 - Low,0.12,Retail,Series E,338,Brazil
Melio,New York City,60,2022-08,2022,,1 - Low,,Finance,Series D,504,United States
Linktree,"Melbourne, Non-U.S.",50,2022-08,2022,0.17,2 - Medium,0.67,Consumer,Unknown,165,Australia
Shogun,SF Bay Area,48,2022-08,2022,0.3,3 - High,1.17,Retail,Series C,114,United States
Absci,"Vancouver, Non-U.S.",40,2022-08,2022,,1 - Low,,Healthcare,Post-IPO,237,Canada
Dooly,"Vancouver, Non-U.S.",12,2022-08,2022,,1 - Low,,Sales,Series B,102,Canada
Berkeley Lights,SF Bay Area,,2022-08,2022,0.12,2 - Medium,,Healthcare,Post-IPO,272,United States
Dailypay,New York City,,2022-08,2022,0.15,2 - Medium,,Finance,Unknown,814,United States
Haus,SF Bay Area,,2022-08,2022,1,4 - Critical,,Food,Seed,7,United States
Kaltura,New York City,,2022-08,2022,0.1,2 - Medium,,Media,Post-IPO,166,United States
Shift,SF Bay Area,,2022-08,2022,,Unknown,,Transportation,Post-IPO,504,United States
Sweetgreen,Los Angeles,,2022-08,2022,,Unknown,,Food,Post-IPO,478,United States
Groupon,Chicago,500,2022-08,2022,0.15,3 - High,0.93,Retail,Post-IPO,1400,United States
Loggi,"Sao Paulo, Non-U.S.",500,2022-08,2022,0.15,3 - High,0.93,Logistics,Series F,507,Brazil
Vroom,New York City,337,2022-08,2022,,2 - Medium,,Transportation,Post-IPO,1300,United States
Warby Parker,New York City,63,2022-08,2022,,1 - Low,,Consumer,Post-IPO,535,United States
Labelbox,SF Bay Area,36,2022-08,2022,,1 - Low,,Data,Series D,188,United States
Perion,"Tel Aviv, Non-U.S.",20,2022-08,2022,0.05,1 - Low,0.15,Marketing,Post-IPO,76,Israel
Daily Harvest,New York City,,2022-08,2022,0.15,2 - Medium,,Food,Series D,120,United States
Datarobot,Boston,,2022-08,2022,,Unknown,,Data,Series G,1000,United States
Irobot,Boston,140,2022-08,2022,0.1,2 - Medium,0.49,Consumer,Acquired,30,United States
Mejuri,"Toronto, Non-U.S.",50,2022-08,2022,0.1,2 - Medium,0.39,Retail,Series B,28,Canada
Uberflip,"Toronto, Non-U.S.",31,2022-08,2022,0.17,2 - Medium,0.59,Marketing,Series A,42,Canada
Slync,Dallas,,2022-08,2022,,Unknown,,Logistics,Series B,76,United States
Talkdesk,SF Bay Area,,2022-08,2022,,Unknown,,Support,Series D,497,United States
Doma,SF Bay Area,250,2022-08,2022,0.13,2 - Medium,0.72,Finance,Post-IPO,679,United States
Article,"Vancouver, Non-U.S.",216,2022-08,2022,0.17,2 - Medium,0.91,Retail,Series B,,Canada
Jam City,Los Angeles,200,2022-08,2022,0.17,2 - Medium,0.90,Consumer,Unknown,652,United States
10X Genomics,SF Bay Area,100,2022-08,2022,0.08,2 - Medium,0.37,Healthcare,Post-IPO,242,United States
Lead,"Mumbai, Non-U.S.",80,2022-08,2022,0.04,1 - Low,0.18,Education,Series E,166,India
Zendesk,SF Bay Area,80,2022-08,2022,,1 - Low,,Support,Acquired,85,United States
On Deck,SF Bay Area,73,2022-08,2022,0.33,3 - High,1.42,Education,Series A,20,United States
Renorun,"Montreal, Non-U.S.",70,2022-08,2022,0.12,2 - Medium,0.51,Construction,Series B,163,Canada
Ringcentral,SF Bay Area,50,2022-08,2022,,1 - Low,,Support,Post-IPO,44,United States
Medly,New York City,,2022-08,2022,0.16,2 - Medium,,Healthcare,Series C,100,United States
Nomad,"Sao Paulo, Non-U.S.",,2022-08,2022,0.2,3 - High,,Finance,Series B,290,Brazil
Stubhub,SF Bay Area,,2022-08,2022,,Unknown,,Consumer,Acquired,59,United States
Weedmaps,Los Angeles,,2022-08,2022,0.1,2 - Medium,,Other,Acquired,,United States
Zenius,"Jakarta, Non-U.S.",,2022-08,2022,0.3,3 - High,,Education,Series B,20,Indonesia
Healthcare.Com,Miami,149,2022-08,2022,,2 - Medium,,Healthcare,Series C,244,United States
Unbounce,"Vancouver, Non-U.S.",47,2022-08,2022,0.2,3 - High,0.77,Marketing,Series A,39,Canada
Beyond Meat,Los Angeles,40,2022-08,2022,0.04,1 - Low,0.15,Food,Post-IPO,122,United States
The Org,"New Delhi, New York City",13,2022-08,2022,,1 - Low,,HR,Series B,39,United States
Cardekho,"Gurugram, Non-U.S.",,2022-08,2022,,Unknown,,Transportation,Series E,497,India
Puppet,Portland,,2022-08,2022,0.15,2 - Medium,,Infrastructure,Acquired,189,United States
Soundcloud,"Berlin, Non-U.S.",,2022-08,2022,0.2,3 - High,,Consumer,Unknown,542,Germany
Talkwalker,"Luxembourg, Non-U.S.",,2022-08,2022,0.15,2 - Medium,,Marketing,Private Equity,9,Luxembourg
Robinhood,SF Bay Area,713,2022-08,2022,0.23,3 - High,1.51,Finance,Post-IPO,5600,United States
Latch,New York City,115,2022-08,2022,0.37,3 - High,1.76,Security,Post-IPO,342,United States
Vedantu,"Bengaluru, Non-U.S.",100,2022-08,2022,,2 - Medium,,Education,Series E,292,India
Seegrid,Pittsburgh,90,2022-08,2022,,1 - Low,,Logistics,Unknown,107,United States
Nylas,SF Bay Area,80,2022-08,2022,0.25,3 - High,1.10,Product,Series C,175,United States
Outreach,Seattle,60,2022-08,2022,0.05,1 - Low,0.21,Sales,Series G,489,United States
Sendy,"Nairobi, Non-U.S.",54,2022-08,2022,0.2,3 - High,0.80,Logistics,Series B,26,Kenya
The Predictive Index,Boston,40,2022-08,2022,,1 - Low,,HR,Acquired,71,United States
Sendy,"Nairobi, Non-U.S.",30,2022-08,2022,0.1,2 - Medium,0.34,Logistics,Series B,26,Kenya
Stedi,Boulder,23,2022-08,2022,0.3,3 - High,0.95,Product,Series B,75,United States
Glossier,New York City,19,2022-08,2022,0.08,1 - Low,0.24,Retail,Series E,266,United States
Butterfly Network,New Haven,,2022-08,2022,0.1,2 - Medium,,Healthcare,Post-IPO,530,United States
Fubotv,New York City,,2022-08,2022,,Unknown,,Media,Post-IPO,151,United States
Hash,"Sao Paulo, Non-U.S.",58,2022-08,2022,0.5,4 - Critical,2.04,Finance,Series C,58,Brazil
Classkick,Chicago,,2022-08,2022,,Unknown,,Education,Seed,1,United States
Dehaat,"Gurugram, Non-U.S.",,2022-08,2022,,Unknown,,Food,Series D,194,India
Onlyfans,"London, Non-U.S.",,2022-08,2022,,Unknown,,Media,Unknown,,United Kingdom
Oracle,SF Bay Area,,2022-08,2022,,Unknown,,Other,Post-IPO,,United States
Perceptive Automata,Boston,,2022-08,2022,1,4 - Critical,,Transportation,Series A,20,United States
Whereby,"Oslo, Non-U.S.",,2022-08,2022,,Unknown,,Other,Series A,10,Norway
Metigy,"Sydney, Non-U.S.",75,2022-07,2022,1,4 - Critical,4.33,Marketing,Series B,18,Australia
Vee,"Tel Aviv, Non-U.S.",16,2022-07,2022,0.32,3 - High,0.91,HR,Seed,15,Israel
Gatherly,Atlanta,,2022-07,2022,0.5,4 - Critical,,Marketing,Unknown,,United States
Ola,"Bengaluru, Non-U.S.",1000,2022-07,2022,,4 - Critical,,Transportation,Series J,5000,India
Clearco,"Toronto, Non-U.S.",125,2022-07,2022,0.25,3 - High,1.21,Finance,Series C,681,Canada
Imperfect Foods,SF Bay Area,50,2022-07,2022,,1 - Low,,Food,Series D,229,United States
Shelf Engine,Seattle,43,2022-07,2022,,1 - Low,,Food,Series B,58,United States
Quantcast,SF Bay Area,40,2022-07,2022,0.06,1 - Low,0.22,Marketing,Series C,65,United States
Sherpa,"Toronto, Non-U.S.",22,2022-07,2022,,1 - Low,,Travel,Unknown,11,Canada
Coinflex,"Victoria, Non-U.S.",,2022-07,2022,,Unknown,,Crypto,Unknown,11,Seychelles
Missfresh,"Beijing, Non-U.S.",,2022-07,2022,,Unknown,,Food,Post-IPO,1700,China
Yabonza,"Sydney, Non-U.S.",,2022-07,2022,1,4 - Critical,,Real Estate,Unknown,6,Australia
Ribbon,New York City,136,2022-07,2022,,2 - Medium,,Real Estate,Series C,405,United States
Career Karma,SF Bay Area,60,2022-07,2022,0.33,3 - High,1.36,Education,Series B,51,United States
Metromile,SF Bay Area,60,2022-07,2022,0.2,3 - High,0.82,Finance,Acquired,510,United States
Laybuy,Auckland,45,2022-07,2022,,1 - Low,,Finance,Post-IPO,130,New Zealand
Allbirds,SF Bay Area,23,2022-07,2022,,1 - Low,,Retail,Post-IPO,202,United States
Textnow,"Waterloo, Non-U.S.",22,2022-07,2022,,1 - Low,,Consumer,Seed,1,Canada
2U,Washington D.C.,,2022-07,2022,0.2,3 - High,,Education,Post-IPO,426,United States
Bikayi,"Bengaluru, Non-U.S.",,2022-07,2022,,Unknown,,Retail,Series A,12,India
Brainbase,Los Angeles,,2022-07,2022,,Unknown,,Sales,Series A,12,United States
Change.Org,SF Bay Area,,2022-07,2022,0.19,2 - Medium,,Other,Series D,72,United States
Tapas Media,SF Bay Area,,2022-07,2022,,Unknown,,Media,Acquired,17,United States
Turntide,SF Bay Area,,2022-07,2022,0.2,3 - High,,Energy,Unknown,491,United States
Rivian,Detroit,840,2022-07,2022,0.06,3 - High,0.40,Transportation,Post-IPO,10700,United States
Vox Media,Washington D.C.,39,2022-07,2022,0.02,1 - Low,0.07,Media,Series F,307,United States
Coinsquare,"Toronto, Non-U.S.",30,2022-07,2022,0.24,3 - High,0.82,Crypto,Unknown,98,Canada
Skai,"Tel Aviv, Non-U.S.",30,2022-07,2022,0.04,1 - Low,0.14,Marketing,Series E,60,Israel
Shopify,"Ottawa, Non-U.S.",1000,2022-07,2022,0.1,4 - Critical,0.69,Retail,Post-IPO,122,Canada
Mcmakler,"Berlin, Non-U.S.",90,2022-07,2022,,1 - Low,,Real Estate,Unknown,214,Germany
Fiverr,"Tel Aviv, Non-U.S.",60,2022-07,2022,0.08,1 - Low,0.33,Other,Post-IPO,111,Israel
Indebted,"Sydney, Non-U.S.",40,2022-07,2022,0.17,2 - Medium,0.63,Finance,Series B,41,Australia
Outbrain,New York City,38,2022-07,2022,0.03,1 - Low,0.11,Marketing,Post-IPO,394,United States
Dover,SF Bay Area,23,2022-07,2022,0.3,3 - High,0.95,Recruiting,Series A,22,United States
Immutable,"Sydney, Non-U.S.",20,2022-07,2022,0.06,1 - Low,0.18,Crypto,Series C,279,Australia
Zymergen,SF Bay Area,80,2022-07,2022,,1 - Low,,Other,Acquired,974,United States
Pear Therapeutics,Boston,25,2022-07,2022,0.09,1 - Low,0.29,Healthcare,Post-IPO,409,United States
Included Health,SF Bay Area,,2022-07,2022,0.06,1 - Low,,Healthcare,Series E,272,United States
Soluto,"Tel Aviv, Non-U.S.",120,2022-07,2022,1,4 - Critical,4.80,Support,Acquired,18,Israel
Eucalyptus,"Sydney, Non-U.S.",50,2022-07,2022,0.2,3 - High,0.79,Healthcare,Series C,69,Australia
Workstream,SF Bay Area,45,2022-07,2022,,1 - Low,,HR,Series B,58,United States
Quanto,"Sao Paulo, Non-U.S.",28,2022-07,2022,0.22,3 - High,0.74,Finance,Series A,15,Brazil
Clarify Health,SF Bay Area,15,2022-07,2022,0.05,1 - Low,0.14,Healthcare,Series D,328,United States
Arete,Miami,,2022-07,2022,,Unknown,,Security,Unknown,,United States
Boosted Commerce,Los Angeles,,2022-07,2022,0.05,1 - Low,,Retail,Series B,137,United States
Owlet,Lehi,,2022-07,2022,,Unknown,,Healthcare,Post-IPO,178,United States
People.Ai,SF Bay Area,,2022-07,2022,,Unknown,,Sales,Series D,200,United States
Wizeline,SF Bay Area,,2022-07,2022,,Unknown,,Product,Acquired,62,United States
Blockchain.Com,"London, Non-U.S.",150,2022-07,2022,0.25,3 - High,1.25,Crypto,Series D,490,United Kingdom
Callisto Media,SF Bay Area,140,2022-07,2022,0.35,3 - High,1.73,Media,Series D,,United States
Appgate,Miami,130,2022-07,2022,0.22,3 - High,1.07,Security,Post-IPO,,United States
Whoop,Boston,95,2022-07,2022,0.15,2 - Medium,0.68,Fitness,Series F,404,United States
Rad Power Bikes,Seattle,63,2022-07,2022,0.1,2 - Medium,0.42,Transportation,Series D,329,United States
Lunchbox,New York City,60,2022-07,2022,0.33,3 - High,1.36,Food,Series B,72,United States
Realself,Seattle,11,2022-07,2022,0.05,1 - Low,0.12,Healthcare,Series B,42,United States
98Point6,Seattle,,2022-07,2022,0.1,2 - Medium,,Healthcare,Series E,247,United States
Catalyst,New York City,,2022-07,2022,,Unknown,,Support,Series B,45,United States
Invision,New York City,,2022-07,2022,0.5,4 - Critical,,Product,Series F,356,United States
Mural,SF Bay Area,,2022-07,2022,,Unknown,,Product,Series C,192,United States
Smarsh,Portland,,2022-07,2022,,Unknown,,Other,Private Equity,,United States
Just Eat Takeaway,"Amsterdam, Non-U.S.",390,2022-07,2022,,2 - Medium,,Food,Post-IPO,2800,Netherlands
Flyhomes,Seattle,200,2022-07,2022,0.2,3 - High,1.06,Real Estate,Series C,310,United States
Varo,SF Bay Area,75,2022-07,2022,,1 - Low,,Finance,Series E,992,United States
Bluestacks,SF Bay Area,60,2022-07,2022,,1 - Low,,Other,Series C,48,United States
Lyft,SF Bay Area,60,2022-07,2022,0.02,1 - Low,0.08,Transportation,Post-IPO,4900,United States
Introhive,"Ferdericton, Non-U.S.",57,2022-07,2022,0.16,2 - Medium,0.65,Sales,Series C,125,Canada
Zencity,"Tel Aviv, Non-U.S.",30,2022-07,2022,0.2,3 - High,0.69,Other,Unknown,51,Israel
Splice,New York City,23,2022-07,2022,,1 - Low,,Media,Series D,159,United States
Forma.Ai,"Toronto, Non-U.S.",15,2022-07,2022,0.09,1 - Low,0.25,Sales,Series B,58,Canada
Arc,SF Bay Area,13,2022-07,2022,,1 - Low,,HR,Seed,1,United States
Invitae,SF Bay Area,1000,2022-07,2022,,4 - Critical,,Healthcare,Post-IPO,2000,United States
Olive,Columbus,450,2022-07,2022,0.31,3 - High,1.89,Healthcare,Series H,856,United States
M1,Chicago,38,2022-07,2022,,1 - Low,,Finance,Series E,323,United States
Sellerx,"Berlin, Non-U.S.",28,2022-07,2022,,1 - Low,,Retail,Unknown,766,Germany
Stint,"London, Non-U.S.",28,2022-07,2022,0.2,3 - High,0.67,HR,Unknown,,United Kingdom
Capsule,New York City,,2022-07,2022,0.13,2 - Medium,,Healthcare,Series D,570,United States
Pact Pharma,SF Bay Area,94,2022-07,2022,,1 - Low,,Healthcare,Series C,200,United States
Gemini,New York City,68,2022-07,2022,0.07,1 - Low,0.30,Crypto,Unknown,423,United States
Lusha,New York City,30,2022-07,2022,0.1,2 - Medium,0.34,Marketing,Series B,245,United States
Elemy,SF Bay Area,,2022-07,2022,,Unknown,,Healthcare,Series B,323,United States
Freshly,New York City,,2022-07,2022,0.25,3 - High,,Food,Acquired,107,United States
Hydrow,Boston,,2022-07,2022,0.35,3 - High,,Fitness,Series D,269,United States
Tiktok,Los Angeles,,2022-07,2022,,Unknown,,Consumer,Acquired,,United States
Vimeo,New York City,,2022-07,2022,0.06,1 - Low,,Consumer,Post-IPO,450,United States
Bright Money,"Bengaluru, Non-U.S.",100,2022-07,2022,0.5,4 - Critical,2.31,Finance,Series A,31,India
Project44,Chicago,63,2022-07,2022,0.05,1 - Low,0.21,Logistics,Unknown,817,United States
Heroes,"London, Non-U.S.",24,2022-07,2022,0.2,3 - High,0.64,Retail,Unknown,265,United Kingdom
Aspire,SF Bay Area,23,2022-07,2022,,1 - Low,,Marketing,Series A,27,United States
Styleseat,SF Bay Area,,2022-07,2022,0.17,2 - Medium,,Consumer,Series C,40,United States
Zego,"London, Non-U.S.",85,2022-07,2022,0.17,2 - Medium,0.76,Finance,Series C,202,United Kingdom
The Mom Project,Chicago,54,2022-07,2022,0.15,2 - Medium,0.60,HR,Series C,115,United States
Unstoppable Domains,SF Bay Area,42,2022-07,2022,0.25,3 - High,0.94,Crypto,Series B,7,United States
Kiavi,SF Bay Area,39,2022-07,2022,0.07,1 - Low,0.26,Real Estate,Series E,240,United States
Alto Pharmacy,SF Bay Area,,2022-07,2022,,Unknown,,Healthcare,Series E,560,United States
Cosuno,"Berlin, Non-U.S.",,2022-07,2022,,Unknown,,Construction,Series B,45,Germany
Opensea,New York City,,2022-07,2022,0.2,3 - High,,Crypto,Series C,427,United States
Wave,"Dakar, Non-U.S.",300,2022-07,2022,0.15,2 - Medium,0.86,Finance,Series A,292,Senegal
Tonal,SF Bay Area,262,2022-07,2022,0.35,3 - High,1.95,Fitness,Series E,450,United States
Fabric,New York City,120,2022-07,2022,0.4,3 - High,1.92,Logistics,Series C,336,United States
Bryter,"Berlin, Non-U.S.",100,2022-07,2022,0.3,3 - High,1.38,Product,Series B,89,Germany
Chownow,Los Angeles,100,2022-07,2022,0.2,3 - High,0.92,Food,Series C,64,United States
Involves,"FlorianÃ³polis, Non-U.S.",70,2022-07,2022,0.18,2 - Medium,0.77,Retail,Unknown,23,Brazil
100 Thieves,Los Angeles,12,2022-07,2022,,1 - Low,,Consumer,Series C,120,United States
Nuro,SF Bay Area,7,2022-07,2022,,1 - Low,,Transportation,Series D,2100,United States
Arrival,"London, Non-U.S.",,2022-07,2022,0.3,3 - High,,Transportation,Post-IPO,629,United Kingdom
Circleup,SF Bay Area,,2022-07,2022,,Unknown,,Finance,Series C,53,United States
Papa,Miami,,2022-07,2022,0.15,2 - Medium,,Other,Series D,241,United States
Gopuff,Philadelphia,1500,2022-07,2022,0.1,4 - Critical,0.73,Food,Series H,3400,United States
Fraazo,"Mumbai, Non-U.S.",150,2022-07,2022,,2 - Medium,,Food,Series B,63,India
Babylon,"London, Non-U.S.",100,2022-07,2022,,2 - Medium,,Healthcare,Post-IPO,1100,United Kingdom
Hubilo,SF Bay Area,45,2022-07,2022,0.12,2 - Medium,0.46,Marketing,Series B,153,United States
Airlift,"Lahore, Non-U.S.",,2022-07,2022,1,4 - Critical,,Logistics,Series B,109,Pakistan
Microsoft,Seattle,,2022-07,2022,,Unknown,,Other,Post-IPO,1,United States
Spring,SF Bay Area,,2022-07,2022,,Unknown,,Retail,Unknown,61,United States
Hopin,"London, Non-U.S.",242,2022-07,2022,0.29,3 - High,1.59,Other,Series D,1000,United Kingdom
Alice,"Sao Paulo, Non-U.S.",63,2022-07,2022,,1 - Low,,Healthcare,Series C,174,Brazil
Sundaysky,New York City,24,2022-07,2022,0.13,2 - Medium,0.42,Marketing,Series D,74,United States
Apeel Sciences,Santa Barbara,,2022-07,2022,,Unknown,,Food,Series E,640,United States
Forward,SF Bay Area,,2022-07,2022,0.05,1 - Low,,Healthcare,Series D,225,United States
Ignite,SF Bay Area,,2022-07,2022,0.5,4 - Critical,,Crypto,Series A,9,United States
Nextbite,Denver,,2022-07,2022,,Unknown,,Food,Series C,150,United States
Pudutech,"Shenzen, Non-U.S.",1500,2022-07,2022,,4 - Critical,,Other,Series C,184,China
Butler Hospitality,New York City,1000,2022-07,2022,1,4 - Critical,6.91,Food,Series B,50,United States
Calibrate,New York City,156,2022-07,2022,0.24,3 - High,1.21,Healthcare,Series B,127,United States
Nextroll,SF Bay Area,,2022-07,2022,0.03,1 - Low,,Marketing,Unknown,108,United States
Argo Ai,Pittsburgh,150,2022-07,2022,0.05,2 - Medium,0.25,Transportation,Unknown,3600,United States
Next Insurance,SF Bay Area,150,2022-07,2022,0.17,2 - Medium,0.85,Finance,Series E,881,United States
Adwerx,Durham,40,2022-07,2022,,1 - Low,,Marketing,Unknown,20,United States
Emotive,Los Angeles,30,2022-07,2022,0.18,2 - Medium,0.62,Marketing,Series B,78,United States
Cedar,New York City,,2022-07,2022,0.24,3 - High,,Healthcare,Series D,351,United States
Twitter,SF Bay Area,,2022-07,2022,,Unknown,,Consumer,Post-IPO,5700,United States
Remote,SF Bay Area,100,2022-07,2022,0.09,2 - Medium,0.42,HR,Series C,496,United States
Shopify,"Ottawa, Non-U.S.",50,2022-07,2022,,1 - Low,,Retail,Post-IPO,122,Canada
Anodot,"Tel Aviv, Non-U.S.",35,2022-07,2022,0.27,3 - High,0.97,Data,Series C,64,Israel
Sqream,New York City,30,2022-07,2022,0.18,2 - Medium,0.62,Data,Series B,77,United States
Anodot,"Tel Aviv, Non-U.S.",15,2022-07,2022,0.2,3 - High,0.55,Data,Series C,64,Israel
Motif Foodworks,Boston,,2022-07,2022,,Unknown,,Food,Series B,344,United States
Loft,"Sao Paulo, Non-U.S.",384,2022-07,2022,0.12,2 - Medium,0.71,Real Estate,Unknown,788,Brazil
Bizzabo,New York City,120,2022-07,2022,0.3,3 - High,1.44,Marketing,Series E,194,United States
Etoro,"Tel Aviv, Non-U.S.",100,2022-07,2022,0.06,2 - Medium,0.28,Finance,Unknown,322,Israel
Verbit,New York City,80,2022-07,2022,0.1,2 - Medium,0.44,Data,Series E,569,United States
Outschool,SF Bay Area,31,2022-07,2022,0.18,2 - Medium,0.62,Education,Series D,240,United States
Bullish,"Hong Kong, Non-U.S.",30,2022-07,2022,0.08,1 - Low,0.27,Crypto,Unknown,300,Hong Kong
Transmit Security,Boston,27,2022-07,2022,0.07,1 - Low,0.23,Security,Series A,583,United States
Thimble,New York City,20,2022-07,2022,0.33,3 - High,1.00,Finance,Series A,28,United States
Syte,"Tel Aviv, Non-U.S.",13,2022-07,2022,0.08,1 - Low,0.21,Retail,Series C,71,Israel
Lightricks,"Jerusalem, Non-U.S.",80,2022-07,2022,0.12,2 - Medium,0.53,Consumer,Series D,335,Israel
Chessable,"London, Non-U.S.",29,2022-07,2022,,1 - Low,,Consumer,Acquired,,United Kingdom
Sendle,"Sydney, Non-U.S.",27,2022-07,2022,0.12,2 - Medium,0.40,Logistics,Series C,69,Australia
Lendis,"Berlin, Non-U.S.",18,2022-07,2022,0.15,2 - Medium,0.44,Other,Series A,90,Germany
Airtasker,"Sydney, Non-U.S.",,2022-07,2022,,Unknown,,Consumer,Series C,26,Australia
Gorillas,"Berlin, Non-U.S.",540,2022-07,2022,,3 - High,,Food,Series C,1300,Germany
Celsius,New York City,150,2022-07,2022,0.25,3 - High,1.25,Crypto,Series B,864,United States
Letsgetchecked,New York City,,2022-07,2022,,Unknown,,Healthcare,Series D,263,United States
Perx Health,"Sydney, Non-U.S.",,2022-07,2022,,Unknown,,Healthcare,Seed,2,Australia
Zepto,"Brisbane, Non-U.S.",,2022-07,2022,0.1,2 - Medium,,Finance,Series A,25,Australia
Wanderjaunt,SF Bay Area,85,2022-07,2022,1,4 - Critical,4.45,Travel,Series B,26,United States
Canoo,Los Angeles,58,2022-07,2022,0.06,1 - Low,0.24,Transportation,Post-IPO,300,United States
Bamboo Health,Louisville,52,2022-07,2022,,1 - Low,,Healthcare,Unknown,,United States
Teleport,SF Bay Area,15,2022-07,2022,0.06,1 - Low,0.17,Infrastructure,Series C,169,United States
Remesh,New York City,,2022-07,2022,,Unknown,,Support,Series A,38,United States
Enjoy,SF Bay Area,400,2022-06,2022,0.18,2 - Medium,1.08,Retail,Post-IPO,310,United States
Crejo.Fun,"Bengaluru, Non-U.S.",170,2022-06,2022,1,4 - Critical,5.14,Education,Seed,3,India
Stash Financial,New York City,40,2022-06,2022,0.08,1 - Low,0.30,Finance,Unknown,480,United States
Nate,New York City,30,2022-06,2022,0.2,3 - High,0.69,Retail,Series A,47,United States
Snyk,Boston,30,2022-06,2022,,1 - Low,,Security,Series F,849,United States
Stream,Boulder,20,2022-06,2022,0.12,2 - Medium,0.37,Product,Series B,58,United States
Finleap Connect,"Hamburg, Non-U.S.",14,2022-06,2022,0.1,2 - Medium,0.27,Finance,Series A,22,Germany
Abra,SF Bay Area,12,2022-06,2022,0.05,1 - Low,0.13,Crypto,Series C,106,United States
Gavelytics,Los Angeles,,2022-06,2022,1,4 - Critical,,Legal,Seed,5,United States
Secfi,SF Bay Area,,2022-06,2022,,Unknown,,Finance,Series A,7,United States
Sundae,SF Bay Area,,2022-06,2022,0.15,2 - Medium,,Real Estate,Series C,135,United States
Toppr,"Mumbai, Non-U.S.",350,2022-06,2022,,2 - Medium,,Education,Acquired,112,India
Unity,SF Bay Area,200,2022-06,2022,0.04,2 - Medium,0.21,Other,Post-IPO,1300,United States
Niantic,SF Bay Area,85,2022-06,2022,0.08,1 - Low,0.36,Consumer,Series D,770,United States
Avantstay,Los Angeles,80,2022-06,2022,,1 - Low,,Travel,Unknown,811,United States
Qumulo,Seattle,80,2022-06,2022,0.19,2 - Medium,0.83,Data,Series E,347,United States
Clutch,"Toronto, Non-U.S.",76,2022-06,2022,0.22,3 - High,0.96,Transportation,Series B,153,Canada
Parallel Wireless,Nashua,60,2022-06,2022,,1 - Low,,Infrastructure,Unknown,8,United States
Oye Rickshaw,"New Delhi, Non-U.S.",40,2022-06,2022,0.2,3 - High,0.74,Transportation,Unknown,13,India
Rows,"Berlin, Non-U.S.",18,2022-06,2022,0.3,3 - High,0.88,Other,Series B,25,Germany
Baton,SF Bay Area,16,2022-06,2022,0.25,3 - High,0.71,Transportation,Series A,13,United States
Substack,SF Bay Area,13,2022-06,2022,0.14,2 - Medium,0.37,Media,Series B,82,United States
Commentsold,Huntsville,,2022-06,2022,,Unknown,,Retail,Unknown,,United States
Degreed,SF Bay Area,,2022-06,2022,0.15,2 - Medium,,Education,Series D,411,United States
Homelight,SF Bay Area,,2022-06,2022,0.19,2 - Medium,,Real Estate,Series D,743,United States
Modsy,SF Bay Area,,2022-06,2022,,Unknown,,Retail,Series C,72,United States
Volt Bank,"Sydney, Non-U.S.",,2022-06,2022,1,4 - Critical,,Finance,Series E,90,Australia
Huobi,"Beijing, Non-U.S.",300,2022-06,2022,0.3,3 - High,1.71,Crypto,Unknown,2,China
Whitehat Jr,"Mumbai, Non-U.S.",300,2022-06,2022,,2 - Medium,,Education,Acquired,11,India
Stockx,Detroit,120,2022-06,2022,0.08,2 - Medium,0.38,Retail,Series E,690,United States
Sidecar Health,Los Angeles,110,2022-06,2022,0.4,3 - High,1.88,Healthcare,Series C,163,United States
Stockx,Detroit,80,2022-06,2022,,1 - Low,,Retail,Series E,690,United States
Vezeeta,"Dubai, Non-U.S.",50,2022-06,2022,0.1,2 - Medium,0.39,Healthcare,Series D,71,United Arab Emirates
Bright Machines,SF Bay Area,30,2022-06,2022,0.08,1 - Low,0.27,Data,Unknown,250,Israel
Healthmatch,"Sydney, Non-U.S.",18,2022-06,2022,0.5,4 - Critical,1.47,Healthcare,Series B,20,Australia
Booktopia,"Sydney, Non-U.S.",,2022-06,2022,,Unknown,,Retail,Series A,23,Australia
Nova Benefits,"Bengaluru, Non-U.S.",,2022-06,2022,0.3,3 - High,,Healthcare,Series B,41,India
Una Brands,"Singapore, Non-U.S.",,2022-06,2022,0.1,2 - Medium,,Retail,Series A,55,Singapore
Applovin,SF Bay Area,300,2022-06,2022,0.12,2 - Medium,0.68,Marketing,Post-IPO,1600,United States
Uipath,New York City,210,2022-06,2022,0.05,2 - Medium,0.27,Data,Post-IPO,2000,United States
Udaan,"Bengaluru, Non-U.S.",180,2022-06,2022,0.04,2 - Medium,0.21,Retail,Unknown,1500,India
Cue,San Diego,170,2022-06,2022,,2 - Medium,,Healthcare,Post-IPO,999,United States
Banxa,"Melbourne, Non-U.S.",70,2022-06,2022,0.3,3 - High,1.28,Crypto,Post-IPO,13,Australia
Safegraph,SF Bay Area,27,2022-06,2022,0.25,3 - High,0.83,Data,Series B,61,United States
Amount,Chicago,,2022-06,2022,0.18,2 - Medium,,Finance,Unknown,283,United States
Postscript,SF Bay Area,43,2022-06,2022,,1 - Low,,Marketing,Series C,106,United States
Bitpanda,"Vienna, Non-U.S.",270,2022-06,2022,0.27,3 - High,1.51,Crypto,Series C,546,Austria
Sunday,Atlanta,90,2022-06,2022,0.23,3 - High,1.04,Finance,Series A,124,United States
Bestow,Dallas,41,2022-06,2022,0.14,2 - Medium,0.52,Finance,Series C,137,United States
Ethos Life,SF Bay Area,40,2022-06,2022,0.12,2 - Medium,0.45,Finance,Series D,406,United States
Feather,New York City,,2022-06,2022,,Unknown,,Retail,Unknown,76,United States
Give Legacy,Boston,,2022-06,2022,,Unknown,,Healthcare,Series B,45,United States
Netflix,SF Bay Area,300,2022-06,2022,0.03,2 - Medium,0.17,Media,Post-IPO,121900,United States
Aura,Boston,70,2022-06,2022,0.09,1 - Low,0.38,Security,Series F,500,United States
Pipl,Spokane,22,2022-06,2022,0.13,2 - Medium,0.41,Security,Unknown,19,United States
Vouch,SF Bay Area,15,2022-06,2022,0.07,1 - Low,0.19,Finance,Series C,159,United States
Voyage Sms,Los Angeles,8,2022-06,2022,0.13,2 - Medium,0.29,Marketing,Unknown,10,United States
Esper,Seattle,,2022-06,2022,0.12,2 - Medium,,Other,Series A,10,United States
Kune,"Nairobi, Non-U.S.",,2022-06,2022,1,4 - Critical,,Food,Seed,1,Kenya
Mark43,New York City,,2022-06,2022,,Unknown,,Other,Series E,229,United States
Orchard,New York City,,2022-06,2022,0.1,2 - Medium,,Real Estate,Series D,472,United States
Ro,New York City,,2022-06,2022,0.18,2 - Medium,,Healthcare,Unknown,1000,United States
Streamelements,"Tel Aviv, Non-U.S.",,2022-06,2022,0.2,3 - High,,Media,Series B,111,Israel
Masterclass,SF Bay Area,120,2022-06,2022,0.2,3 - High,0.96,Education,Series E,461,United States
Ironnet,Washington D.C.,90,2022-06,2022,0.35,3 - High,1.58,Security,Post-IPO,410,United States
Bungalow,SF Bay Area,70,2022-06,2022,,1 - Low,,Real Estate,Series C,171,United States
Ironnet,Washington D.C.,55,2022-06,2022,0.17,2 - Medium,0.68,Security,Post-IPO,410,United States
Sprinklr,New York City,50,2022-06,2022,,1 - Low,,Support,Post-IPO,429,United States
Superpedestrian,Boston,35,2022-06,2022,0.07,1 - Low,0.25,Transportation,Series C,261,United States
Voi,"Stockholm, Non-U.S.",35,2022-06,2022,0.1,2 - Medium,0.36,Transportation,Series D,515,Sweden
Balto,St. Louis,30,2022-06,2022,,1 - Low,,Sales,Series B,51,United States
Ritual,"Toronto, Non-U.S.",23,2022-06,2022,0.16,2 - Medium,0.51,Food,Series C,134,Canada
Mindgeek,"Luxembourg, Non-U.S.",,2022-06,2022,,Unknown,,Media,Unknown,,Luxembourg
Voly,"Sydney, Non-U.S.",,2022-06,2022,0.5,4 - Critical,,Food,Seed,13,Australia
Ebanx,"Curitiba, Non-U.S.",340,2022-06,2022,0.2,3 - High,1.17,Finance,Series B,460,Brazil
Taskus,Los Angeles,52,2022-06,2022,0,1 - Low,0.00,Support,Post-IPO,279,United States
Community,Los Angeles,40,2022-06,2022,0.3,3 - High,1.11,Marketing,Unknown,40,United States
Sourcegraph,SF Bay Area,24,2022-06,2022,0.08,1 - Low,0.26,Product,Series D,248,United States
Frubana,"Bogota, Non-U.S.",,2022-06,2022,0.03,1 - Low,,Food,Series C,202,Colombia
Superlearn,"Bengaluru, Non-U.S.",,2022-06,2022,1,4 - Critical,,Education,Seed,,India
Tray.Io,SF Bay Area,,2022-06,2022,0.1,2 - Medium,,Data,Series C,109,United States
Bybit,"Singapore, Non-U.S.",600,2022-06,2022,0.3,3 - High,1.92,Crypto,Unknown,,Singapore
Summerbio,SF Bay Area,101,2022-06,2022,1,4 - Critical,4.62,Healthcare,Unknown,7,United States
Trax,"Singapore, Non-U.S.",100,2022-06,2022,0.12,2 - Medium,0.55,Retail,Series E,1000,Singapore
Aqgromalin,"Chennai, Non-U.S.",80,2022-06,2022,0.3,3 - High,1.32,Food,Unknown,12,India
Bonsai,"Toronto, Non-U.S.",30,2022-06,2022,0.55,4 - Critical,1.89,Retail,Series A,27,Canada
Brighte,"Sydney, Non-U.S.",30,2022-06,2022,0.15,2 - Medium,0.52,Energy,Series C,145,Australia
Buzzer,New York City,,2022-06,2022,0.2,3 - High,,Media,Unknown,32,United States
Bybit,"Singapore, Non-U.S.",,2022-06,2022,,Unknown,,Crypto,Unknown,,Singapore
Citymall,"Gurugram, Non-U.S.",191,2022-06,2022,0.3,3 - High,1.58,Retail,Series C,112,India
Bitoasis,"Dubai, Non-U.S.",9,2022-06,2022,0.05,1 - Low,0.12,Crypto,Series B,30,United Arab Emirates
Unacademy,"Bengaluru, Non-U.S.",150,2022-06,2022,0.03,2 - Medium,0.15,Education,Series H,838,India
Bytedance,"Shanghai, Non-U.S.",150,2022-06,2022,,2 - Medium,,Consumer,Unknown,9400,China
Socure,Reno,69,2022-06,2022,0.13,2 - Medium,0.55,Finance,Series E,646,United States
Finite State,Columbus,16,2022-06,2022,0.2,3 - High,0.57,Security,Series B,49,United States
Jokr,New York City,50,2022-06,2022,0.05,1 - Low,0.20,Food,Series B,430,United States
Zumper,SF Bay Area,45,2022-06,2022,0.15,2 - Medium,0.57,Real Estate,Series D,178,United States
Pharmeasy,"Mumbai, Non-U.S.",40,2022-06,2022,,1 - Low,,Healthcare,Unknown,1600,India
Circulo Health,Columbus,,2022-06,2022,0.5,4 - Critical,,Healthcare,Series A,50,United States
Swappie,"Helsinki, Non-U.S.",250,2022-06,2022,0.17,2 - Medium,0.94,Retail,Series C,169,Finland
Wealthsimple,"Toronto, Non-U.S.",159,2022-06,2022,0.13,2 - Medium,0.66,Finance,Unknown,900,Canada
Weee!,SF Bay Area,150,2022-06,2022,0.1,2 - Medium,0.50,Food,Series E,863,United States
Notarize,Boston,110,2022-06,2022,0.25,3 - High,1.18,Legal,Series D,213,United States
Elementor,"Tel Aviv, Non-U.S.",60,2022-06,2022,0.15,2 - Medium,0.62,Media,Unknown,65,Israel
Tonkean,SF Bay Area,23,2022-06,2022,0.23,3 - High,0.73,Other,Series B,83,United States
Airtame,"Copenhagen, Non-U.S.",15,2022-06,2022,,1 - Low,,Consumer,Unknown,7,Denmark
Openweb,"Tel Aviv, Non-U.S.",14,2022-06,2022,0.05,1 - Low,0.14,Media,Series E,223,Israel
Swyft,"Toronto, Non-U.S.",10,2022-06,2022,0.3,3 - High,0.72,Logistics,Series A,20,Canada
Crehana,"Lima, Non-U.S.",,2022-06,2022,,Unknown,,Education,Series B,93,Peru
Jetclosing,Seattle,,2022-06,2022,1,4 - Critical,,Real Estate,Series B,44,United States
Coinbase,SF Bay Area,1100,2022-06,2022,0.18,4 - Critical,1.26,Crypto,Post-IPO,549,United States
Redfin,Seattle,470,2022-06,2022,0.08,2 - Medium,0.49,Real Estate,Post-IPO,319,United States
Compass,New York City,450,2022-06,2022,0.1,2 - Medium,0.61,Real Estate,Post-IPO,1600,United States
Sami,"Sao Paulo, Non-U.S.",75,2022-06,2022,0.15,2 - Medium,0.65,Healthcare,Unknown,36,Brazil
Breathe,"New Delhi, Non-U.S.",50,2022-06,2022,0.33,3 - High,1.30,Healthcare,Series A,6,India
Hunty,"Bogota, Non-U.S.",30,2022-06,2022,,1 - Low,,HR,Seed,6,Colombia
Tifin,Boulder,24,2022-06,2022,0.1,2 - Medium,0.32,Crypto,Series D,204,United States
Addi,"Bogota, Non-U.S.",,2022-06,2022,,Unknown,,Finance,Series C,376,Colombia
Shopee,"Singapore, Non-U.S.",,2022-06,2022,,Unknown,,Food,Unknown,,Singapore
Blockfi,New York City,250,2022-06,2022,0.2,3 - High,1.11,Crypto,Series E,1000,United States
Wave Sports And Entertainment,Los Angeles,56,2022-06,2022,0.33,3 - High,1.33,Media,Series B,65,United States
Studio,SF Bay Area,33,2022-06,2022,0.4,3 - High,1.41,Education,Series B,50,United States
Automox,Boulder,,2022-06,2022,,Unknown,,Infrastructure,Series C,152,United States
Desktop Metal,Boston,,2022-06,2022,0.12,2 - Medium,,Other,Post-IPO,811,United States
Crypto.Com,"Singapore, Non-U.S.",260,2022-06,2022,0.05,2 - Medium,0.28,Crypto,Unknown,156,Singapore
Fareye,"New Delhi, Non-U.S.",250,2022-06,2022,0.3,3 - High,1.66,Logistics,Series E,150,India
Berlin Brands Group,"Berlin, Non-U.S.",100,2022-06,2022,0.1,2 - Medium,0.46,Retail,Unknown,1000,Germany
Sanar,"Sao Paulo, Non-U.S.",60,2022-06,2022,0.2,3 - High,0.82,Healthcare,Unknown,11,Brazil
Freetrade,"London, Non-U.S.",45,2022-06,2022,0.15,2 - Medium,0.57,Finance,Unknown,133,United Kingdom
Albert,Los Angeles,20,2022-06,2022,0.08,1 - Low,0.24,Finance,Series C,175,United States
Keepe,Seattle,,2022-06,2022,,Unknown,,Real Estate,Unknown,6,United States
Liongard,Houston,,2022-06,2022,,Unknown,,Infrastructure,Series B,22,United States
Ziroom,"Beijing, Non-U.S.",,2022-06,2022,0.2,3 - High,,Real Estate,Unknown,2100,China
Onetrust,Atlanta,950,2022-06,2022,0.25,3 - High,1.71,Security,Series C,926,United States
Stitch Fix,SF Bay Area,330,2022-06,2022,0.15,2 - Medium,0.87,Retail,Post-IPO,79,United States
Daniel Wellington,"Stockholm, Non-U.S.",200,2022-06,2022,0.15,2 - Medium,0.80,Retail,Unknown,,Sweden
Convoy,Seattle,90,2022-06,2022,0.07,1 - Low,0.32,Logistics,Series E,1100,United States
Hologram,Chicago,80,2022-06,2022,0.4,3 - High,1.76,Infrastructure,Series B,82,United States
Boozt,"Malmo, Non-U.S.",70,2022-06,2022,0.05,1 - Low,0.21,Retail,Post-IPO,56,Sweden
The Grommet,Boston,40,2022-06,2022,1,4 - Critical,3.71,Retail,Acquired,5,United States
Stashaway,"Singapore, Non-U.S.",31,2022-06,2022,0.14,2 - Medium,0.49,Finance,Series D,61,Singapore
Preply,Boston,26,2022-06,2022,0.05,1 - Low,0.16,Education,Series C,100,United States
Jellysmack,New York City,,2022-06,2022,0.08,1 - Low,,Media,Series C,22,United States
Starship,SF Bay Area,,2022-06,2022,0.11,2 - Medium,,Transportation,Series B,197,United States
Trade Republic,"Berlin, Non-U.S.",,2022-06,2022,,Unknown,,Finance,Series C,1200,Germany
Sonder,SF Bay Area,250,2022-06,2022,0.21,3 - High,1.16,Travel,Post-IPO,839,United States
Kavak,"Sao Paulo, Non-U.S.",150,2022-06,2022,,2 - Medium,,Transportation,Series E,1600,Brazil
Truepill,SF Bay Area,150,2022-06,2022,0.15,2 - Medium,0.75,Healthcare,Series D,255,United States
Iprice Group,Kuala Lumpur,50,2022-06,2022,0.2,3 - High,0.79,Retail,Unknown,26,Malaysia
Memmo,"Stockholm, Non-U.S.",,2022-06,2022,0.4,3 - High,,Consumer,Unknown,24,Sweden
Cazoo,"London, Non-U.S.",750,2022-06,2022,0.15,3 - High,0.99,Transportation,Post-IPO,2000,United Kingdom
Cazoo,"London, Non-U.S.",750,2022-06,2022,0.15,3 - High,0.99,Transportation,Post-IPO,2000,United Kingdom
Rupeek,"Bengaluru, Non-U.S.",180,2022-06,2022,0.15,2 - Medium,0.78,Finance,Unknown,172,India
Lummo,"Jakarta, Non-U.S.",150,2022-06,2022,,2 - Medium,,Marketing,Series C,149,Indonesia
Bird,Los Angeles,138,2022-06,2022,0.23,3 - High,1.13,Transportation,Post-IPO,783,United States
Id.Me,Washington D.C.,130,2022-06,2022,,2 - Medium,,Security,Unknown,275,United States
Kiwico,SF Bay Area,40,2022-06,2022,,1 - Low,,Retail,Unknown,11,United States
Bond,SF Bay Area,,2022-06,2022,,Unknown,,Finance,Series A,42,United States
Cybercube,SF Bay Area,,2022-06,2022,,Unknown,,Finance,Series B,35,United States
Propzy,"Ho Chi Minh City, Non-U.S.",,2022-06,2022,0.5,4 - Critical,,Real Estate,Series A,33,Vietnam
Clearco,"Toronto, Non-U.S.",60,2022-06,2022,,1 - Low,,Finance,Series C,681,Canada
Dutchie,Bend,50,2022-06,2022,0.07,1 - Low,0.28,Other,Series D,603,United States
Clearco,"Dublin, Non-U.S.",,2022-06,2022,,Unknown,,Finance,Series C,681,Ireland
Deep Instinct,New York City,,2022-06,2022,0.1,2 - Medium,,Security,Series D,259,United States
Sendoso,SF Bay Area,,2022-06,2022,0.14,2 - Medium,,Marketing,Series C,152,United States
Eruditus,"Mumbai, Non-U.S.",40,2022-06,2022,,1 - Low,,Education,Series E,1200,India
Afterverse,"Brasilia, Non-U.S.",60,2022-06,2022,0.2,3 - High,0.82,Consumer,Unknown,,Brazil
Superhuman,SF Bay Area,23,2022-06,2022,0.22,3 - High,0.70,Consumer,Series C,108,United States
Food52,New York City,21,2022-06,2022,0.15,2 - Medium,0.46,Food,Acquired,176,United States
5B Solar,"Sydney, Non-U.S.",,2022-06,2022,0.25,3 - High,,Energy,Series A,12,Australia
Clubhouse,SF Bay Area,,2022-06,2022,,Unknown,,Consumer,Series C,110,United States
Tesla,Austin,,2022-06,2022,0.1,2 - Medium,,Transportation,Post-IPO,20200,United States
Carbon Health,SF Bay Area,250,2022-06,2022,0.08,2 - Medium,0.44,Healthcare,Series D,522,United States
Favo,"Sao Paulo, Non-U.S.",170,2022-06,2022,,2 - Medium,,Food,Series A,31,Brazil
Policygenius,New York City,170,2022-06,2022,0.25,3 - High,1.29,Finance,Series E,286,United States
Yojak,"Gurugram, Non-U.S.",140,2022-06,2022,0.5,4 - Critical,2.47,Construction,Seed,3,India
Envato,"Melbourne, Non-U.S.",100,2022-06,2022,,2 - Medium,,Marketing,Unknown,,Australia
Gemini,New York City,100,2022-06,2022,0.1,2 - Medium,0.46,Crypto,Unknown,423,United States
Stord,Atlanta,59,2022-06,2022,0.08,1 - Low,0.33,Logistics,Series D,325,United States
Gather,SF Bay Area,30,2022-06,2022,0.33,3 - High,1.13,Consumer,Series B,76,United States
Shef,SF Bay Area,29,2022-06,2022,,1 - Low,,Food,Series A,28,United States
Irl,SF Bay Area,25,2022-06,2022,0.25,3 - High,0.81,Consumer,Series C,197,United States
Esme Learning,Boston,,2022-06,2022,,Unknown,,Education,Unknown,37,United States
Kaodim,"Selangor, Non-U.S.",,2022-06,2022,1,4 - Critical,,Consumer,Series B,17,Malaysia
Rain,"Manama, Non-U.S.",,2022-06,2022,,Unknown,,Finance,Series B,202,Bahrain
Tomtom,"Amsterdam, Non-U.S.",500,2022-06,2022,0.1,3 - High,0.62,Transportation,Post-IPO,,Netherlands
Cybereason,Boston,100,2022-06,2022,0.06,2 - Medium,0.28,Security,Series F,750,United States
Udayy,"Gurugram, Non-U.S.",100,2022-06,2022,1,4 - Critical,4.62,Education,Seed,2,India
2Tm,"Sao Paulo, Non-U.S.",90,2022-06,2022,0.12,2 - Medium,0.54,Crypto,Unknown,250,Brazil
Curve,"London, Non-U.S.",65,2022-06,2022,0.1,2 - Medium,0.42,Finance,Series C,182,United Kingdom
Loom,SF Bay Area,34,2022-06,2022,0.14,2 - Medium,0.50,Product,Series C,203,United States
Skillshare,New York City,31,2022-06,2022,,1 - Low,,Education,Unknown,136,United States
Impala,"London, Non-U.S.",30,2022-06,2022,0.35,3 - High,1.20,Travel,Series B,32,United Kingdom
Eaze,SF Bay Area,25,2022-06,2022,,1 - Low,,Consumer,Series D,202,United States
Side,SF Bay Area,,2022-06,2022,0.1,2 - Medium,,Real Estate,Unknown,313,United States
Truck It In,"Karachi, Non-U.S.",,2022-06,2022,0.3,3 - High,,Logistics,Seed,17,Pakistan
Playtika,"Tel Aviv, Non-U.S.",250,2022-05,2022,0.06,2 - Medium,0.33,Consumer,Post-IPO,,Israel
Replicated,Los Angeles,50,2022-05,2022,,1 - Low,,Infrastructure,Series C,85,United States
Tomo,Stamford,44,2022-05,2022,0.33,3 - High,1.26,Finance,Series A,110,United States
Getta,"Tel Aviv, Non-U.S.",30,2022-05,2022,,1 - Low,,Transportation,Series A,49,Israel
Bookclub,Salt Lake City,12,2022-05,2022,0.25,3 - High,0.64,Education,Series A,26,United States
Cerebral,SF Bay Area,,2022-05,2022,,Unknown,,Healthcare,Series C,462,United States
Swvl,"Dubai, Non-U.S.",400,2022-05,2022,0.32,3 - High,1.92,Transportation,Post-IPO,132,United Arab Emirates
Mobile Premier League,"Bengaluru, Non-U.S.",100,2022-05,2022,0.1,2 - Medium,0.46,Consumer,Series E,375,India
Sumup,"Sao Paulo, Non-U.S.",100,2022-05,2022,0.03,2 - Medium,0.14,Finance,Unknown,50,Brazil
Tempus Ex,SF Bay Area,,2022-05,2022,,Unknown,,Data,Unknown,36,United States
Frontrow,"Bengaluru, Non-U.S.",145,2022-05,2022,0.3,3 - High,1.50,Education,Series A,17,India
Daloopa,"New Delhi, Non-U.S.",40,2022-05,2022,,1 - Low,,Data,Series A,23,India
Uncapped,"London, Non-U.S.",29,2022-05,2022,0.26,3 - High,0.88,Finance,Unknown,118,United Kingdom
Akerna,Denver,,2022-05,2022,,Unknown,,Logistics,Unknown,46,United States
Terminus,Atlanta,,2022-05,2022,,Unknown,,Marketing,Series C,120,United States
Terminus,Atlanta,,2022-05,2022,,Unknown,,Marketing,Unknown,192,United States
Vtex,"Sao Paulo, Non-U.S.",200,2022-05,2022,0.13,2 - Medium,0.69,Retail,Post-IPO,365,Brazil
Bitso,"Mexico City, Non-U.S.",80,2022-05,2022,0.11,2 - Medium,0.48,Crypto,Series C,378,Mexico
Foodpanda,"Bucharest, Non-U.S.",80,2022-05,2022,,1 - Low,,Food,Acquired,749,Romania
Dazn,"London, Non-U.S.",50,2022-05,2022,0.02,1 - Low,0.08,Consumer,Unknown,,United Kingdom
Lacework,SF Bay Area,300,2022-05,2022,0.2,3 - High,1.14,Security,Series D,1900,United States
Bolt,SF Bay Area,240,2022-05,2022,0.27,3 - High,1.48,Finance,Series E,1300,United States
Peerstreet,Los Angeles,75,2022-05,2022,,1 - Low,,Finance,Series C,121,United States
Kontist,"Berlin, Non-U.S.",50,2022-05,2022,0.25,3 - High,0.98,Finance,Series B,53,Germany
Nuri,"Berlin, Non-U.S.",45,2022-05,2022,0.2,3 - High,0.77,Finance,Series B,42,Germany
Coterie Insurance,Cincinnati,30,2022-05,2022,0.2,3 - High,0.69,Finance,Series B,70,United States
Airlift,"Lahore, Non-U.S.",,2022-05,2022,0.31,3 - High,,Logistics,Series B,109,Pakistan
Getir,"Istanbul, Non-U.S.",,2022-05,2022,0.14,2 - Medium,,Food,Series E,1800,Turkey
Zapp,"London, Non-U.S.",,2022-05,2022,0.1,2 - Medium,,Food,Unknown,300,United Kingdom
Gorillas,"Berlin, Non-U.S.",300,2022-05,2022,0.5,4 - Critical,2.85,Food,Series C,1300,Germany
Zenius,"Jakarta, Non-U.S.",200,2022-05,2022,,2 - Medium,,Education,Series B,20,Indonesia
The Zebra,Austin,40,2022-05,2022,,1 - Low,,Finance,Series D,256,United States
Klarna,"Stockholm, Non-U.S.",700,2022-05,2022,0.1,3 - High,0.66,Finance,Unknown,3700,Sweden
Paypal,SF Bay Area,83,2022-05,2022,,1 - Low,,Finance,Post-IPO,216,United States
Buenbit,"Buenos Aires, Non-U.S.",80,2022-05,2022,0.45,3 - High,1.98,Crypto,Series A,11,Argentina
Beyondminds,"Tel Aviv, Non-U.S.",65,2022-05,2022,1,4 - Critical,4.19,Data,Series A,16,Israel
Clickup,San Diego,60,2022-05,2022,0.07,1 - Low,0.29,Other,Series C,537,United States
Airtime,New York City,30,2022-05,2022,0.2,3 - High,0.69,Consumer,Series B,33,United States
Olist,"Curitiba, Non-U.S.",,2022-05,2022,,Unknown,,Retail,Series E,322,Brazil
Mfine,"Bengaluru, Non-U.S.",600,2022-05,2022,0.75,4 - Critical,4.80,Healthcare,Series C,97,India
Latch,New York City,130,2022-05,2022,0.28,3 - High,1.37,Security,Post-IPO,342,United States
Outside,Boulder,87,2022-05,2022,0.15,2 - Medium,0.67,Media,Series B,174,United States
Skillz,SF Bay Area,70,2022-05,2022,0.1,2 - Medium,0.43,Consumer,Post-IPO,287,United States
Cars24,"Gurugram, Non-U.S.",600,2022-05,2022,0.06,3 - High,0.38,Transportation,Series G,1300,India
Vedantu,"Bengaluru, Non-U.S.",424,2022-05,2022,0.07,2 - Medium,0.42,Education,Series E,292,India
Netflix,SF Bay Area,150,2022-05,2022,0.01,2 - Medium,0.05,Media,Post-IPO,121900,United States
Kry,"Stockholm, Non-U.S.",100,2022-05,2022,0.1,2 - Medium,0.46,Healthcare,Series D,568,Sweden
Picsart,Miami,90,2022-05,2022,0.08,1 - Low,0.36,Consumer,Series C,195,United States
Zak,"Sao Paulo, Non-U.S.",100,2022-05,2022,0.4,3 - High,1.85,Food,Series A,29,Brazil
Zulily,Seattle,,2022-05,2022,,Unknown,,Retail,Acquired,194,United States
Aliexpress Russia,"Moscow, Non-U.S.",400,2022-05,2022,0.4,3 - High,2.40,Retail,Acquired,60,Russia
Thirty Madison,New York City,24,2022-05,2022,,1 - Low,,Healthcare,Acquired,209,United States
Commonbond,New York City,22,2022-05,2022,,1 - Low,,Finance,Series D,130,United States
Subspace,Los Angeles,,2022-05,2022,1,4 - Critical,,Infrastructure,Series B,,United States
Zwift,Los Angeles,150,2022-05,2022,,2 - Medium,,Fitness,Series C,619,United States
Section4,New York City,32,2022-05,2022,,1 - Low,,Education,Series A,37,United States
Tripwire,Portland,,2022-05,2022,,Unknown,,Security,Acquired,29,United States
Datarobot,Boston,70,2022-05,2022,0.07,1 - Low,0.30,Data,Series G,1000,United States
Carvana,Phoenix,2500,2022-05,2022,0.12,4 - Critical,0.94,Transportation,Post-IPO,1600,United States
Doma,SF Bay Area,310,2022-05,2022,0.15,2 - Medium,0.86,Finance,Post-IPO,679,United States
Pollen,"London, Non-U.S.",200,2022-05,2022,0.33,3 - High,1.75,Travel,Series C,238,United Kingdom
Latch,New York City,30,2022-05,2022,0.06,1 - Low,0.21,Security,Post-IPO,342,United States
Meero,"Paris, Non-U.S.",350,2022-05,2022,0.5,4 - Critical,2.93,Other,Series C,293,France
Vroom,New York City,270,2022-05,2022,0.14,2 - Medium,0.78,Transportation,Post-IPO,1300,United States
Reef,Miami,750,2022-05,2022,0.05,3 - High,0.33,Transportation,Unknown,1500,United States
Divvydose,Davenport,62,2022-05,2022,,1 - Low,,Healthcare,Acquired,,United States
Vedantu,"Bengaluru, Non-U.S.",200,2022-05,2022,0.03,2 - Medium,0.16,Education,Series E,292,India
Progrexion,Salt Lake City,100,2022-05,2022,,2 - Medium,,Finance,Acquired,202,United States
Mural,SF Bay Area,90,2022-05,2022,0.1,2 - Medium,0.45,Product,Series C,192,United States
On Deck,SF Bay Area,72,2022-05,2022,0.25,3 - High,1.07,Education,Series A,20,United States
Send,"Sydney, Non-U.S.",300,2022-05,2022,1,4 - Critical,5.71,Food,Seed,3,Australia
Colossus,Boston,97,2022-05,2022,,1 - Low,,Energy,Series A,41,United States
Cameo,Chicago,87,2022-05,2022,0.25,3 - High,1.12,Consumer,Unknown,165,United States
Mainstreet,SF Bay Area,45,2022-05,2022,0.3,3 - High,1.15,Finance,Series A,64,United States
Ideoclick,Seattle,40,2022-05,2022,,1 - Low,,Retail,Series A,7,United States
Vise,New York City,25,2022-05,2022,,1 - Low,,Finance,Series C,128,United States
Bizpay,"Sydney, Non-U.S.",,2022-05,2022,0.3,3 - High,,Finance,Unknown,45,Australia
Thrasio,Boston,,2022-05,2022,,Unknown,,Retail,Unknown,3400,United States
Avo,"Tel Aviv, Non-U.S.",500,2022-05,2022,0.67,4 - Critical,4.17,Food,Series B,45,Israel
Noom,New York City,495,2022-04,2022,,2 - Medium,,Healthcare,Series F,657,United States
Domestika,SF Bay Area,150,2022-04,2022,0.19,2 - Medium,0.95,Education,Series D,130,United States
Netflix,SF Bay Area,25,2022-04,2022,,1 - Low,,Media,Post-IPO,121900,United States
Wahoo Fitness,Atlanta,50,2022-04,2022,,1 - Low,,Fitness,Unknown,,United States
Robinhood,SF Bay Area,340,2022-04,2022,0.09,2 - Medium,0.52,Finance,Post-IPO,5600,United States
Bonsai,"Toronto, Non-U.S.",29,2022-04,2022,0.34,3 - High,1.16,Retail,Series A,27,Canada
Sigfox,"Toulouse, Non-U.S.",64,2022-04,2022,,1 - Low,,Other,Acquired,277,France
Clyde,New York City,22,2022-04,2022,,1 - Low,,Marketing,Series B,58,United States
Xiaohongshu,"Shanghai, Non-U.S.",180,2022-04,2022,0.09,2 - Medium,0.47,Consumer,Series E,917,China
Facily,"Sao Paulo, Non-U.S.",260,2022-04,2022,0.3,3 - High,1.67,Retail,Series D,502,Brazil
Lemonade,New York City,52,2022-04,2022,,1 - Low,,Finance,Post-IPO,481,United States
Blend,SF Bay Area,200,2022-04,2022,0.1,2 - Medium,0.53,Finance,Post-IPO,665,United States
Quintoandar,"Sao Paulo, Non-U.S.",160,2022-04,2022,0.04,2 - Medium,0.20,Real Estate,Series E,755,Brazil
Loft,"Sao Paulo, Non-U.S.",159,2022-04,2022,,2 - Medium,,Real Estate,Unknown,788,Brazil
Better.Com,New York City,,2022-04,2022,,Unknown,,Real Estate,Unknown,905,United States
Automox,Boulder,,2022-04,2022,0.11,2 - Medium,,Infrastructure,Series C,152,United States
Humble,SF Bay Area,10,2022-04,2022,,1 - Low,,Media,Acquired,4,United States
Halcyon Health,New York City,,2022-04,2022,1,4 - Critical,,Healthcare,Unknown,2,United States
Ahead,SF Bay Area,44,2022-04,2022,1,4 - Critical,3.81,Healthcare,Unknown,9,United States
Truepill,SF Bay Area,,2022-04,2022,,Unknown,,Healthcare,Series D,255,United States
Rad Power Bikes,Seattle,100,2022-04,2022,0.14,2 - Medium,0.65,Transportation,Series D,329,United States
Meesho,"Bengaluru, Non-U.S.",150,2022-04,2022,,2 - Medium,,Retail,Series F,1100,India
Food52,New York City,20,2022-04,2022,0.1,2 - Medium,0.30,Food,Acquired,176,United States
Unacademy,"Bengaluru, Non-U.S.",1000,2022-04,2022,0.17,4 - Critical,1.17,Education,Series H,838,India
Goodfood,"Calgary, Non-U.S.",70,2022-04,2022,,1 - Low,,Food,Post-IPO,16,Canada
Workrise,Austin,450,2022-04,2022,,2 - Medium,,Energy,Series E,752,United States
Fast,SF Bay Area,,2022-04,2022,1,4 - Critical,,Finance,Series B,124,United States
Bitmex,Non-U.S.,75,2022-04,2022,0.25,3 - High,1.08,Crypto,Seed,,Seychelles
Legible,"Vancouver, Non-U.S.",23,2022-04,2022,0.38,3 - High,1.21,Media,Post-IPO,3,Canada
Lightico,"Tel Aviv, Non-U.S.",20,2022-03,2022,,1 - Low,,Finance,Series B,42,Israel
Sea,"Bengaluru, Non-U.S.",350,2022-03,2022,,2 - Medium,,Retail,Post-IPO,8600,India
Rasa,"Berlin, Non-U.S.",59,2022-03,2022,0.4,3 - High,1.64,Data,Series B,40,Germany
Gopuff,Philadelphia,450,2022-03,2022,0.03,2 - Medium,0.18,Food,Series H,3400,United States
Thinkific,"Vancouver, Non-U.S.",100,2022-03,2022,0.2,3 - High,0.92,Education,Post-IPO,22,Canada
Furlenco,"Bengaluru, Non-U.S.",180,2022-03,2022,,2 - Medium,,Retail,Series D,228,India
Grove Collaborative,SF Bay Area,,2022-03,2022,0.17,2 - Medium,,Retail,Series E,474,United States
Storytel,"Stockholm, Non-U.S.",100,2022-03,2022,0.1,2 - Medium,0.46,Media,Post-IPO,275,Sweden
Curology,SF Bay Area,150,2022-03,2022,,2 - Medium,,Healthcare,Series D,19,United States
Trell,"Bengaluru, Non-U.S.",300,2022-03,2022,0.5,4 - Critical,2.85,Retail,Series B,62,India
Knock,New York City,115,2022-03,2022,0.46,3 - High,2.19,Real Estate,Unknown,654,United States
Talis Biomedical,SF Bay Area,,2022-03,2022,0.25,3 - High,,Healthcare,Post-IPO,8,United States
Sezzle,Minneapolis,,2022-03,2022,0.2,3 - High,,Finance,Post-IPO,301,United States
Better.Com,New York City,3000,2022-03,2022,0.33,4 - Critical,2.64,Real Estate,Unknown,905,United States
Adaptive Biotechnologies,Seattle,100,2022-03,2022,0.12,2 - Medium,0.55,Healthcare,Post-IPO,406,United States
Hyperscience,New York City,100,2022-03,2022,0.25,3 - High,1.15,Data,Series E,289,United States
Wedoctor,Non-U.S.,500,2022-03,2022,,3 - High,,Healthcare,Series F,1400,China
Wish,SF Bay Area,190,2022-03,2022,0.15,2 - Medium,0.79,Retail,Post-IPO,1600,United States
Ifit,Logan,,2022-02,2022,,Unknown,,Fitness,Private Equity,200,United States
Okcredit,"New Delhi, Non-U.S.",30,2022-02,2022,,1 - Low,,Finance,Series B,85,India
Lido,"Mumbai, Non-U.S.",150,2022-02,2022,,2 - Medium,,Education,Series A,24,India
Virgin Hyperloop,Los Angeles,111,2022-02,2022,0.5,4 - Critical,2.36,Transportation,Unknown,368,United States
Trustly,"Stockholm, Non-U.S.",120,2022-02,2022,,2 - Medium,,Finance,Acquired,28,Sweden
Liv Up,"Sao Paulo, Non-U.S.",100,2022-02,2022,0.15,2 - Medium,0.69,Food,Series D,118,Brazil
Homie,Salt Lake City,119,2022-02,2022,0.29,3 - High,1.39,Real Estate,Series B,35,United States
Hopin,"London, Non-U.S.",138,2022-02,2022,0.12,2 - Medium,0.59,Other,Series D,1000,United Kingdom
Daily Harvest,New York City,60,2022-02,2022,0.2,3 - High,0.82,Food,Series D,120,United States
Peloton,New York City,2800,2022-02,2022,0.2,4 - Critical,1.59,Fitness,Post-IPO,1900,United States
Defined.Ai,Seattle,,2022-02,2022,,Unknown,,Data,Series B,78,United States
Rhino,New York City,57,2022-02,2022,0.2,3 - High,0.81,Real Estate,Unknown,133,United States
Gopuff,Philadelphia,100,2022-01,2022,,2 - Medium,,Food,Series H,3400,United States
Glossier,New York City,80,2022-01,2022,0.33,3 - High,1.45,Consumer,Series E,266,United States
Root Insurance,Columbus,330,2022-01,2022,,2 - Medium,,Finance,Post-IPO,527,United States
Protonn,"Bengaluru, Non-U.S.",,2022-01,2022,1,4 - Critical,,Other,Seed,9,India
Spin,SF Bay Area,,2022-01,2022,0.25,3 - High,,Transportation,Acquired,8,United States
Delivery Hero,"Berlin, Non-U.S.",300,2021-12,2021,,2 - Medium,,Food,Post-IPO,8300,Germany
Ifit,Logan,,2021-12,2021,,Unknown,,Fitness,Private Equity,200,United States
Better.Com,New York City,900,2021-12,2021,0.09,3 - High,0.61,Real Estate,Unknown,905,United States
Bittitan,Seattle,70,2021-11,2021,0.27,3 - High,1.15,Data,Acquired,46,United States
Zillow,Seattle,2000,2021-11,2021,0.25,4 - Critical,1.90,Real Estate,Post-IPO,97,United States
Invision,New York City,22,2021-10,2021,,1 - Low,,Product,Unknown,356,United States
Ozy Media,SF Bay Area,,2021-10,2021,1,4 - Critical,,Media,Series C,70,United States
Zymergen,SF Bay Area,120,2021-09,2021,,2 - Medium,,Other,Post-IPO,974,United States
Imperfect Foods,SF Bay Area,,2021-09,2021,,Unknown,,Food,Series D,229,United States
Genius,New York City,,2021-09,2021,,Unknown,,Consumer,Acquired,78,United States
Treehouse,Portland,41,2021-09,2021,0.9,4 - Critical,3.36,Education,Series B,12,United States
Casper,New York City,,2021-09,2021,,Unknown,,Retail,Post-IPO,339,United States
Tanium,Seattle,30,2021-08,2021,,1 - Low,,Security,Unknown,1000,United States
Flockjay,SF Bay Area,37,2021-08,2021,0.5,4 - Critical,1.82,Education,Series A,14,United States
Bytedance,"Shanghai, Non-U.S.",1800,2021-08,2021,,4 - Critical,,Consumer,Unknown,9400,China
Pagarbook,"Bengaluru, Non-U.S.",80,2021-07,2021,,1 - Low,,HR,Series A,17,India
Katerra,SF Bay Area,2434,2021-06,2021,1,4 - Critical,7.80,Construction,Unknown,1600,United States
Sumup,"London, Non-U.S.",,2021-05,2021,,Unknown,,Finance,Unknown,53,United Kingdom
Lambda School,SF Bay Area,65,2021-04,2021,,1 - Low,,Education,Series C,122,United States
Madefire,SF Bay Area,,2021-04,2021,1,4 - Critical,,Media,Series B,16,United States
Patreon,SF Bay Area,36,2021-04,2021,,1 - Low,,Media,Series D,165,United States
New Relic,SF Bay Area,160,2021-04,2021,0.07,2 - Medium,0.36,Infrastructure,Post-IPO,214.5,United States
Medium,SF Bay Area,,2021-03,2021,,Unknown,,Media,Series C,132,United States
Huffpo,New York City,47,2021-03,2021,,1 - Low,,Media,Acquired,37,United States
Subspace,Los Angeles,,2021-03,2021,,Unknown,,Infrastructure,Series B,,United States
Clumio,SF Bay Area,,2021-03,2021,,Unknown,,Data,Series C,186,United States
Dji,SF Bay Area,,2021-02,2021,,Unknown,,Consumer,Unknown,105,United States
Ninjacart,"Bengaluru, Non-U.S.",200,2021-02,2021,,2 - Medium,,Food,Unknown,194,India
Bounce,"Bengaluru, Non-U.S.",200,2021-02,2021,0.4,3 - High,2.12,Transportation,Series D,214.2,India
Thredup,Chicago,243,2021-02,2021,,2 - Medium,,Retail,Series F,305,United States
Indigo,Boston,80,2021-02,2021,,1 - Low,,Other,Series F,1200,United States
Limelight,New York City,13,2021-02,2021,1,4 - Critical,2.64,Recruiting,Unknown,,United States
Quandoo,"Berlin, Non-U.S.",87,2021-02,2021,0.2,3 - High,0.90,Food,Acquired,39,Germany
Hubba,"Toronto, Non-U.S.",45,2021-02,2021,1,4 - Critical,3.83,Retail,Series B,61,Canada
Bytedance,"Mumbai, Non-U.S.",1800,2021-01,2021,,4 - Critical,,Consumer,Unknown,7400,India
Privitar,"London, Non-U.S.",20,2021-01,2021,,1 - Low,,Data,Series C,150,United Kingdom
Shutterfly,SF Bay Area,800,2021-01,2021,,3 - High,,Retail,Acquired,50,United States
Postmates,SF Bay Area,180,2021-01,2021,0.15,2 - Medium,0.78,Food,Acquired,763,United States
Instacart,SF Bay Area,1877,2021-01,2021,,4 - Critical,,Food,Unknown,2400,United States
Pocketmath,Singapore,21,2021-01,2021,1,4 - Critical,3.09,Marketing,Unknown,20,Singapore
Dropbox,SF Bay Area,315,2021-01,2021,0.15,2 - Medium,0.86,Other,Post-IPO,1700,United States
Aura Financial,SF Bay Area,,2021-01,2021,1,4 - Critical,,Finance,Unknown,584,United States
Simple,Portland,,2021-01,2021,1,4 - Critical,,Finance,Acquired,15,United States
Whitehat Jr,"Mumbai, Non-U.S.",1800,2021-01,2021,,4 - Critical,,Education,Acquired,11,India
Pulse Secure,SF Bay Area,78,2020-12,2020,,1 - Low,,Security,Acquired,,United States
Breather,"Montreal, Non-U.S.",120,2020-12,2020,0.8,4 - Critical,3.84,Real Estate,Series D,131,Canada
Actifio,Boston,54,2020-12,2020,,1 - Low,,Data,Acquired,352,United States
Oyo,"Gurugram, Non-U.S.",600,2020-12,2020,,3 - High,,Travel,Series F,3200,India
Zinier,SF Bay Area,,2020-11,2020,,Unknown,,HR,Series C,120,United States
Aya,"Toronto, Non-U.S.",5,2020-11,2020,0.25,3 - High,0.45,Finance,Seed,3,Canada
Domio,New York City,,2020-11,2020,0.5,4 - Critical,,Real Estate,Series B,116,United States
Bridge Connector,Nashville,154,2020-11,2020,1,4 - Critical,5.04,Healthcare,Series B,45,United States
Tidepool,SF Bay Area,18,2020-11,2020,0.4,3 - High,1.18,Healthcare,Unknown,,United States
Igenous,Seattle,,2020-11,2020,,Unknown,,Data,Series C,67,United States
Scoop,SF Bay Area,,2020-11,2020,,Unknown,,Transportation,Series C,95,United States
Worksmith,Austin,30,2020-11,2020,0.5,4 - Critical,1.72,Retail,Unknown,3.8,United States
Rubica,Seattle,,2020-11,2020,1,4 - Critical,,Security,Series A,14,United States
Bossa Nova,SF Bay Area,,2020-11,2020,0.5,4 - Critical,,Retail,Unknown,101.6,United States
Liveperson,New York City,30,2020-11,2020,,1 - Low,,Support,Post-IPO,42,United States
Remedy,Austin,82,2020-10,2020,,1 - Low,,Healthcare,Series A,12.5,United States
Knotel,New York City,20,2020-10,2020,0.08,1 - Low,0.24,Real Estate,Series C,560,United States
Cheetah,SF Bay Area,,2020-10,2020,,Unknown,,Food,Series B,67,United States
Codecombat,SF Bay Area,8,2020-10,2020,,1 - Low,,Education,Series A,8,United States
Quibi,Los Angeles,,2020-10,2020,1,4 - Critical,,Media,Private Equity,1800,United States
Zomato,"Jakarta, Non-U.S.",,2020-10,2020,,Unknown,,Food,Series J,914,Indonesia
Getyourguide,"Berlin, Non-U.S.",90,2020-10,2020,0.17,2 - Medium,0.77,Travel,Series E,656,Germany
Olx India,"New Delhi, Non-U.S.",250,2020-10,2020,,2 - Medium,,Marketing,Acquired,28,India
Chef,Seattle,,2020-10,2020,,Unknown,,Infrastructure,Acquired,105,United States
Alto Pharmacy,SF Bay Area,47,2020-09,2020,0.06,1 - Low,0.23,Healthcare,Series D,356,United States
Thewrap,Los Angeles,,2020-09,2020,,Unknown,,Media,Series B,3.5,United States
Humanforest,"London, Non-U.S.",,2020-09,2020,,Unknown,,Transportation,Private Equity,1.54,United Kingdom
Wework,"Shenzen, Non-U.S.",,2020-09,2020,,Unknown,,Real Estate,Series H,19500,China
Air,New York City,,2020-09,2020,0.16,2 - Medium,,Marketing,Series A,18,United States
Ns8,Las Vegas,240,2020-09,2020,0.95,4 - Critical,5.21,Data,Series A,157.9,United States
Bleacher Report,"London, Non-U.S.",20,2020-09,2020,,1 - Low,,Media,Acquired,40.5,United Kingdom
Hubhaus,SF Bay Area,,2020-09,2020,1,4 - Critical,,Real Estate,Series A,13.4,United States
Waze,SF Bay Area,30,2020-09,2020,0.054,1 - Low,0.19,Transportation,Acquired,67,United States
Ouster,SF Bay Area,,2020-09,2020,0.1,2 - Medium,,Transportation,Series B,132,United States
Swing Education,SF Bay Area,,2020-09,2020,,Unknown,,Education,Series B,22.8,United States
Akerna,Denver,,2020-09,2020,,Unknown,,Logistics,Post-IPO,,United States
Awok,"Dubai, Non-U.S.",,2020-09,2020,1,4 - Critical,,Retail,Series A,30,United Arab Emirates
Big Fish Games,Seattle,250,2020-09,2020,,2 - Medium,,Media,Acquired,95.2,United States
Gobear,"Singapore, Non-U.S.",22,2020-09,2020,0.11,2 - Medium,0.34,Finance,Unknown,97,Singapore
Makemytrip,"New Delhi, Non-U.S.",350,2020-08,2020,0.1,2 - Medium,0.59,Travel,Post-IPO,548,India
Salesforce,SF Bay Area,1000,2020-08,2020,0.0185,4 - Critical,0.13,Sales,Post-IPO,65.4,United States
Kununu,Boston,,2020-08,2020,,Unknown,,Recruiting,Acquired,,United States
Superloop,"Brisbane, Non-U.S.",30,2020-08,2020,,1 - Low,,Infrastructure,Post-IPO,36,Australia
Spaces,Los Angeles,,2020-08,2020,,Unknown,,Media,Acquired,9.5,United States
Streamsets,SF Bay Area,,2020-08,2020,,Unknown,,Data,Series C,76.2,United States
Docly,"London, Non-U.S.",8,2020-08,2020,0.8,4 - Critical,1.76,Healthcare,Seed,15.5,United Kingdom
Mapify,"Berlin, Non-U.S.",,2020-08,2020,,Unknown,,Travel,Seed,1.3,Germany
Lumina Networks,SF Bay Area,,2020-08,2020,1,4 - Critical,,Infrastructure,Series A,10,United States
Dji,"Shenzen, Non-U.S.",,2020-08,2020,,Unknown,,Consumer,Unknown,105,China
Shopify,"Ottawa, Non-U.S.",30,2020-08,2020,,1 - Low,,Retail,Post-IPO,122.3,Canada
Invision,New York City,,2020-08,2020,,Unknown,,Product,Series F,350.2,United States
Hopskipdrive,Los Angeles,,2020-08,2020,,Unknown,,Transportation,Unknown,45,United States
Mozilla,SF Bay Area,250,2020-08,2020,0.25,3 - High,1.38,Consumer,Unknown,2.3,United States
Eatsy,"Singapore, Non-U.S.",20,2020-08,2020,1,4 - Critical,3.04,Food,Seed,0.9755,Singapore
Glossier,New York City,150,2020-08,2020,0.38,3 - High,1.91,Retail,Series D,186.4,United States
The Appraisal Lane,"Montevideo, Non-U.S.",,2020-08,2020,,Unknown,,Transportation,Seed,1.8,Uruguay
Thriver,"Toronto, Non-U.S.",75,2020-08,2020,0.5,4 - Critical,2.17,Food,Series B,53,Canada
Vesta,Atlanta,56,2020-08,2020,,1 - Low,,Sales,Unknown,20,United States
Booking.Com,"Amsterdam, Non-U.S.",4375,2020-07,2020,0.25,4 - Critical,2.10,Travel,Acquired,,Netherlands
Buy.Com / Rakuten,SF Bay Area,87,2020-07,2020,1,4 - Critical,4.48,Retail,Acquired,42.4,United States
Tzero,New York City,,2020-07,2020,,Unknown,,Finance,Acquired,472,United States
Pared,SF Bay Area,,2020-07,2020,,Unknown,,Food,Unknown,13,United States
Procore,Los Angeles,180,2020-07,2020,0.09,2 - Medium,0.47,Construction,Unknown,649,United States
Swiggy,"Bengaluru, Non-U.S.",350,2020-07,2020,0.05,2 - Medium,0.29,Food,Series I,1600,India
Zeitgold,"Berlin, Non-U.S.",75,2020-07,2020,0.72,4 - Critical,3.12,Finance,Series B,60.18,Germany
Perkbox,"London, Non-U.S.",,2020-07,2020,,Unknown,,HR,Unknown,29.7,United Kingdom
Checkr,SF Bay Area,64,2020-07,2020,0.12,2 - Medium,0.50,HR,Series D,309,United States
Sorabel,"Jakarta, Non-U.S.",,2020-07,2020,1,4 - Critical,,Retail,Series B,27,Indonesia
Linkedin,SF Bay Area,960,2020-07,2020,0.06,3 - High,0.41,Recruiting,Acquired,154,United States
Lighter Capital,Seattle,22,2020-07,2020,0.49,3 - High,1.54,Finance,Series B,15,United States
Curefit,"Bengaluru, Non-U.S.",120,2020-07,2020,,2 - Medium,,Fitness,Series D,404.6,India
Snaptravel,"Toronto, Non-U.S.",,2020-07,2020,,Unknown,,Travel,Series A,22.4,Canada
Optimizely,SF Bay Area,60,2020-07,2020,0.15,2 - Medium,0.62,Marketing,Series D,251.2,United States
Skyscanner,"Edinburgh, Non-U.S.",300,2020-07,2020,0.2,3 - High,1.14,Travel,Acquired,197.2,United Kingdom
Vox Media,Washington D.C.,,2020-07,2020,,Unknown,,Media,Series F,307.6,United States
Yelp,SF Bay Area,63,2020-07,2020,,1 - Low,,Consumer,Post-IPO,56,United States
Bizongo,"Mumbai, Non-U.S.",140,2020-07,2020,,2 - Medium,,Logistics,Series C,70,India
Zilingo,"Singapore, Non-U.S.",100,2020-07,2020,0.12,2 - Medium,0.55,Retail,Series D,307,Singapore
Paysense,"Mumbai, Non-U.S.",40,2020-07,2020,,1 - Low,,Finance,Acquired,25.6,India
Funding Circle,SF Bay Area,85,2020-07,2020,,1 - Low,,Finance,Post-IPO,746,United States
Ondeck,New York City,,2020-07,2020,,Unknown,,Finance,Post-IPO,1200,United States
The Wing,New York City,56,2020-07,2020,,1 - Low,,Real Estate,Series C,117,United States
Sharethrough,SF Bay Area,18,2020-07,2020,,1 - Low,,Marketing,Series D,38,United States
Kongregate,SF Bay Area,12,2020-07,2020,,1 - Low,,Media,Series C,19,United States
Havenly,Denver,5,2020-07,2020,,1 - Low,,Consumer,Series C,57.8,United States
G2,Chicago,17,2020-06,2020,0.05,1 - Low,0.14,Marketing,Series C,100.8,United States
Hired,SF Bay Area,,2020-06,2020,,Unknown,,Recruiting,Series D,132,United States
Katerra,SF Bay Area,400,2020-06,2020,0.07,2 - Medium,0.42,Construction,Series E,1300,United States
Bounce,"Bengaluru, Non-U.S.",130,2020-06,2020,0.22,3 - High,1.07,Transportation,Series D,214.2,India
Argo Ai,"Munich, Non-U.S.",100,2020-06,2020,,2 - Medium,,Transportation,Unknown,3600,Germany
Bossa Nova,SF Bay Area,61,2020-06,2020,,1 - Low,,Retail,Unknown,101.6,United States
New Relic,Portland,20,2020-06,2020,,1 - Low,,Infrastructure,Post-IPO,214.5,United States
Engine Ecommerce,Fayetteville,,2020-06,2020,1,4 - Critical,,Retail,Unknown,4,United States
Byton,SF Bay Area,,2020-06,2020,,Unknown,,Transportation,Series C,1200,United States
Sprinklr,New York City,,2020-06,2020,,Unknown,,Support,Series F,228,United States
Godaddy,Austin,451,2020-06,2020,0.06,2 - Medium,0.37,Marketing,Post-IPO,,United States
Sonos,New York City,174,2020-06,2020,0.12,2 - Medium,0.62,Consumer,Post-IPO,455.2,United States
Oyo,Dallas,,2020-06,2020,,Unknown,,Travel,Series F,3200,United States
Gojek,"Jakarta, Non-U.S.",430,2020-06,2020,0.09,2 - Medium,0.55,Transportation,Series F,4800,Indonesia
Scalefactor,Austin,90,2020-06,2020,0.9,4 - Critical,4.06,Finance,Series C,103,United States
Dark,SF Bay Area,6,2020-06,2020,1,4 - Critical,1.95,Product,Seed,3,United States
Intuit,SF Bay Area,715,2020-06,2020,0.07,3 - High,0.46,Finance,Post-IPO,18,United States
Wework,"London, Non-U.S.",200,2020-06,2020,,2 - Medium,,Real Estate,Series H,19500,United Kingdom
Atlas Obscura,New York City,15,2020-06,2020,,1 - Low,,Media,Series B,32,United States
Navi,"Bengaluru, Non-U.S.",40,2020-06,2020,0.25,3 - High,0.93,Finance,Private Equity,582,India
Paisabazaar,"Gurugram, Non-U.S.",1500,2020-06,2020,0.5,4 - Critical,3.66,Finance,Series G,496,India
Grab,"Singapore, Non-U.S.",360,2020-06,2020,0.05,2 - Medium,0.29,Transportation,Series I,9900,Singapore
Splunk,SF Bay Area,70,2020-06,2020,0.01,1 - Low,0.04,Data,Post-IPO,40,United States
Redox,Madison,44,2020-06,2020,0.25,3 - High,0.95,Healthcare,Series C,50,United States
Conga,Denver,,2020-06,2020,0.11,2 - Medium,,Data,Acquired,117,United States
Stockwell Ai,SF Bay Area,,2020-06,2020,1,4 - Critical,,Retail,Series B,10,United States
Uber,"Amsterdam, Non-U.S.",225,2020-06,2020,0.25,3 - High,1.36,Transportation,Post-IPO,24700,Netherlands
Synapsefi,SF Bay Area,63,2020-06,2020,0.48,3 - High,2.00,Finance,Series B,50,United States
Scalefocus,"Sofia, Non-U.S.",120,2020-06,2020,0.1,2 - Medium,0.48,Infrastructure,Unknown,,Bulgaria
Branch,New York City,3,2020-06,2020,0.27,3 - High,0.37,Retail,Seed,2,United States
Her Campus Media,Boston,10,2020-06,2020,0.18,2 - Medium,0.43,Media,Unknown,,United States
Integrate.Ai,"Toronto, Non-U.S.",26,2020-06,2020,,1 - Low,,Support,Unknown,39.6,Canada
The Athletic,SF Bay Area,46,2020-06,2020,0.08,1 - Low,0.31,Media,Series D,139,United States
Ethos Life,SF Bay Area,18,2020-06,2020,0.14,2 - Medium,0.41,Finance,Series C,106,United States
Lastline,SF Bay Area,50,2020-06,2020,0.4,3 - High,1.57,Security,Series C,52,United States
Builder,Los Angeles,39,2020-06,2020,0.14,2 - Medium,0.52,Product,Series A,29,United States
Outdoorsy,SF Bay Area,,2020-06,2020,,Unknown,,Transportation,Series C,75,United States
Monzo,"London, Non-U.S.",120,2020-06,2020,0.08,2 - Medium,0.38,Finance,Series F,324,United Kingdom
Kitty Hawk,SF Bay Area,70,2020-06,2020,,1 - Low,,Aerospace,Unknown,1,United States
Spothero,Chicago,40,2020-06,2020,0.21,3 - High,0.78,Transportation,Series D,117,United States
Credit Sesame,SF Bay Area,22,2020-06,2020,0.14,2 - Medium,0.44,Finance,Series F,120,United States
Circ,"Berlin, Non-U.S.",100,2020-06,2020,,2 - Medium,,Transportation,Acquired,55,Germany
Rivian,Detroit,40,2020-06,2020,0.02,1 - Low,0.07,Transportation,Private Equity,3100,United States
Fundbox,SF Bay Area,14,2020-06,2020,0.15,2 - Medium,0.41,Finance,Series C,453,United States
Descartes Labs,Santa Fe,12,2020-06,2020,0.16,2 - Medium,0.41,Data,Series B,58,United States
Makerbot,New York City,12,2020-06,2020,,1 - Low,,Consumer,Acquired,10,United States
Stitch Fix,SF Bay Area,1400,2020-06,2020,0.18,4 - Critical,1.30,Retail,Post-IPO,79,United States
Makemytrip,"Gurugram, Non-U.S.",350,2020-06,2020,0.1,2 - Medium,0.59,Travel,Post-IPO,548,India
Crowdstreet,Portland,24,2020-06,2020,0.22,3 - High,0.71,Real Estate,Series C,24,United States
Brex,SF Bay Area,62,2020-05,2020,0.15,2 - Medium,0.62,Finance,Series C,732,United States
Loftium,Seattle,32,2020-05,2020,0.6,4 - Critical,2.10,Real Estate,Series A,17,United States
Bookmyshow,"Mumbai, Non-U.S.",270,2020-05,2020,0.18,2 - Medium,1.01,Consumer,Unknown,224,India
Truecar,Los Angeles,219,2020-05,2020,0.3,3 - High,1.62,Transportation,Post-IPO,340,United States
Stubhub,SF Bay Area,200,2020-05,2020,,2 - Medium,,Consumer,Acquired,19,United States
Culture Amp,"Melbourne, Non-U.S.",36,2020-05,2020,0.08,1 - Low,0.29,HR,Series E,157,Australia
The Sill,New York City,20,2020-05,2020,0.25,3 - High,0.76,Retail,Series A,7,United States
Instructure,Salt Lake City,150,2020-05,2020,0.12,2 - Medium,0.60,Education,Acquired,89,United States
Ebanx,"Curitiba, Non-U.S.",62,2020-05,2020,0.08,1 - Low,0.33,Finance,Unknown,30,Brazil
Uber,Bengaluru,600,2020-05,2020,0.23,3 - High,1.47,Transportation,Post-IPO,24700,India
Bluprint,Denver,137,2020-05,2020,1,4 - Critical,4.93,Education,Acquired,108,United States
Acorns,Portland,50,2020-05,2020,,1 - Low,,Finance,Unknown,207,United States
Cardekho,"Gurugram, Non-U.S.",200,2020-05,2020,,2 - Medium,,Transportation,Series D,247,India
Teamwork,"Cork, Non-U.S.",21,2020-05,2020,,1 - Low,,Other,Unknown,,Ireland
Cvent,Washington D.C.,400,2020-05,2020,0.1,2 - Medium,0.60,Marketing,Acquired,146,United States
Pickyourtrail,"Chennai, Non-U.S.",70,2020-05,2020,0.35,3 - High,1.49,Travel,Series A,3,India
Glitch,New York City,18,2020-05,2020,0.36,3 - High,1.06,Product,Series A,30,United States
Kapten / Free Now,"Paris, Non-U.S.",,2020-05,2020,,Unknown,,Transportation,Acquired,100,France
Ola,"Bengaluru, Non-U.S.",1400,2020-05,2020,0.35,4 - Critical,2.54,Transportation,Series J,3800,India
Samsara,SF Bay Area,300,2020-05,2020,0.18,2 - Medium,1.03,Logistics,Series F,530,United States
Stay Alfred,Spokane,221,2020-05,2020,1,4 - Critical,5.40,Travel,Series B,62,United States
Sofi,SF Bay Area,112,2020-05,2020,0.07,2 - Medium,0.33,Finance,Private Equity,2500,United States
Sharechat,"Bengaluru, Non-U.S.",101,2020-05,2020,0.25,3 - High,1.16,Marketing,Series D,222,India
Intercom,SF Bay Area,39,2020-05,2020,0.06,1 - Low,0.22,Support,Series D,240,United States
Livspace,"Bengaluru, Non-U.S.",450,2020-05,2020,0.15,2 - Medium,0.92,Retail,Series D,157,India
Pollen,"London, Non-U.S.",69,2020-05,2020,0.31,3 - High,1.32,Travel,Series B,88,United Kingdom
Dotscience,"London, Non-U.S.",10,2020-05,2020,1,4 - Critical,2.40,Product,Unknown,,United Kingdom
Divvy,Salt Lake City,,2020-05,2020,,Unknown,,Finance,Series C,252,United States
Uber,SF Bay Area,3000,2020-05,2020,0.13,4 - Critical,1.04,Transportation,Post-IPO,24700,United States
Agoda,"Singapore, Non-U.S.",1500,2020-05,2020,0.25,4 - Critical,1.83,Travel,Acquired,,Singapore
Swiggy,"Bengaluru, Non-U.S.",1100,2020-05,2020,0.14,4 - Critical,0.98,Food,Series I,1600,India
Wework,"New Delhi, Non-U.S.",100,2020-05,2020,0.2,3 - High,0.92,Real Estate,Series H,19500,India
Rubrik,SF Bay Area,57,2020-05,2020,,1 - Low,,Infrastructure,Series E,553,United States
Intapp,SF Bay Area,45,2020-05,2020,0.05,1 - Low,0.19,Legal,Private Equity,,United States
Checkmarx,"Tel Aviv, Non-U.S.",,2020-05,2020,,Unknown,,Security,Acquired,92,Israel
Datera,SF Bay Area,,2020-05,2020,0.1,2 - Medium,,Infrastructure,Series C,63,United States
Magicbricks,"Noida, Non-U.S.",250,2020-05,2020,,2 - Medium,,Real Estate,Unknown,300,India
Zomato,"Gurugram, Non-U.S.",520,2020-05,2020,0.13,3 - High,0.81,Food,Series J,914,India
Lendingkart,"Ahmedabad, Non-U.S.",500,2020-05,2020,0.5,4 - Critical,3.11,Finance,Unknown,200,India
Lattice,SF Bay Area,16,2020-05,2020,0.1,2 - Medium,0.28,HR,Series C,49,United States
Masse,New York City,,2020-05,2020,1,4 - Critical,,Retail,Seed,3,United States
Cruise,SF Bay Area,150,2020-05,2020,0.08,2 - Medium,0.40,Transportation,Acquired,5300,United States
Quartz,New York City,80,2020-05,2020,0.4,3 - High,1.76,Media,Acquired,,United States
Integral Ad Science,New York City,70,2020-05,2020,0.1,2 - Medium,0.43,Marketing,Acquired,116,United States
Ridecell,SF Bay Area,35,2020-05,2020,0.15,2 - Medium,0.54,Transportation,Series B,73,United States
Veem,SF Bay Area,30,2020-05,2020,,1 - Low,,Finance,Unknown,69,United States
Sift,SF Bay Area,,2020-05,2020,,Unknown,,Security,Series D,106,United States
Ticketswap,"Amsterdam, Non-U.S.",,2020-05,2020,0.3,3 - High,,Consumer,Unknown,8,Netherlands
Workfront,Salt Lake City,,2020-05,2020,,Unknown,,Marketing,Series C,375,United States
Deliv,SF Bay Area,669,2020-05,2020,1,4 - Critical,6.51,Retail,Series C,80,United States
Mercos,"Joinville, Non-U.S.",51,2020-05,2020,0.4,3 - High,1.58,Sales,Unknown,2,Brazil
Kickstarter,New York City,25,2020-05,2020,0.18,2 - Medium,0.59,Finance,Unknown,10,United States
Intersect,"Toronto, Non-U.S.",19,2020-05,2020,0.11,2 - Medium,0.33,Product,Acquired,,Canada
Mode Analytics,SF Bay Area,17,2020-05,2020,,1 - Low,,Data,Series C,46,United States
Bettercloud,New York City,,2020-05,2020,,Unknown,,Security,Series E,111,United States
Wefit,"Hanoi, Non-U.S.",,2020-05,2020,1,4 - Critical,,Fitness,Seed,1,Vietnam
Zymergen,SF Bay Area,,2020-05,2020,0.1,2 - Medium,,Other,Series C,574,United States
Stone,"Sao Paulo, Non-U.S.",1300,2020-05,2020,0.2,4 - Critical,1.43,Finance,Post-IPO,,Brazil
Zeus Living,SF Bay Area,73,2020-05,2020,0.5,4 - Critical,2.15,Real Estate,Series B,79,United States
Mixpanel,SF Bay Area,65,2020-05,2020,0.19,2 - Medium,0.80,Data,Series B,77,United States
Hireology,Chicago,36,2020-05,2020,0.17,2 - Medium,0.61,Recruiting,Series D,52,United States
Top Hat,"Toronto, Non-U.S.",16,2020-05,2020,0.03,1 - Low,0.08,Education,Series D,104,Canada
Datto,Norwalk,,2020-05,2020,,Unknown,,Infrastructure,Acquired,100,United States
Petal,New York City,,2020-05,2020,,Unknown,,Finance,Series B,47,United States
Revolut,"London, Non-U.S.",60,2020-05,2020,0.03,1 - Low,0.12,Finance,Series D,837,United Kingdom
Cadre,New York City,28,2020-05,2020,0.25,3 - High,0.84,Real Estate,Series C,133,United States
N26,New York City,9,2020-05,2020,0.01,1 - Low,0.02,Finance,Series D,782,United States
Jump,New York City,500,2020-05,2020,1,4 - Critical,6.22,Transportation,Acquired,11,United States
Glassdoor,SF Bay Area,300,2020-05,2020,0.3,3 - High,1.71,Recruiting,Acquired,204,United States
Numbrs,"Zurich, Non-U.S.",62,2020-05,2020,0.5,4 - Critical,2.07,Finance,Series B,78,Switzerland
Flywire,Boston,60,2020-05,2020,0.12,2 - Medium,0.49,Finance,Series E,263,United States
Salesloft,Atlanta,55,2020-05,2020,,1 - Low,,Sales,Series D,145,United States
Tally,SF Bay Area,28,2020-05,2020,0.23,3 - High,0.77,Finance,Series C,92,United States
Airy Rooms,"Jakarta, Non-U.S.",,2020-05,2020,1,4 - Critical,,Travel,Unknown,,Indonesia
Uber,SF Bay Area,3700,2020-05,2020,0.14,4 - Critical,1.15,Transportation,Post-IPO,24700,United States
Validity,Boston,130,2020-05,2020,0.33,3 - High,1.61,Data,Private Equity,,United States
Flatiron School,New York City,100,2020-05,2020,,2 - Medium,,Education,Acquired,15,United States
Rubicon Project,Los Angeles,50,2020-05,2020,0.08,1 - Low,0.31,Marketing,Post-IPO,60,United States
Segment,SF Bay Area,50,2020-05,2020,0.1,2 - Medium,0.39,Data,Series D,283,United States
Opay,"Lagos, Non-U.S.",,2020-05,2020,0.7,4 - Critical,,Finance,Series B,170,Nigeria
Thoughtspot,SF Bay Area,,2020-05,2020,,Unknown,,Data,Series E,743,United States
Airbnb,SF Bay Area,1900,2020-05,2020,0.25,4 - Critical,1.89,Travel,Private Equity,5400,United States
Juul,SF Bay Area,900,2020-05,2020,0.3,3 - High,2.04,Consumer,Unknown,1500,United States
Andela,New York City,135,2020-05,2020,0.1,2 - Medium,0.49,Recruiting,Series D,181,United States
Stack Overflow,New York City,40,2020-05,2020,0.15,2 - Medium,0.56,Recruiting,Series D,68,United States
Pipedrive,"Tallinn, Non-U.S.",31,2020-05,2020,,1 - Low,,Sales,Series C,90,Estonia
Workable,Boston,25,2020-05,2020,0.1,2 - Medium,0.33,Recruiting,Series C,84,United States
Cloudera,SF Bay Area,,2020-05,2020,,Unknown,,Infrastructure,Post-IPO,1000,United States
Handshake,SF Bay Area,,2020-05,2020,,Unknown,,Recruiting,Series C,74,United States
League,"Toronto, Non-U.S.",,2020-05,2020,,Unknown,,Healthcare,Unknown,76,Canada
Curefit,"Bengaluru, Non-U.S.",800,2020-05,2020,0.16,3 - High,1.07,Fitness,Series D,404,India
Careem,"Dubai, Non-U.S.",536,2020-05,2020,0.31,3 - High,1.95,Transportation,Acquired,771,United Arab Emirates
Oriente,"Hong Kong, Non-U.S.",400,2020-05,2020,0.2,3 - High,1.20,Finance,Series B,175,Hong Kong
Veriff,"Tallinn, Non-U.S.",63,2020-05,2020,0.21,3 - High,0.87,Security,Series A,7,Estonia
Element Ai,"Montreal, Non-U.S.",62,2020-05,2020,0.15,2 - Medium,0.62,Other,Series B,257,Canada
Deputy,"Sydney, Non-U.S.",60,2020-05,2020,0.3,3 - High,1.23,HR,Series B,106,Australia
Loopio,"Toronto, Non-U.S.",11,2020-05,2020,0.08,1 - Low,0.20,Sales,Series A,11,Canada
Castlight Health,SF Bay Area,,2020-05,2020,0.13,2 - Medium,,Healthcare,Post-IPO,184,United States
Trivago,"Dusseldorf, Non-U.S.",,2020-05,2020,,Unknown,,Travel,Acquired,55,Germany
Trax,"Tel Aviv, Non-U.S.",120,2020-05,2020,0.1,2 - Medium,0.48,Retail,Series D,386,Israel
Livetiles,New York City,50,2020-05,2020,,1 - Low,,Other,Post-IPO,46,United States
Oyo,"London, Non-U.S.",150,2020-05,2020,,2 - Medium,,Travel,Series F,2400,United Kingdom
Namely,New York City,110,2020-05,2020,0.4,3 - High,1.88,HR,Series E,217,United States
Culture Trip,"London, Non-U.S.",95,2020-05,2020,0.32,3 - High,1.46,Media,Series B,102,United Kingdom
Sandbox Vr,SF Bay Area,80,2020-05,2020,0.8,4 - Critical,3.52,Consumer,Series A,82,United States
Virtudent,Boston,70,2020-05,2020,,1 - Low,,Healthcare,Series A,10,United States
Monese,"Lisbon, Non-U.S.",35,2020-05,2020,,1 - Low,,Finance,Unknown,80,Portugal
Theskimm,New York City,26,2020-05,2020,0.2,3 - High,0.66,Media,Series C,28,United States
Automatic,SF Bay Area,,2020-05,2020,1,4 - Critical,,Transportation,Acquired,24,United States
Flynote,"Bengaluru, Non-U.S.",,2020-05,2020,,Unknown,,Travel,Seed,1,India
Bullhorn,Boston,100,2020-04,2020,,2 - Medium,,Sales,Acquired,32,United States
Care.Com,Boston,81,2020-04,2020,,1 - Low,,Consumer,Acquired,156,United States
Airmap,Los Angeles,,2020-04,2020,,Unknown,,Aerospace,Unknown,75,United States
Cohesity,SF Bay Area,,2020-04,2020,,Unknown,,Data,Series E,660,United States
Fandom,SF Bay Area,,2020-04,2020,0.14,2 - Medium,,Media,Series E,145,United States
Picobrew,Seattle,,2020-04,2020,1,4 - Critical,,Food,Series A,15,United States
Lyft,SF Bay Area,982,2020-04,2020,0.17,3 - High,1.17,Transportation,Post-IPO,4900,United States
Wework,SF Bay Area,300,2020-04,2020,,2 - Medium,,Real Estate,Series H,2250,United States
Kayak / Opentable,Stamford,160,2020-04,2020,0.08,2 - Medium,0.41,Travel,Acquired,229,United States
Kitopi,New York City,124,2020-04,2020,,2 - Medium,,Food,Series B,89,United States
Lime,SF Bay Area,80,2020-04,2020,0.13,2 - Medium,0.57,Transportation,Series D,765,United States
Transfix,New York City,24,2020-04,2020,0.1,2 - Medium,0.32,Logistics,Series D,128,United States
Yoco,"Cape Town, Non-U.S.",,2020-04,2020,,Unknown,,Finance,Series B,23,South Africa
Tripadvisor,Boston,900,2020-04,2020,0.25,3 - High,1.70,Travel,Post-IPO,3,United States
Renmoney,"Lagos, Non-U.S.",391,2020-04,2020,0.5,4 - Critical,2.99,Finance,Unknown,,Nigeria
Deliveroo,"London, Non-U.S.",367,2020-04,2020,0.15,2 - Medium,0.89,Food,Series G,1500,United Kingdom
App Annie,SF Bay Area,80,2020-04,2020,0.18,2 - Medium,0.79,Data,Unknown,156,United States
Openx,Los Angeles,35,2020-04,2020,0.15,2 - Medium,0.54,Marketing,Unknown,70,United States
Payjoy,SF Bay Area,27,2020-04,2020,0.25,3 - High,0.83,Finance,Series B,71,United States
Shipsi,Los Angeles,20,2020-04,2020,0.5,4 - Critical,1.52,Retail,Seed,2,United States
Desktop Metal,Boston,,2020-04,2020,,Unknown,,Other,Series E,436,United States
Migo,SF Bay Area,,2020-04,2020,0.25,3 - High,,Finance,Series B,37,United States
Automation Anywhere,SF Bay Area,260,2020-04,2020,0.1,2 - Medium,0.56,Other,Series B,840,United States
Jetclosing,Seattle,20,2020-04,2020,0.2,3 - High,0.61,Real Estate,Series A,24,United States
Qwick,Phoenix,,2020-04,2020,0.7,4 - Critical,,Recruiting,Seed,4,United States
Oyo,"Sao Paulo, Non-U.S.",500,2020-04,2020,,3 - High,,Travel,Series F,2400,Brazil
Stoqo,"Jakarta, Non-U.S.",250,2020-04,2020,1,4 - Critical,5.53,Food,Series A,,Indonesia
Submittable,Missoula,30,2020-04,2020,0.2,3 - High,0.69,Other,Series B,17,United States
Divergent 3D,Los Angeles,57,2020-04,2020,0.36,3 - High,1.46,Transportation,Series B,88,United States
Ada Support,"Toronto, Non-U.S.",36,2020-04,2020,0.23,3 - High,0.83,Support,Series B,60,Canada
Upshow,Chicago,19,2020-04,2020,0.3,3 - High,0.90,Marketing,Series A,7,United States
Lighter Capital,Seattle,18,2020-04,2020,0.22,3 - High,0.65,Finance,Series B,15,United States
Horizn Studios,"Berlin, Non-U.S.",15,2020-04,2020,0.25,3 - High,0.69,Travel,Series B,30,Germany
Welkin Health,SF Bay Area,10,2020-04,2020,0.33,3 - High,0.79,Healthcare,Series B,29,United States
Jiobit,Chicago,6,2020-04,2020,0.21,3 - High,0.41,Consumer,Unknown,12,United States
Tutormundi,"Sao Paulo, Non-U.S.",4,2020-04,2020,1,4 - Critical,1.61,Education,Series A,2,Brazil
Cheddar,New York City,,2020-04,2020,,Unknown,,Media,Acquired,54,United States
Gocardless,"London, Non-U.S.",,2020-04,2020,,Unknown,,Finance,Series E,122,United Kingdom
Stockx,Detroit,100,2020-04,2020,0.12,2 - Medium,0.55,Retail,Series C,160,United States
Zenefits,SF Bay Area,87,2020-04,2020,0.15,2 - Medium,0.67,HR,Series C,583,United States
Sisense,New York City,80,2020-04,2020,0.09,1 - Low,0.40,Data,Series F,274,United States
Oscar Health,New York City,70,2020-04,2020,0.05,1 - Low,0.21,Healthcare,Unknown,1300,United States
Simon Data,New York City,6,2020-04,2020,,1 - Low,,Marketing,Series C,68,United States
Convoy,Seattle,,2020-04,2020,0.01,1 - Low,,Logistics,Series D,665,United States
Powerreviews,Chicago,,2020-04,2020,,Unknown,,Retail,Acquired,78,United States
Singular,SF Bay Area,,2020-04,2020,,Unknown,,Marketing,Series B,50,United States
Magic Leap,Miami,1000,2020-04,2020,0.5,4 - Critical,3.45,Consumer,Series E,2600,United States
When I Work,Minneapolis,55,2020-04,2020,0.35,3 - High,1.41,HR,Series B,24,United States
Ike,SF Bay Area,10,2020-04,2020,0.14,2 - Medium,0.34,Transportation,Series A,52,United States
Airy Rooms,"Jakarta, Non-U.S.",,2020-04,2020,0.7,4 - Critical,,Travel,Unknown,,Indonesia
Clearbit,SF Bay Area,,2020-04,2020,,Unknown,,Data,Series A,17,United States
Extrahop,Seattle,,2020-04,2020,,Unknown,,Security,Series C,61,United States
Nearmap,"Sydney, Non-U.S.",,2020-04,2020,0.1,2 - Medium,,Construction,Post-IPO,15,Australia
Swiggy,"Bengaluru, Non-U.S.",800,2020-04,2020,,3 - High,,Food,Series I,1600,India
Paytm,"New Delhi, Non-U.S.",500,2020-04,2020,,3 - High,,Finance,Unknown,2200,India
Lending Club,SF Bay Area,460,2020-04,2020,0.3,3 - High,1.84,Finance,Post-IPO,392,United States
Houzz,SF Bay Area,155,2020-04,2020,0.1,2 - Medium,0.50,Consumer,Series E,613,United States
Casper,New York City,78,2020-04,2020,0.21,3 - High,0.92,Retail,Post-IPO,339,United States
Realself,Seattle,40,2020-04,2020,0.13,2 - Medium,0.48,Healthcare,Series B,42,United States
Freshbooks,"Toronto, Non-U.S.",38,2020-04,2020,0.09,1 - Low,0.33,Finance,Series B,75,Canada
Patreon,SF Bay Area,30,2020-04,2020,0.13,2 - Medium,0.45,Media,Series D,165,United States
Lambda School,SF Bay Area,19,2020-04,2020,,1 - Low,,Education,Series B,48,United States
Politico / Protocol,Washington D.C.,13,2020-04,2020,,1 - Low,,Media,Unknown,,United States
Bringg,"Tel Aviv, Non-U.S.",10,2020-04,2020,0.1,2 - Medium,0.24,Logistics,Series D,84,Israel
Klook,"Hong Kong, Non-U.S.",300,2020-04,2020,0.15,2 - Medium,0.86,Travel,Series D,521,Hong Kong
Consensys,New York City,91,2020-04,2020,0.14,2 - Medium,0.63,Crypto,Unknown,10,United States
Gumgum,Los Angeles,90,2020-04,2020,0.25,3 - High,1.13,Marketing,Series D,58,United States
Kueski,"Guadalajara, Non-U.S.",90,2020-04,2020,0.3,3 - High,1.35,Finance,Series B,38,Mexico
Movidesk,"Blumenau, Non-U.S.",33,2020-04,2020,0.25,3 - High,0.88,Support,Seed,1,Brazil
Zum,SF Bay Area,28,2020-04,2020,,1 - Low,,Transportation,Series C,71,United States
Komodo Health,SF Bay Area,23,2020-04,2020,0.09,1 - Low,0.29,Healthcare,Series C,50,United States
Forward,SF Bay Area,10,2020-04,2020,0.03,1 - Low,0.07,Healthcare,Series C,100,United States
Hipcamp,SF Bay Area,,2020-04,2020,0.6,4 - Critical,,Travel,Series B,40.5,United States
Motif Investing,SF Bay Area,,2020-04,2020,1,4 - Critical,,Finance,Series E,126,United States
Blackbuck,"Bengaluru, Non-U.S.",200,2020-04,2020,,2 - Medium,,Logistics,Series D,293,India
Contaazul,"Joinville, Non-U.S.",140,2020-04,2020,0.35,3 - High,1.73,Education,Series D,37,Brazil
Greenhouse,New York City,120,2020-04,2020,0.28,3 - High,1.34,Recruiting,Series D,110,United States
Quintoandar,"Sao Paulo, Non-U.S.",88,2020-04,2020,0.08,1 - Low,0.36,Real Estate,Series D,335,Brazil
Loft,"Sao Paulo, Non-U.S.",47,2020-04,2020,0.1,2 - Medium,0.39,Real Estate,Series C,263,Brazil
Zilingo,"Singapore, Non-U.S.",44,2020-04,2020,0.05,1 - Low,0.19,Retail,Series D,307,Singapore
Labster,"Copenhagen, Non-U.S.",40,2020-04,2020,,1 - Low,,Education,Series B,34,Denmark
Sweetgreen,Los Angeles,35,2020-04,2020,0.1,2 - Medium,0.36,Food,Series I,478,United States
People.Ai,SF Bay Area,30,2020-04,2020,0.18,2 - Medium,0.62,Marketing,Series C,100,United States
Tor,Boston,13,2020-04,2020,0.37,3 - High,0.98,Security,Unknown,1,United States
Bitgo,SF Bay Area,,2020-04,2020,0.12,2 - Medium,,Crypto,Series B,69,United States
Dispatch,Boston,,2020-04,2020,0.38,3 - High,,Other,Series A,18,United States
Food52,New York City,,2020-04,2020,,Unknown,,Food,Acquired,96,United States
Influitive,"Toronto, Non-U.S.",,2020-04,2020,,Unknown,,Marketing,Unknown,59,Canada
Cargurus,Boston,130,2020-04,2020,0.13,2 - Medium,0.63,Transportation,Post-IPO,1,United States
Funding Societies,"Singapore, Non-U.S.",65,2020-04,2020,0.18,2 - Medium,0.75,Finance,Series B,42,Singapore
Clevertap,"Mumbai, Non-U.S.",60,2020-04,2020,0.2,3 - High,0.82,Marketing,Series C,76,India
Crowdriff,"Toronto, Non-U.S.",,2020-04,2020,,Unknown,,Marketing,Series A,11,Canada
Fullstory,Atlanta,,2020-04,2020,,Unknown,,Marketing,Series C,59,United States
Grailed,New York City,,2020-04,2020,,Unknown,,Retail,Series A,16,United States
Lumenad,Missoula,,2020-04,2020,,Unknown,,Marketing,Unknown,,United States
Purse,SF Bay Area,,2020-04,2020,1,4 - Critical,,Crypto,Seed,1,United States
Squadvoice,Columbus,,2020-04,2020,,Unknown,,Real Estate,Series A,2,United States
Opendoor,SF Bay Area,600,2020-04,2020,0.35,3 - High,2.24,Real Estate,Series E,1500,United States
Gopro,SF Bay Area,200,2020-04,2020,0.2,3 - High,1.06,Consumer,Post-IPO,288,United States
Shop101,"Mumbai, Non-U.S.",200,2020-04,2020,0.4,3 - High,2.12,Retail,Series C,19,India
Zume,SF Bay Area,200,2020-04,2020,0.67,4 - Critical,3.55,Food,Unknown,423,United States
Carta,SF Bay Area,161,2020-04,2020,0.16,2 - Medium,0.81,Finance,Series E,447,United States
Akulaku,"Jakarta, Non-U.S.",100,2020-04,2020,,2 - Medium,,Finance,Series D,160,Indonesia
Parsable,SF Bay Area,40,2020-04,2020,0.25,3 - High,0.93,HR,Series C,72,United States
Kodiak Robotics,SF Bay Area,15,2020-04,2020,0.2,3 - High,0.55,Transportation,Series A,40,United States
Tulip Retail,"Toronto, Non-U.S.",14,2020-04,2020,,1 - Low,,Retail,Series B,51,Canada
Trove Recommerce,SF Bay Area,13,2020-04,2020,,1 - Low,,Retail,Series C,34,United States
Dude Solutions,Raleigh,,2020-04,2020,0.2,3 - High,,Other,Acquired,100,United States
Sweetescape,"Jakarta, Non-U.S.",,2020-04,2020,0.3,3 - High,,Consumer,Series A,7,Indonesia
View,SF Bay Area,,2020-04,2020,,Unknown,,Energy,Series H,1800,United States
The Realreal,SF Bay Area,235,2020-04,2020,0.1,2 - Medium,0.55,Retail,Post-IPO,358,United States
Touchbistro,"Toronto, Non-U.S.",131,2020-04,2020,0.23,3 - High,1.12,Food,Series E,224,Canada
Envoy,SF Bay Area,58,2020-04,2020,0.3,3 - High,1.22,HR,Series B,59,United States
Vsco,SF Bay Area,45,2020-04,2020,0.35,3 - High,1.34,Consumer,Series B,90,United States
Skillz,SF Bay Area,21,2020-04,2020,,1 - Low,,Consumer,Series D,132,United States
Datastax,SF Bay Area,15,2020-04,2020,,1 - Low,,Data,Series E,190,United States
Xerpa,"Sao Paulo, Non-U.S.",10,2020-04,2020,,1 - Low,,HR,Unknown,5,Brazil
Aura Financial,SF Bay Area,,2020-04,2020,,Unknown,,Finance,Unknown,584,United States
Reddoorz,"Singapore, Non-U.S.",,2020-04,2020,,Unknown,,Travel,Series C,134,Singapore
Groupon,Chicago,2800,2020-04,2020,0.44,4 - Critical,3.49,Retail,Post-IPO,1400,United States
Zoox,SF Bay Area,100,2020-04,2020,0.1,2 - Medium,0.46,Transportation,Series B,955,United States
Neon,"Sao Paulo, Non-U.S.",70,2020-04,2020,0.1,2 - Medium,0.43,Finance,Series B,120,Brazil
Easypost,SF Bay Area,50,2020-04,2020,0.25,3 - High,0.98,Logistics,Series A,12,United States
Clearbanc,"Toronto, Non-U.S.",17,2020-04,2020,0.08,1 - Low,0.23,Finance,Series B,119,Canada
Meow Wolf,Santa Fe,201,2020-04,2020,,2 - Medium,,Media,Unknown,185,United States
Frontdesk,Milwaukee,35,2020-04,2020,0.16,2 - Medium,0.57,Travel,Unknown,3,United States
Beetech,"Sao Paulo, Non-U.S.",30,2020-04,2020,,1 - Low,,Finance,Series B,14,Brazil
Built In,Chicago,28,2020-04,2020,,1 - Low,,Recruiting,Series C,29,United States
Nuodb,Boston,20,2020-04,2020,0.29,3 - High,0.88,Data,Unknown,85,United States
Rhumbix,SF Bay Area,16,2020-04,2020,0.27,3 - High,0.76,Construction,Series B,35,United States
Atsu,Seattle,6,2020-04,2020,1,4 - Critical,1.95,Infrastructure,Unknown,1,United States
Geekwire,Seattle,5,2020-04,2020,0.31,3 - High,0.56,Media,Unknown,,United States
Floqast,Los Angeles,,2020-04,2020,,Unknown,,Finance,Series C,119,United States
Yelp,SF Bay Area,1000,2020-04,2020,0.17,4 - Critical,1.17,Consumer,Post-IPO,56,United States
Monzo,Las Vegas,165,2020-04,2020,,2 - Medium,,Finance,Series F,324,United States
Onetrust,Atlanta,150,2020-04,2020,0.1,2 - Medium,0.50,Legal,Series B,410,United States
Omie,"Sao Paulo, Non-U.S.",136,2020-04,2020,0.31,3 - High,1.53,Finance,Series B,26,Brazil
Domo,Salt Lake City,90,2020-04,2020,0.1,2 - Medium,0.45,Data,Post-IPO,689,United States
Matterport,SF Bay Area,90,2020-04,2020,0.34,3 - High,1.53,Data,Series D,114,United States
Clinc,Ann Arbor,40,2020-04,2020,0.32,3 - High,1.19,Support,Series B,59,United States
Mejuri,"Toronto, Non-U.S.",36,2020-04,2020,0.15,2 - Medium,0.54,Retail,Series B,28,Canada
Code42,Minneapolis,25,2020-04,2020,0.05,1 - Low,0.16,Data,Series B,137.5,United States
Lighthouse Labs,"Toronto, Non-U.S.",14,2020-04,2020,0.07,1 - Low,0.19,Education,Unknown,,Canada
Loopme,"London, Non-U.S.",8,2020-04,2020,0.04,1 - Low,0.09,Marketing,Unknown,32,United Kingdom
Ciphertrace,SF Bay Area,,2020-04,2020,,Unknown,,Crypto,Unknown,18,United States
Elliptic,"London, Non-U.S.",,2020-04,2020,0.3,3 - High,,Crypto,Series B,40,United Kingdom
Zest Ai,Los Angeles,,2020-04,2020,,Unknown,,Finance,Unknown,217,United States
Eventbrite,SF Bay Area,500,2020-04,2020,0.45,3 - High,2.80,Consumer,Post-IPO,332,United States
Meesho,"Bengaluru, Non-U.S.",200,2020-04,2020,0.28,3 - High,1.48,Retail,Series D,215,India
Scoop,SF Bay Area,92,2020-04,2020,0.33,3 - High,1.50,Transportation,Series C,95,United States
Unison,SF Bay Area,89,2020-04,2020,0.45,3 - High,2.02,Finance,Series B,40,United States
Lever,SF Bay Area,86,2020-04,2020,0.4,3 - High,1.79,Recruiting,Series C,72,United States
Unbabel,"Lisbon, Non-U.S.",80,2020-04,2020,0.35,3 - High,1.54,Support,Series C,91,Portugal
Button,New York City,48,2020-04,2020,0.35,3 - High,1.36,Marketing,Series C,64,United States
Eden / Managed By Q,New York City,40,2020-04,2020,0.4,3 - High,1.49,Real Estate,Series B,40,United States
Quantcast,SF Bay Area,30,2020-04,2020,0.05,1 - Low,0.17,Marketing,Series C,65,United States
Bvaccel,San Diego,25,2020-04,2020,0.25,3 - High,0.81,Marketing,Unknown,,United States
Videoamp,Los Angeles,21,2020-04,2020,0.1,2 - Medium,0.31,Marketing,Series C,106,United States
Kenoby,"Sao Paulo, Non-U.S.",18,2020-04,2020,0.16,2 - Medium,0.47,Recruiting,Unknown,23,Brazil
Connected,"Toronto, Non-U.S.",17,2020-04,2020,0.1,2 - Medium,0.29,Product,Unknown,,Canada
Getninjas,"Sao Paulo, Non-U.S.",11,2020-04,2020,0.1,2 - Medium,0.25,Consumer,Series B,16,Brazil
Spyce,Boston,4,2020-04,2020,0.12,2 - Medium,0.19,Food,Series A,26,United States
Creditas,"Sao Paulo, Non-U.S.",,2020-04,2020,0.06,1 - Low,,Finance,Series D,314,Brazil
Lytics,Portland,,2020-04,2020,,Unknown,,Marketing,Series C,58,United States
Reddoorz,"Singapore, Non-U.S.",,2020-04,2020,0.1,2 - Medium,,Travel,Series C,134,Singapore
Slice Labs,New York City,,2020-04,2020,,Unknown,,Finance,Series A,35,United States
Techadvance,"Lagos, Non-U.S.",,2020-04,2020,,Unknown,,Finance,Unknown,1,Nigeria
Zola,New York City,,2020-04,2020,0.2,3 - High,,Retail,Series D,140,United States
Toast,Boston,1300,2020-04,2020,0.5,4 - Critical,3.59,Food,Series F,902,United States
Ezcater,Boston,400,2020-04,2020,0.44,3 - High,2.64,Food,Series D,319,United States
Sage Therapeutics,Boston,340,2020-04,2020,0.53,4 - Critical,3.09,Healthcare,Post-IPO,438,United States
Redfin,Seattle,236,2020-04,2020,0.07,2 - Medium,0.38,Real Estate,Post-IPO,319,United States
Branch Metrics,SF Bay Area,100,2020-04,2020,0.2,3 - High,0.92,Marketing,Series E,367,United States
Newfront Insurance,SF Bay Area,94,2020-04,2020,,1 - Low,,Finance,Unknown,,United States
Ibotta,Denver,87,2020-04,2020,0.15,2 - Medium,0.67,Retail,Series D,85,United States
Virta Health,SF Bay Area,65,2020-04,2020,,1 - Low,,Healthcare,Series C,175,United States
Away,New York City,60,2020-04,2020,0.1,2 - Medium,0.41,Retail,Series D,181,United States
Mediamath,New York City,53,2020-04,2020,0.08,1 - Low,0.32,Marketing,Private Equity,607,United States
Group Nine Media,New York City,50,2020-04,2020,0.07,1 - Low,0.28,Media,Unknown,190,United States
Payfactors,Boston,46,2020-04,2020,,1 - Low,,HR,Unknown,,United States
Nav,Salt Lake City,30,2020-04,2020,,1 - Low,,Finance,Series C,99,United States
Asknicely,Portland,,2020-04,2020,,Unknown,,Support,Series A,15,United States
Rainfocus,Salt Lake City,,2020-04,2020,,Unknown,,Marketing,Private Equity,41,United States
Metromile,SF Bay Area,100,2020-04,2020,0.33,3 - High,1.52,Finance,Series E,293,United States
Rock Content,"Belo Horizonte, Non-U.S.",100,2020-04,2020,0.2,3 - High,0.92,Marketing,Series A,0.7,Brazil
Bouncex,New York City,77,2020-04,2020,0.2,3 - High,0.87,Marketing,Series B,75,United States
C6 Bank,"Sao Paulo, Non-U.S.",60,2020-04,2020,0.06,1 - Low,0.25,Finance,Unknown,,Brazil
Wordstream,Boston,26,2020-04,2020,0.1,2 - Medium,0.33,Marketing,Acquired,28,United States
Cogito,Boston,24,2020-04,2020,0.14,2 - Medium,0.45,Support,Series C,92,United States
Busbud,"Montreal, Non-U.S.",23,2020-04,2020,0.32,3 - High,1.02,Transportation,Series B,21,Canada
Borrowell,"Toronto, Non-U.S.",15,2020-04,2020,0.2,3 - High,0.55,Finance,Series B,72,Canada
Perkspot,Chicago,10,2020-04,2020,0.1,2 - Medium,0.24,HR,Private Equity,50,United States
Bitfarms,"Quebec, Non-U.S.",,2020-04,2020,,Unknown,,Crypto,Post-IPO,25,Canada
Hopper,Boston,,2020-04,2020,,Unknown,,Travel,Series D,183,United States
Mapbox,Washington D.C.,,2020-04,2020,,Unknown,,Data,Series C,227,United States
Astra,SF Bay Area,40,2020-04,2020,0.25,3 - High,0.93,Aerospace,Unknown,100,United States
Iflix,"Kuala Lumpur, Non-U.S.",50,2020-04,2020,0.12,2 - Medium,0.47,Consumer,Unknown,348,Malaysia
Gympass,"Sao Paulo, Non-U.S.",467,2020-04,2020,0.33,3 - High,2.03,Fitness,Series D,300,Brazil
Sojern,SF Bay Area,300,2020-04,2020,0.5,4 - Critical,2.85,Marketing,Series D,162,United States
Maxmilhas,"Belo Horizonte, Non-U.S.",167,2020-04,2020,0.42,3 - High,2.15,Travel,Unknown,,Brazil
Minted,SF Bay Area,147,2020-04,2020,0.37,3 - High,1.85,Retail,Series E,297,United States
Velodyne Lidar,SF Bay Area,140,2020-04,2020,,2 - Medium,,Transportation,Unknown,225,United States
Zoox,SF Bay Area,120,2020-04,2020,,2 - Medium,,Transportation,Series B,955,United States
Traveloka,"Jakarta, Non-U.S.",100,2020-04,2020,0.1,2 - Medium,0.46,Travel,Unknown,,Indonesia
Arrive Logistics,Austin,75,2020-04,2020,0.07,1 - Low,0.30,Logistics,Series B,35,United States
Salsify,Boston,60,2020-04,2020,0.13,2 - Medium,0.53,Retail,Series D,97,United States
Jetty,New York City,35,2020-04,2020,0.4,3 - High,1.43,Finance,Series B,40,United States
D2Iq,SF Bay Area,34,2020-04,2020,0.13,2 - Medium,0.46,Infrastructure,Series D,247,United States
Bustle Digital Group,New York City,24,2020-04,2020,0.08,1 - Low,0.26,Media,Series E,80,United States
Bustle Digital Group,New York City,19,2020-04,2020,,1 - Low,,Media,Series E,80,United States
Opencare,"Toronto, Non-U.S.",18,2020-04,2020,0.25,3 - High,0.74,Healthcare,Series A,24,Canada
Anagram,Los Angeles,17,2020-04,2020,,1 - Low,,Healthcare,Series A,14,United States
G/O Media Group,New York City,14,2020-04,2020,0.05,1 - Low,0.14,Media,Unknown,,United States
Dsco,Salt Lake City,12,2020-04,2020,,1 - Low,,Retail,Series A,4,United States
Tripbam,Dallas,10,2020-04,2020,0.25,3 - High,0.60,Travel,Unknown,,United States
Avantage Entertainment,Minneapolis,5,2020-04,2020,0.2,3 - High,0.36,Media,Unknown,,United States
Alegion,Austin,,2020-04,2020,,Unknown,,Data,Series A,16,United States
Allyo,SF Bay Area,,2020-04,2020,,Unknown,,HR,Series B,64,United States
Mews,"Prague, Non-U.S.",,2020-04,2020,,Unknown,,Travel,Series B,41,Czech Republic
Peoplegrove,SF Bay Area,,2020-04,2020,,Unknown,,HR,Series A,7,United States
The Muse,New York City,,2020-04,2020,,Unknown,,Recruiting,Series B,28,United States
The Wing,New York City,,2020-04,2020,0.5,4 - Critical,,Real Estate,Series C,117,United States
Mindbody,San Luis Obispo,700,2020-04,2020,0.35,3 - High,2.29,Fitness,Post-IPO,114,United States
Katerra,SF Bay Area,240,2020-04,2020,0.03,2 - Medium,0.16,Construction,Series D,1200,United States
Ritual,"Toronto, Non-U.S.",196,2020-04,2020,0.54,4 - Critical,2.85,Food,Series C,112,Canada
Classpass,New York City,154,2020-04,2020,0.22,3 - High,1.11,Fitness,Series E,549,United States
Egym,"Munich, Non-U.S.",100,2020-04,2020,0.25,3 - High,1.15,Fitness,Series D,109,Germany
Voi,"Stockholm, Non-U.S.",100,2020-04,2020,,2 - Medium,,Transportation,Series B,167,Sweden
Industrious,New York City,90,2020-04,2020,0.2,3 - High,0.90,Real Estate,Series D,222,United States
1Stdibs,New York City,70,2020-04,2020,0.17,2 - Medium,0.72,Retail,Series D,253,United States
Thirdlove,SF Bay Area,65,2020-04,2020,0.3,3 - High,1.26,Retail,Series B,68,United States
Latch,New York City,60,2020-04,2020,,1 - Low,,Security,Series B,152,United States
The Predictive Index,Boston,59,2020-04,2020,0.25,3 - High,1.02,HR,Acquired,65,United States
Shuttl,"New Delhi, Non-U.S.",40,2020-04,2020,,1 - Low,,Transportation,Series C,122,India
Jobcase,Boston,39,2020-04,2020,0.2,3 - High,0.74,Recruiting,Private Equity,118,United States
Copper,SF Bay Area,35,2020-04,2020,,1 - Low,,Marketing,Series C,102,United States
Dynamic Signal,SF Bay Area,35,2020-04,2020,0.19,2 - Medium,0.68,HR,Series E,114,United States
Fiscalnote,Washington D.C.,30,2020-04,2020,,1 - Low,,Media,Series D,50,United States
Sauce Labs,SF Bay Area,30,2020-04,2020,0.15,2 - Medium,0.52,Infrastructure,Unknown,151,United States
Humu,SF Bay Area,26,2020-04,2020,,1 - Low,,HR,Series B,40,United States
Triplelift,New York City,23,2020-04,2020,0.07,1 - Low,0.22,Marketing,Series B,16,United States
Coding Dojo,Seattle,7,2020-04,2020,0.07,1 - Low,0.15,Education,Unknown,2,United States
Instamojo,"Bengaluru, Non-U.S.",6,2020-04,2020,0.06,1 - Low,0.12,Finance,Unknown,8,India
Synergysuite,Salt Lake City,5,2020-04,2020,0.07,1 - Low,0.13,Food,Series A,6,United States
Atlanta Tech Village,Atlanta,,2020-04,2020,0.5,4 - Critical,,Real Estate,Unknown,,United States
Capillary,"Bengaluru, Non-U.S.",,2020-04,2020,,Unknown,,Retail,Private Equity,102,India
Modsy,SF Bay Area,,2020-04,2020,,Unknown,,Retail,Series C,70,United States
The Modist,"Dubai, Non-U.S.",,2020-04,2020,1,4 - Critical,,Retail,Unknown,,United Arab Emirates
Wonder,New York City,,2020-04,2020,,Unknown,,Other,Unknown,,United States
Booksy,SF Bay Area,200,2020-04,2020,,2 - Medium,,Consumer,Series B,48,United States
Flymya,"Yangon, Non-U.S.",200,2020-04,2020,0.33,3 - High,1.75,Travel,Unknown,,Myanmar
Patientpop,Los Angeles,100,2020-04,2020,0.2,3 - High,0.92,Healthcare,Series B,75,United States
Showpad,Chicago,52,2020-04,2020,0.12,2 - Medium,0.48,Marketing,Series D,159,United States
Highsnobiety,"Berlin, Non-U.S.",51,2020-04,2020,0.25,3 - High,0.99,Media,Series A,8.5,Germany
Earnin,SF Bay Area,50,2020-04,2020,0.2,3 - High,0.79,Finance,Series C,190,United States
Wonolo,SF Bay Area,46,2020-04,2020,0.13,2 - Medium,0.50,Recruiting,Series C,52,United States
Acko,"Mumbai, Non-U.S.",45,2020-04,2020,0.09,1 - Low,0.34,Finance,Unknown,143,India
Moovel,Portland,28,2020-04,2020,0.37,3 - High,1.25,Transportation,Unknown,,United States
Aqua Security,"Tel Aviv, Non-U.S.",24,2020-04,2020,0.09,1 - Low,0.29,Security,Series C,100,Israel
Crayon,Boston,20,2020-04,2020,0.2,3 - High,0.61,Marketing,Series A,16,United States
Pana,Denver,18,2020-04,2020,,1 - Low,,Travel,Series A,11,United States
Sensibill,"Toronto, Non-U.S.",17,2020-04,2020,0.2,3 - High,0.58,Finance,Series B,50,Canada
Usermind,Seattle,15,2020-04,2020,0.25,3 - High,0.69,Marketing,Series C,46,United States
Incredible Health,SF Bay Area,9,2020-04,2020,0.4,3 - High,0.92,Healthcare,Series A,15,United States
Currency,Los Angeles,,2020-04,2020,,Unknown,,Finance,Unknown,,United States
Goat Group,Los Angeles,,2020-04,2020,,Unknown,,Retail,Series D,197,United States
Le Tote,SF Bay Area,,2020-04,2020,0.5,4 - Critical,,Retail,Series C,62,United States
Levelset,New Orleans,,2020-04,2020,,Unknown,,Construction,Series C,46,United States
Pebblepost,New York City,,2020-04,2020,0.6,4 - Critical,,Marketing,Series C,81,United States
Whyhotel,Washington D.C.,,2020-04,2020,0.5,4 - Critical,,Travel,Series B,33,United States
Keeptruckin,SF Bay Area,349,2020-03,2020,0.18,2 - Medium,1.05,Logistics,Series D,227,United States
Adroll,Salt Lake City,210,2020-03,2020,0.3,3 - High,1.61,Marketing,Series C,89,United States
Rover,Seattle,194,2020-03,2020,0.41,3 - High,2.16,Consumer,Series G,310,United States
Turo,SF Bay Area,108,2020-03,2020,0.3,3 - High,1.41,Transportation,Series E,467,United States
Uship,Austin,65,2020-03,2020,0.37,3 - High,1.55,Logistics,Series D,69,United States
Skyslope,Sacramento,50,2020-03,2020,0.25,3 - High,0.98,Real Estate,Acquired,,United States
Siteimprove,Minneapolis,40,2020-03,2020,,1 - Low,,Marketing,Unknown,55,United States
Angellist,SF Bay Area,20,2020-03,2020,,1 - Low,,Recruiting,Series B,26,United States
Zenoti,Seattle,17,2020-03,2020,0.04,1 - Low,0.12,Fitness,Series C,91,United States
Dialsource,Sacramento,5,2020-03,2020,0.14,2 - Medium,0.25,Marketing,Series B,26,United States
Adara,SF Bay Area,,2020-03,2020,,Unknown,,Travel,Series C,67,United States
Claravine,Salt Lake City,,2020-03,2020,,Unknown,,Marketing,Seed,4,United States
Domio,New York City,,2020-03,2020,0.3,3 - High,,Travel,Series B,116,United States
Kazoo,Austin,,2020-03,2020,0.35,3 - High,,HR,Series A,8,United States
Snap Finance,Salt Lake City,,2020-03,2020,,Unknown,,Finance,Unknown,,United States
Zerto,Boston,,2020-03,2020,,Unknown,,Infrastructure,Series E,130,United States
Thumbtack,SF Bay Area,250,2020-03,2020,0.3,3 - High,1.66,Consumer,Series F,423,United States
Rigup,Austin,120,2020-03,2020,0.25,3 - High,1.20,Energy,Series D,423,United States
Fabhotels,"New Delhi, Non-U.S.",80,2020-03,2020,0.2,3 - High,0.88,Travel,Series B,48,India
Hibob,"Tel Aviv, Non-U.S.",70,2020-03,2020,0.3,3 - High,1.28,HR,Series A,45,Israel
Peerstreet,Los Angeles,51,2020-03,2020,0.3,3 - High,1.19,Finance,Series C,110,United States
Maven,Seattle,31,2020-03,2020,0.09,1 - Low,0.31,Media,Post-IPO,77,United States
Blume Global,SF Bay Area,30,2020-03,2020,0.1,2 - Medium,0.34,Logistics,Unknown,,United States
Catalant,Boston,30,2020-03,2020,,1 - Low,,Other,Series E,110,United States
Starship Technologies,"Tallinn, Non-U.S.",30,2020-03,2020,,1 - Low,,Transportation,Series A,82,Estonia
Loftsmart,New York City,25,2020-03,2020,0.75,4 - Critical,2.44,Real Estate,Series A,18,United States
Caliva,SF Bay Area,20,2020-03,2020,,1 - Low,,Retail,Series A,75,United States
Iris Nova,New York City,9,2020-03,2020,0.5,4 - Critical,1.15,Food,Seed,15,United States
Cuyana,SF Bay Area,,2020-03,2020,,Unknown,,Retail,Series C,31,United States
Ziprecruiter,Los Angeles,400,2020-03,2020,0.39,3 - High,2.34,Recruiting,Series B,219,United States
Amplero,Seattle,17,2020-03,2020,1,4 - Critical,2.89,Marketing,Series B,25,United States
Polarr,SF Bay Area,10,2020-03,2020,,1 - Low,,Consumer,Series A,13,United States
Traveltriangle,"Gurugram, Non-U.S.",250,2020-03,2020,0.5,4 - Critical,2.76,Travel,Series D,47,India
Wework,New York City,250,2020-03,2020,,2 - Medium,,Real Estate,Series H,2250,United States
Rent The Runway,New York City,,2020-03,2020,,Unknown,,Retail,Series F,541,United States
Oneweb,"London, Non-U.S.",451,2020-03,2020,0.85,4 - Critical,5.20,Aerospace,Unknown,3000,United Kingdom
Bird,Los Angeles,406,2020-03,2020,0.3,3 - High,1.80,Transportation,Series D,623,United States
Hooq,"Singapore, Non-U.S.",250,2020-03,2020,1,4 - Critical,5.53,Consumer,Unknown,95,Singapore
Everlane,SF Bay Area,227,2020-03,2020,,2 - Medium,,Retail,Unknown,18,United States
Datarobot,Boston,200,2020-03,2020,,2 - Medium,,Data,Series E,430,United States
Restaurant365,Los Angeles,175,2020-03,2020,,2 - Medium,,Food,Series C,127,United States
Blueground,New York City,130,2020-03,2020,0.25,3 - High,1.22,Real Estate,Series B,77,United States
Knotel,New York City,127,2020-03,2020,0.3,3 - High,1.46,Real Estate,Series C,560,United States
Getaround,SF Bay Area,100,2020-03,2020,0.25,3 - High,1.15,Transportation,Series D,403,United States
Zipcar,Boston,100,2020-03,2020,0.2,3 - High,0.92,Transportation,Acquired,107,United States
Mogo,"Vancouver, Non-U.S.",78,2020-03,2020,0.3,3 - High,1.31,Finance,Post-IPO,201,Canada
Disco,Austin,75,2020-03,2020,,1 - Low,,Legal,Series E,133,United States
Raken,San Diego,60,2020-03,2020,,1 - Low,,Construction,Series A,12,United States
Bench,"Vancouver, Non-U.S.",47,2020-03,2020,0.1,2 - Medium,0.39,Finance,Series B,49,Canada
Loft,"Sao Paulo, Non-U.S.",47,2020-03,2020,,1 - Low,,Real Estate,Series C,263,Brazil
Oh My Green,SF Bay Area,40,2020-03,2020,,1 - Low,,Food,Seed,20,United States
Bevi,Boston,30,2020-03,2020,0.2,3 - High,0.69,Food,Series C,60,United States
Textio,Seattle,30,2020-03,2020,0.2,3 - High,0.69,Recruiting,Unknown,41,United States
Opal,Portland,20,2020-03,2020,,1 - Low,,Marketing,Series B,25,United States
Thirdlove,New York City,10,2020-03,2020,,1 - Low,,Retail,Series B,68,United States
Bcredi,"Curitiba, Non-U.S.",,2020-03,2020,,Unknown,,Finance,Series A,,Brazil
Make School,SF Bay Area,,2020-03,2020,,Unknown,,Education,Unknown,,United States
Pivot3,Austin,,2020-03,2020,,Unknown,,Infrastructure,Series H,273,United States
B8Ta,SF Bay Area,250,2020-03,2020,0.5,4 - Critical,2.76,Retail,Series C,88,United States
Fareportal,"Gurugram, Non-U.S.",200,2020-03,2020,,2 - Medium,,Travel,Unknown,,India
Puppet,Portland,50,2020-03,2020,0.1,2 - Medium,0.39,Infrastructure,Series F,149,United States
Ecobee,"Toronto, Non-U.S.",47,2020-03,2020,0.1,2 - Medium,0.39,Energy,Series C,149,Canada
Passport,Charlotte,44,2020-03,2020,,1 - Low,,Transportation,Series D,123,United States
Peerspace,SF Bay Area,41,2020-03,2020,0.75,4 - Critical,2.80,Real Estate,Series B,34,United States
Gospotcheck,Denver,23,2020-03,2020,0.2,3 - High,0.64,Retail,Series B,47,United States
Consider.Co,SF Bay Area,13,2020-03,2020,1,4 - Critical,2.64,Other,Seed,5,United States
Nativo,Los Angeles,,2020-03,2020,0.4,3 - High,,Marketing,Series B,35,United States
Tripactions,SF Bay Area,300,2020-03,2020,0.25,3 - High,1.43,Travel,Series D,981,United States
Lyric,SF Bay Area,100,2020-03,2020,,2 - Medium,,Real Estate,Series B,179.1,United States
Rangle,"Toronto, Non-U.S.",78,2020-03,2020,0.3,3 - High,1.31,Product,Unknown,,Canada
O'Reilly Media,SF Bay Area,75,2020-03,2020,0.15,2 - Medium,0.65,Media,Unknown,,United States
Wanderjaunt,SF Bay Area,56,2020-03,2020,0.23,3 - High,0.93,Travel,Series B,26,United States
Outboundengine,Austin,52,2020-03,2020,0.28,3 - High,1.11,Marketing,Series C,48,United States
Wonderschool,SF Bay Area,50,2020-03,2020,0.75,4 - Critical,2.95,Education,Series A,24,United States
Overtime,New York City,30,2020-03,2020,0.23,3 - High,0.79,Media,Series B,35,United States
Jama,Portland,12,2020-03,2020,0.05,1 - Low,0.13,Product,Unknown,233,United States
Element Analytics,SF Bay Area,10,2020-03,2020,,1 - Low,,Data,Series A,22,United States
Clever Real Estate,St. Louis,,2020-03,2020,,Unknown,,Real Estate,Series A,5,United States
Clutter,Los Angeles,,2020-03,2020,0.3,3 - High,,Consumer,Series D,296,United States
Divvy Homes,SF Bay Area,,2020-03,2020,0.08,1 - Low,,Real Estate,Series B,180,United States
Universal Standard,New York City,,2020-03,2020,,Unknown,,Retail,Series A,8,United States
Sonder,SF Bay Area,400,2020-03,2020,0.33,3 - High,1.98,Travel,Series D,359,United States
Takl,Nashville,130,2020-03,2020,,2 - Medium,,Consumer,Unknown,,United States
Foodsby,Minneapolis,87,2020-03,2020,0.67,4 - Critical,3.00,Food,Series B,20,United States
Zeus Living,SF Bay Area,80,2020-03,2020,0.3,3 - High,1.32,Real Estate,Series B,79,United States
Travelbank,SF Bay Area,20,2020-03,2020,,1 - Low,,Travel,Series B,35,United States
Flowr,"Toronto, Non-U.S.",,2020-03,2020,0.25,3 - High,,Retail,Unknown,,Canada
Peerfit,Tampa Bay,,2020-03,2020,0.4,3 - High,,HR,Unknown,47,United States
Spothero,Chicago,,2020-03,2020,,Unknown,,Transportation,Series D,117,United States
Compass,New York City,375,2020-03,2020,0.15,2 - Medium,0.89,Real Estate,Series G,1600,United States
Convene,New York City,150,2020-03,2020,0.18,2 - Medium,0.90,Real Estate,Series D,280,United States
Leafly,Seattle,91,2020-03,2020,0.5,4 - Critical,2.26,Retail,Acquired,2,United States
The Guild,Austin,38,2020-03,2020,0.22,3 - High,0.81,Travel,Series B,36,United States
Drip,Salt Lake City,20,2020-03,2020,,1 - Low,,Marketing,Acquired,,United States
Graymeta,Los Angeles,20,2020-03,2020,0.4,3 - High,1.22,Data,Unknown,7,United States
Triplebyte,SF Bay Area,15,2020-03,2020,0.17,2 - Medium,0.47,Recruiting,Series B,48,United States
Ladder Life,SF Bay Area,13,2020-03,2020,0.25,3 - High,0.66,Finance,Series C,94,United States
Cabin,SF Bay Area,,2020-03,2020,0.2,3 - High,,Travel,Seed,3,United States
Eight Sleep,New York City,,2020-03,2020,0.2,3 - High,,Retail,Series C,70,United States
Zwift,Los Angeles,,2020-03,2020,,Unknown,,Fitness,Series B,164,United States
Flywheel Sports,New York City,784,2020-03,2020,0.98,4 - Critical,6.53,Fitness,Acquired,120,United States
Peek,Salt Lake City,45,2020-03,2020,,1 - Low,,Travel,Series B,39,United States
Cto.Ai,"Vancouver, Non-U.S.",30,2020-03,2020,0.5,4 - Critical,1.72,Infrastructure,Seed,7,Canada
Yonder,Austin,18,2020-03,2020,,1 - Low,,Media,Series A,16,United States
Service,Los Angeles,,2020-03,2020,1,4 - Critical,,Travel,Seed,5,United States
Vacasa,Portland,,2020-03,2020,,Unknown,,Travel,Series C,526,United States
Bounce,"Bengaluru, Non-U.S.",120,2020-03,2020,,2 - Medium,,Transportation,Series D,214,India
Ejento,SF Bay Area,84,2020-03,2020,1,4 - Critical,4.44,Recruiting,Unknown,,United States
Remote Year,Chicago,50,2020-03,2020,0.5,4 - Critical,1.97,Travel,Series B,17,United States
Lola,Boston,34,2020-03,2020,,1 - Low,,Travel,Series C,81,United States
Anyvision,"Tel Aviv, Non-U.S.",,2020-03,2020,,Unknown,,Security,Series A,74,Israel
Popin,New York City,,2020-03,2020,1,4 - Critical,,Fitness,Unknown,13,United States
Tuft & Needle,Phoenix,,2020-03,2020,,Unknown,,Retail,Acquired,,United States
Flytedesk,Boulder,4,2020-03,2020,0.2,3 - High,0.32,Marketing,Seed,4,United States
Inspirato,Denver,130,2020-03,2020,0.22,3 - High,1.07,Travel,Series C,79,United States
Help.Com,Austin,16,2020-03,2020,1,4 - Critical,2.83,Support,Seed,6,United States
Service,Los Angeles,,2020-03,2020,1,4 - Critical,,Travel,Seed,5.1,United States
Hopskipdrive,Los Angeles,8,2020-03,2020,0.1,2 - Medium,0.22,Transportation,Unknown,45,United States
Panda Squad,SF Bay Area,6,2020-03,2020,0.75,4 - Critical,1.46,Consumer,Seed,1,United States
Tamara Mellon,Los Angeles,20,2020-03,2020,0.4,3 - High,1.22,Retail,Series C,90,United States
Easypost,Salt Lake City,75,2020-03,2020,,1 - Low,,Logistics,Series A,12,United States
Meta,SF Bay Area,700,1900-01,1900,0.01,3 - High,0.07,Consumer,Post-IPO,26000,United States
